homeTeamAbbrev,teamName,win,pointsForAvg,pointsAgainstAvg,movAvg,observedDominance,scheduleStrength,scheduleStrengthRank,winRank,movRank,dominanceRank,ovr,ovrRank
HOU,Houston Cougars,0.9932683379758588,79.06225240521603,37.54082745900835,41.52142494620768,1.38755943809503,1.0726410957500017,38.0,1.0,2.0,1.0,7.287403612575569,1.0
ARIZ,Arizona Wildcats,0.973769730733519,99.25424964531136,52.54373954029294,46.71051010501842,1.249572314375447,1.04417842810654,61.0,6.0,1.0,16.0,6.643755961558787,2.0
PUR,Purdue Boilermakers,0.9814298978644382,90.41654990480185,57.12432139760425,33.292228507197606,1.3570735423158702,1.1407504405584292,2.0,3.0,8.0,2.0,6.469266100890448,3.0
CONN,UConn Huskies,0.9818941504178273,92.00095094532884,54.55826382464451,37.442687120684326,1.3119629892698486,1.0919449170981672,14.0,2.0,4.0,4.0,6.453443732323729,4.0
BYU,BYU Cougars,0.9593779015784587,91.77136726837826,53.50082490797041,38.270542360407845,1.2265274945929754,0.9621351983508095,176.0,9.0,3.0,25.0,5.852015916122914,5.0
AUB,Auburn Tigers,0.9772516248839368,85.8309104692521,58.40209980011258,27.428810669139523,1.320339115139604,1.1283597285414304,6.0,4.0,16.0,3.0,5.800406557137778,6.0
CREI,Creighton Bluejays,0.9473073351903435,90.29440642328294,58.783923892802804,31.510482530480132,1.283222003446647,1.0633920226375657,44.0,12.5,9.0,8.0,5.723394986486805,7.0
ALA,Alabama Crimson Tide,0.9231662024141133,97.65492041583803,64.19095134579298,33.46396907004505,1.2347782560652454,1.122862396898659,7.0,19.0,7.0,23.0,5.443741045375673,8.0
OSU,Ohio State Buckeyes,0.9575208913649025,79.35714803780193,55.14881297930965,24.20833505849228,1.29687316905347,1.039488729346048,67.0,10.0,23.0,6.0,5.347514027560579,9.0
OU,Oklahoma Sooners,0.9756267409470752,84.09644573859573,55.9235926137553,28.172853124840437,1.2458575318344856,1.0114965819383015,112.0,5.0,15.0,20.0,5.343006443247089,10.0
ISU,Iowa State Cyclones,0.9240947075208914,86.09254570516012,52.60566880816495,33.48687689699517,1.2086757757385913,0.9351856534320411,221.0,18.0,6.0,37.0,5.272427759420206,11.0
FAU,Florida Atlantic Owls,0.9684308263695451,82.42538476266766,59.365120701539006,23.060264061128656,1.2739200840075398,1.13025120789127,5.0,8.0,25.0,11.0,5.152703515929813,12.0
MSST,Mississippi State Bulldogs,0.9714484679665738,76.1683888451453,56.410133252528645,19.758255592616656,1.2990571601996217,1.0426502075345025,62.0,7.0,39.0,5.0,5.1049824004091215,13.0
BAY,Baylor Bears,0.8897400185701022,91.5276679309462,60.58329961973402,30.944368311212173,1.2118893313836392,1.0712221354043736,40.0,36.0,10.0,36.0,4.993503860085065,14.0
CIN,Cincinnati Bearcats,0.920844939647168,87.400777809806,53.71281325026882,33.68796455953718,1.1641661758297794,1.0086159419802276,116.0,21.0,5.0,52.0,4.973967059808374,15.0
UNM,New Mexico Lobos,0.9368616527390901,83.97942071662035,58.97671869260554,25.002702024014816,1.24273141133345,1.0665804481520629,42.0,15.0,20.0,22.0,4.96183787309024,16.0
UK,Kentucky Wildcats,0.9331476323119777,87.1497599637004,65.26629317736932,21.883466786331084,1.2760535472810346,1.073471620184079,37.0,16.0,31.0,9.0,4.957592267594977,17.0
FLA,Florida Gators,0.9055246053853295,89.71236484644668,60.165190627694834,29.54717421875184,1.2044289193453344,1.0603251328098313,46.0,32.0,12.0,39.0,4.903780318110703,18.0
COLO,Colorado Buffaloes,0.9473073351903435,87.50761800080987,59.25656169475424,28.25105630605563,1.1870837694625118,0.9692828707226661,164.0,12.5,14.0,47.0,4.848694156227674,19.0
SC,South Carolina Gamecocks,0.9324512534818942,77.35432098383308,59.314594132143405,18.03972685168967,1.275741712451696,1.0798701699295814,27.0,17.0,43.0,10.0,4.68705402469782,20.0
UNC,North Carolina Tar Heels,0.9131847725162487,84.69686264944353,63.118258481819325,21.578604167624206,1.2488473061092027,1.0962683898668757,10.0,24.0,34.0,17.0,4.680296380586257,21.0
CLEM,Clemson Tigers,0.9108635097493036,82.10269054025422,62.58559265750481,19.517097882749404,1.2664639520920864,1.1404252457790522,3.0,28.0,41.0,13.0,4.648221040572177,22.0
USU,Utah State Aggies,0.9417363045496749,82.00983717167365,59.6629186295491,22.346918542124556,1.2202086610839258,1.0820608902423101,26.0,14.0,29.0,30.0,4.643718733641581,23.0
GONZ,Gonzaga Bulldogs,0.91991643454039,85.53102983574144,60.872511669252205,24.65851816648923,1.203642624577673,1.0824597568930239,23.0,22.0,22.0,40.0,4.612536037888788,24.0
SJU,St. John's Red Storm,0.8714020427112349,83.78094214119513,58.969413268156764,24.811528873038363,1.2211418816563149,1.084498038368588,21.0,47.0,21.0,29.0,4.565142565071605,25.0
TCU,TCU Horned Frogs,0.9538068709377903,89.25685732068413,62.84582017392789,26.411037146756243,1.1594369704970242,0.941093219610508,207.0,11.0,18.0,56.0,4.558305545678998,26.0
DUKE,Duke Blue Devils,0.8883472609099351,86.0602817076572,60.600583680177714,25.459698027479483,1.19738578514074,1.0537157802503694,54.0,37.5,19.0,42.0,4.5110839017723094,27.0
SMC,Saint Mary's Gaels,0.8762766945218198,78.7414593192115,48.87954680990589,29.86191250930561,1.155441093645759,1.093717833469863,13.0,44.0,11.0,60.0,4.48854401585218,28.0
TENN,Tennessee Volunteers,0.9113277623026927,79.69742322882905,58.19533917486421,21.502084053964843,1.2171631747593488,1.0900248353445485,16.0,27.0,35.0,33.0,4.45429818719998,29.0
ILL,Illinois Fighting Illini,0.8946146703806871,81.19746263487191,57.402779509931314,23.794683124940597,1.1975995264782815,1.0321856593689644,74.0,35.0,24.0,41.0,4.4201004332792335,30.0
PITT,Pittsburgh Panthers,0.8672237697307335,85.6900890304176,56.61279704944277,29.077291980974827,1.154268009575028,1.001644966159975,126.0,48.0,13.0,61.0,4.39347319319007,31.0
UTAH,Utah Utes,0.8848653667595172,82.70656088946079,60.91526626077226,21.791294628688526,1.2174399562362086,1.077620345491743,33.0,39.0,32.0,32.0,4.380092328358538,32.0
INST,Indiana State Sycamores,0.8748839368616527,86.13486419814484,63.99288509789517,22.14197910024967,1.219142421673679,1.079150670864394,29.0,46.0,30.0,31.0,4.3796073445247155,33.0
NEV,Nevada Wolf Pack,0.9066852367688022,77.78522318159644,60.09607513568599,17.689148045910443,1.2464475885210642,1.0527682145372614,55.0,31.0,46.0,18.0,4.371425514632167,34.0
JMU,James Madison Dukes,0.918987929433612,81.78874788850354,64.04806237219769,17.740685516305845,1.2335529986080709,1.0823409287996821,25.0,23.0,45.0,24.0,4.332583739445004,35.0
MSU,Michigan State Spartans,0.9122562674094707,77.49914740472528,58.83927819709798,18.659869207627295,1.2076728808268284,1.044963941993012,60.0,25.5,42.0,38.0,4.1969617949791225,36.0
HPU,High Point Panthers,0.9122562674094707,82.89056182937497,62.937337498604315,19.95322433077066,1.1853606994521004,1.069422368921167,41.0,25.5,38.0,48.0,4.135760559138998,37.0
BUT,Butler Bulldogs,0.8823119777158774,75.12065226651539,61.20966576855102,13.910986497964373,1.2625053231793009,1.0241683231989027,94.0,40.0,61.0,14.0,4.129998935109498,38.0
PROV,Providence Friars,0.8767409470752089,73.72648150202677,59.18557878840074,14.540902713626032,1.2459117161926403,1.028771429718626,86.0,43.0,57.0,19.0,4.041291589360079,39.0
VILL,Villanova Wildcats,0.8760445682451253,77.52356143246928,56.79877908942876,20.724782343040516,1.1772155888005358,1.0792245643773641,28.0,45.0,37.0,49.0,4.002651279371822,40.0
DRKE,Drake Bulldogs,0.9069173630454967,76.19078828453789,61.83264181543026,14.35814646910763,1.2237203841947404,1.0105216971436002,115.0,30.0,58.0,27.0,3.9883586563460947,41.0
GCU,Grand Canyon Lopes,0.8962395543175488,83.62152036067192,60.624161523230775,22.997358837441148,1.140619083486054,1.0303056847955547,80.0,34.0,26.0,74.0,3.9860552273055565,42.0
KU,Kansas Jayhawks,0.8774373259052924,79.43497541986324,63.74075631628245,15.694219103580785,1.2244411135228297,1.0871492265337321,18.0,42.0,50.0,26.0,3.978614325090718,43.0
PRIN,Princeton Tigers,0.9090064995357474,76.80460659771619,66.79788083392609,10.0067257637901,1.2532483236527407,1.18107536177514,1.0,29.0,82.0,15.0,3.8943209077960974,44.0
UCF,UCF Knights,0.9034354688950789,79.94910946156872,57.340008208219295,22.60910125334943,1.1230427419732247,0.9786056862023457,152.0,33.0,28.0,87.0,3.8666312183267126,45.0
WIS,Wisconsin Badgers,0.8790622098421541,83.58669142996864,60.674411667114406,22.912279762854233,1.133037862721552,1.057254451035913,48.0,41.0,27.0,81.0,3.8666047397367613,46.0
CSU,Colorado State Rams,0.8593314763231198,81.43122638109094,71.68557831359206,9.745648067498877,1.270574260476071,1.0944346174585842,12.0,49.5,83.0,12.0,3.8128968890713617,47.0
TTU,Texas Tech Red Raiders,0.8398328690807799,77.04884968075939,60.18406171361363,16.86478796714576,1.1950718283322774,1.0109585962780474,114.0,52.0,48.0,43.0,3.7247247899264484,48.0
NU,Northwestern Wildcats,0.8883472609099351,72.60981478920625,63.39008837040449,9.219726418801763,1.2455354602771544,1.0879713895987764,17.0,37.5,86.0,21.0,3.7127813071182882,49.0
KSU,Kansas State Wildcats,0.8342618384401114,81.06844991607083,59.460471612893855,21.607978303176978,1.1440165841273129,1.077422727313871,34.0,54.0,33.0,69.0,3.6878488884170064,50.0
ORE,Oregon Ducks,0.8389043639740019,79.28182985833674,61.8874029896683,17.394426868668432,1.177133783482838,1.0855962698370578,19.0,53.0,47.0,50.0,3.6368579721616268,51.0
TA&M,Texas A&M Aggies,0.7896935933147632,87.55406766731964,60.74020877953337,26.813858887786274,1.1022159563245966,1.0408192567462027,65.0,65.0,17.0,98.0,3.6038826779375728,52.0
MASS,Massachusetts Minutemen,0.8314763231197771,78.51369876204375,65.03485471611195,13.478844045931794,1.214112962487488,1.0222171717194093,98.0,55.0,66.0,34.0,3.588732981035876,53.0
MARQ,Marquette Golden Eagles,0.8217270194986073,79.35497267387863,65.4004755653368,13.95449710854183,1.212660262698883,1.0823771702696316,24.0,58.0,60.0,35.0,3.576429213483059,54.0
LONG,Longwood Lancers,0.9229340761374187,76.98524806808976,55.49298082071392,21.492267247375842,1.075555291721021,0.9653329689543139,173.0,20.0,36.0,115.0,3.5394862945551546,55.0
HALL,Seton Hall Pirates,0.8454038997214485,81.53514454126727,63.731119553283925,17.804024987983347,1.1413222788458932,1.0298334543639516,82.0,51.0,44.0,73.0,3.446958360959809,56.0
SF,San Francisco Dons,0.7913184772516249,76.46393894686602,56.73814732396939,19.72579162289663,1.1314575615377995,1.0240279022397896,95.0,64.0,40.0,82.0,3.316908715698953,57.0
NEB,Nebraska Cornhuskers,0.7920148560817084,76.03517038760965,62.81523673092056,13.219933656689093,1.1930536312720663,1.0073157003833841,122.0,63.0,68.0,44.0,3.2853285751150767,58.0
MISS,Ole Miss Rebels,0.7966573816155988,69.0171416309795,66.91906771842335,2.0980739125561456,1.2901927817750831,1.00791286675135,118.0,62.0,148.0,7.0,3.1887700617634827,59.0
BC,Boston College Eagles,0.8131383472609099,80.5912818535265,65.68868652201282,14.90259533151368,1.1471168833984946,1.0313432724074565,78.0,59.0,55.0,65.0,3.1682200389515867,60.0
MICH,Michigan Wolverines,0.7968895078922934,83.67873094102781,69.79652296220962,13.882207978818187,1.163645538748981,1.0946734753202014,11.0,61.0,62.0,53.0,3.150250995072125,61.0
WSU,Washington State Cougars,0.7855153203342619,75.68018404976951,60.267102446029625,15.413081603739883,1.148561103585168,0.9378125093908182,213.0,69.0,54.0,64.0,3.1129912427835413,62.0
BOIS,Boise State Broncos,0.7706592386258125,75.61586220253744,61.263696139141295,14.352166063396147,1.1503845735917435,1.0790078589561132,30.0,76.0,59.0,63.0,2.9979717712398086,63.0
GMU,George Mason Patriots,0.8282265552460538,77.03648379069102,65.3338322792508,11.702651511440223,1.1450069251444257,1.0017387113990353,125.0,56.0,73.0,67.0,2.987388060306568,64.0
MINN,Minnesota Golden Gophers,0.787836583101207,79.91618094411166,64.49856438393024,15.417616560181415,1.1264791315036653,0.9542997467167185,183.0,67.0,53.0,85.0,2.972614281622368,65.0
VT,Virginia Tech Hokies,0.7448932219127206,76.84955858351901,61.26908423390101,15.580474349618001,1.1449067922575462,1.012096888848349,111.0,88.0,52.0,68.0,2.9523993079559303,66.0
MEM,Memphis Tigers,0.786908077994429,78.33606543019931,69.62215294970181,8.713912480497498,1.1915101690867316,1.1154011300893611,8.0,68.0,89.0,46.0,2.944643917920145,67.0
MIA,Miami Hurricanes,0.7295728876508821,77.55516076458808,68.82757317196028,8.727587592627799,1.221880065685467,0.9906144072963101,138.0,91.0,88.0,28.0,2.9424991270414336,68.0
SMU,SMU Mustangs,0.7734447539461468,75.20612120557537,60.34647401156559,14.859647194009781,1.1307150434056457,0.991298591422941,137.0,74.0,56.0,83.0,2.9103646477870178,69.0
WICH,Wichita State Shockers,0.7806406685236769,77.1643043327105,63.55873303618876,13.605571296521738,1.137715889459747,1.0852736719128269,20.0,71.0,64.0,77.0,2.897013729787715,70.0
SDSU,San Diego State Aztecs,0.765088207985144,73.96581910738604,65.36214023985846,8.603678867527577,1.1925249063336794,1.099277735218649,9.0,80.0,92.0,45.0,2.8646450333284283,71.0
DAY,Dayton Flyers,0.760213556174559,76.89475651018245,65.3091618451723,11.585594665010149,1.1614801088468865,1.0500111169360145,58.0,82.0,74.0,55.0,2.8435853565043376,72.0
DUQ,Duquesne Dukes,0.8254410399257195,78.17958272401957,66.73862602645755,11.440956697562015,1.1266047955925251,1.0405933169229498,66.0,57.0,75.0,84.0,2.8349014519082303,73.0
LT,Louisiana Tech Bulldogs,0.7685701021355618,75.47106701256313,59.87889889695052,15.592168115612608,1.1133689554310753,1.0318392094805255,76.0,78.0,51.0,93.0,2.8262023293563248,74.0
JOES,Saint Joseph's Hawks,0.7836583101207056,73.94648023994776,64.84717401333997,9.099306226607794,1.1712617618940453,1.01405566625746,108.0,70.0,87.0,51.0,2.8227683786714346,75.0
TEX,Texas Longhorns,0.7597493036211699,79.47333034448441,67.32078382308568,12.152546521398733,1.145903225778315,0.9970811607937893,134.0,83.0,72.0,66.0,2.7759303008332337,76.0
LIB,Liberty Flames,0.7669452181987,78.46877349662624,64.82527762154427,13.643495875081967,1.1197082055507088,1.055213729965739,51.0,79.0,63.0,89.0,2.728305212307174,77.0
APP,Appalachian State Mountaineers,0.8082636954503251,73.65243914861757,66.61557300141841,7.036866147199163,1.1554979941257897,1.0834185022932235,22.0,60.0,104.0,59.0,2.662979190363828,78.0
COFC,Charleston Cougars,0.7690343546889508,78.30939011170389,69.87218354062118,8.437206571082712,1.157136734302754,1.0787873630402085,31.0,77.0,93.0,57.0,2.6284814399602894,79.0
WAKE,Wake Forest Demon Deacons,0.7646239554317549,77.0259667563407,66.97397448063829,10.051992275702403,1.1424798082123306,1.0131535852472757,110.0,81.0,81.0,71.0,2.625198313376387,80.0
MCN,McNeese Cowboys,0.8593314763231198,75.17464710742593,64.98788744260723,10.186759664818695,1.0895557847542607,1.028467350879704,88.0,49.5,80.0,107.0,2.620999629330949,81.0
SBU,St. Bonaventure Bonnies,0.7588207985143919,78.95093541693706,62.75541632827531,16.195519088661747,1.08046114659155,1.0392182708265825,68.0,84.0,49.0,114.0,2.6103170381986716,82.0
OKST,Oklahoma State Cowboys,0.7764623955431755,75.70249979351944,63.00077053754902,12.701729255970413,1.0989666523203223,0.9809974839469984,148.0,72.0,70.0,101.0,2.5576439767345356,83.0
NCSU,NC State Wolfpack,0.7047353760445683,78.65876073251884,66.42166887640198,12.237091856116862,1.135932023046625,1.0053224038488435,123.0,100.0,71.0,79.0,2.514694146728516,84.0
VCU,VCU Rams,0.7736768802228412,76.11399679118847,64.95059533492939,11.16340145625908,1.1059974202888698,1.0518381108295816,56.0,73.0,76.0,96.0,2.4885895239926508,85.0
IU,Indiana Hoosiers,0.7089136490250696,74.8898190282891,66.27482655356269,8.614992474726407,1.163264902346251,1.078700948920038,32.0,97.0,91.0,54.0,2.463871962893603,86.0
XAV,Xavier Musketeers,0.7530176415970288,77.84356498218932,67.46218062685104,10.381384355338284,1.1195137126354948,1.073769207790693,36.0,86.0,78.0,90.0,2.450754478630529,87.0
WASH,Washington Huskies,0.7267873723305479,80.78448093887995,68.03053831912936,12.753942619750589,1.102011271855044,1.0458249981471373,59.0,93.0,69.0,99.0,2.401451612726123,88.0
SEA,Seattle U Redhawks,0.7564995357474465,70.02821842705455,63.33767188566126,6.690546541393296,1.1369251030766916,0.9997247110108428,130.0,85.0,106.0,78.0,2.3256490655234905,89.0
CSUN,Cal State Northridge Matadors,0.7732126276694521,75.33271319265306,68.53223874827948,6.800474444373577,1.1254506811297056,1.0544178254398235,52.0,75.0,105.0,86.0,2.3164506864477423,90.0
DEL,Delaware Blue Hens,0.7883008356545961,72.71144061168141,68.28361420177448,4.4278264099069276,1.141612028076887,1.0740773016558378,35.0,66.0,123.0,72.0,2.3162353545529184,91.0
SAM,Samford Bulldogs,0.728180129990715,79.6706054566987,71.63997696496143,8.03062849173726,1.1205421925528731,0.9429840018079773,204.0,92.0,96.0,88.0,2.20489582066525,92.0
HAW,Hawai'i Rainbow Warriors,0.7527855153203342,73.2972223523235,66.95233270288536,6.344889649438144,1.106947858802891,0.9481413055410332,195.0,87.0,112.0,95.0,2.0858163653864485,93.0
UNT,North Texas Mean Green,0.7253946146703807,67.36599462909207,60.94367402368799,6.422320605404082,1.1155851649255206,1.0903053586208769,15.0,94.5,111.0,92.0,2.050047007849531,94.0
PENN,Pennsylvania Quakers,0.7000928505106778,76.4678823779866,66.09820461604043,10.369677761946164,1.0871975550695,1.0075475166208043,120.0,103.0,79.0,108.0,2.039550342808303,95.0
UIC,UIC Flames,0.7435004642525535,67.82016546432766,65.48614433918365,2.3340211251440053,1.1353797952367453,1.0266373341632549,89.0,89.0,147.0,80.0,1.9666377657508294,96.0
USC,USC Trojans,0.7021819870009285,80.42088251374678,69.26466959857846,11.156212915168311,1.0670986634163673,1.02874066185266,87.0,102.0,77.0,123.0,1.9658198008667207,97.0
GT,Georgia Tech Yellow Jackets,0.6826833797585887,74.91155107315448,65.17839661235134,9.73315446080315,1.092149550753628,1.0318567770867648,75.0,108.0,84.0,104.0,1.9657454334055067,98.0
UVA,Virginia Cavaliers,0.6757195914577531,64.61150145153815,59.787033128053956,4.82446832348419,1.1396892358094628,1.002720405055956,124.0,110.0,121.0,75.0,1.9219195494926513,99.0
UNCG,UNC Greensboro Spartans,0.6840761374187558,73.74117427576002,70.8327596781694,2.908414597590621,1.151530213755077,1.0424551334909302,63.0,106.0,142.0,62.0,1.8996734356024367,100.0
UML,UMass Lowell River Hawks,0.7400185701021356,73.31454372524375,65.24020399256764,8.074339732676108,1.066014330939808,1.0002622092226825,128.0,90.0,94.0,125.0,1.8826786756642584,101.0
RUTG,Rutgers Scarlet Knights,0.6833797585886723,69.46494800180595,61.70367307186272,7.761274929943234,1.0979334777100116,1.007508991122667,121.0,107.0,99.0,102.0,1.8709210442780841,102.0
WCU,Western Carolina Catamounts,0.7079851439182915,72.96624196795806,66.41003865756113,6.556203310396924,1.0909436037660556,1.061838745155072,45.0,98.0,108.0,105.0,1.8296931317223317,103.0
UCLA,UCLA Bruins,0.6857010213556174,70.07118183753137,62.18852703181829,7.882654805713081,1.082051366445958,0.9778563129830309,154.0,105.0,97.0,112.0,1.780494718738169,104.0
UCI,UC Irvine Anteaters,0.6622562674094707,81.2721901874516,67.99601727562734,13.276172911824261,1.0387598136595622,1.0084421582578262,117.0,120.0,67.0,143.0,1.7761379163840765,105.0
SYR,Syracuse Orange,0.6655060352831941,73.61299929713017,70.80579447787049,2.807204819259681,1.1431080372532867,1.0718816755829588,39.0,119.0,144.0,70.0,1.7683711482411195,106.0
SIU,Southern Illinois Salukis,0.6973073351903436,75.0497972084269,68.3821064705887,6.6676907378382,1.083515575903016,1.0197036313844425,102.0,104.0,107.0,111.0,1.748474427539879,107.0
CAL,California Golden Bears,0.7038068709377902,77.86883923657372,70.0923043648265,7.7765348717472165,1.0681707625807422,0.9974692269063322,132.0,101.0,98.0,120.0,1.7451585596068024,108.0
WKU,Western Kentucky Hilltoppers,0.7253946146703807,72.46993178172278,69.01805409303374,3.451877688689038,1.0964991358063716,1.0415318916217533,64.0,94.5,133.0,103.0,1.7156689656605786,109.0
AKR,Akron Zips,0.7049675023212628,76.02773356500688,66.49322681946114,9.534506745545741,1.044472540316599,1.0518350968817576,57.0,99.0,85.0,139.0,1.7109530203016023,110.0
UNCW,UNC Wilmington Seahawks,0.6557567316620241,72.56493914966138,72.50991354985695,0.055025599804437775,1.1557046895425662,1.1392482376760835,4.0,122.0,169.0,58.0,1.6276458393510467,111.0
UGA,Georgia Bulldogs,0.6515784586815228,73.71717667355443,69.80256038452266,3.9146162890317697,1.1166740721719626,1.0539403307013744,53.0,125.0,128.0,91.0,1.6159028066279149,112.0
MOST,Missouri State Bears,0.669452181987001,74.66474618756018,67.08951671824578,7.575229469314408,1.064974663159186,0.9735370188194817,158.0,115.0,100.0,127.0,1.5849112375339889,113.0
COR,Cornell Big Red,0.6736304549675024,83.90624914694455,77.60495652480766,6.301292622136884,1.067924382628259,1.0565927400918231,49.0,111.0,113.0,121.0,1.5318724959632903,114.0
UNI,Northern Iowa Panthers,0.6545961002785515,77.98325050804141,71.85480335920157,6.1284471488398395,1.0718597327458008,1.0000464624611283,129.0,123.0,114.0,117.0,1.47737894141981,115.0
SFA,Stephen F. Austin Lumberjacks,0.7191272051996287,71.7403333149337,65.29095150919335,6.4493818057403445,1.0329792757664034,1.0308089730973857,79.0,96.0,109.0,149.0,1.471327528322548,116.0
UNLV,UNLV Rebels,0.637883008356546,72.11045957892107,72.063316318292,0.04714326062907048,1.139419421419978,1.059358362458633,47.0,127.0,170.0,76.0,1.4522290388287082,117.0
WEB,Weber State Wildcats,0.6682915506035283,68.60958276738509,62.99822701080117,5.611355756583919,1.0634757882184982,1.0288932593067557,85.0,117.0,118.0,129.0,1.4347175189980759,118.0
ARK,Arkansas Razorbacks,0.6216341689879294,76.30905222961155,73.07465924373379,3.2343929858777614,1.1075170008875328,1.007592807022094,119.0,131.5,138.0,94.0,1.3982840955983948,119.0
PSU,Penn State Nittany Lions,0.6360259981429898,73.04621588286426,68.6432183919343,4.4029974909299625,1.0859012092904528,0.9774654706851009,155.0,128.0,124.0,109.0,1.3854106806339836,120.0
DREX,Drexel Dragons,0.66991643454039,67.91599458635176,60.72756070379981,7.188433882551948,1.0364564112926975,0.9830407703260691,146.0,114.0,102.0,146.0,1.3672560181295164,121.0
UAB,UAB Blazers,0.6687558031569174,76.5734110129277,72.29572670012922,4.277684312798485,1.066152479101964,1.0260095836160867,90.0,116.0,125.0,124.0,1.3622174702743286,122.0
FUR,Furman Paladins,0.6822191272051996,83.83588591447212,76.33474949881614,7.501136415655978,1.0197921534795262,0.9668248500328278,169.0,109.0,101.0,152.0,1.3210247747997457,123.0
IOWA,Iowa Hawkeyes,0.6137418755803157,84.68251311409433,77.62364331388294,7.058869800211397,1.058549882470872,0.9699588791805849,163.0,135.0,103.0,132.0,1.3035258212947056,124.0
KENT,Kent State Golden Flashes,0.6573816155988857,79.69015902369442,74.71264171992834,4.977517303766078,1.050841379779098,1.0369981329616722,69.0,121.0,120.0,136.0,1.2659369618077776,125.0
PRST,Portland State Vikings,0.653899721448468,69.85608613205086,66.28031664178417,3.575769490266694,1.0594414703893715,1.0186982270151954,103.0,124.0,131.0,131.0,1.2144000157297654,126.0
TOW,Towson Tigers,0.6207056638811513,75.63902817605347,62.0488423958294,13.590185780224068,0.9652662248729944,1.013804232969286,109.0,133.0,65.0,199.0,1.1506949561060082,127.0
ECU,East Carolina Pirates,0.6390436397400185,75.504681224251,70.05991205955725,5.444769164693753,1.0372126125720618,0.9688083373916876,165.0,126.0,119.0,145.0,1.1396428319899814,128.0
CBU,California Baptist Lancers,0.6724698235840297,73.59528651585197,65.55024209551108,8.045044420340886,0.9897422158122876,0.9540765895766481,184.0,112.0,95.0,175.0,1.1203264351087714,129.0
DAV,Davidson Wildcats,0.6109563602599815,70.22634457196227,68.53887146124768,1.687473110714592,1.0813341628727309,0.9840505515619414,145.0,138.0,152.0,113.0,1.0756886462692212,130.0
CAN,Canisius Golden Griffins,0.6158310120705665,72.90554579633951,71.81401292320761,1.0915328731318965,1.0847267903678994,1.0359270175565674,72.0,134.0,156.0,110.0,1.0750720780469032,131.0
MD,Maryland Terrapins,0.6713091922005571,71.09269469092062,62.456269082586914,8.63642560833371,0.9739481591417888,0.9169123956798285,244.0,113.0,90.0,191.0,1.050366319236574,132.0
RAD,Radford Highlanders,0.612581244196843,72.81027126558901,70.33315435576803,2.477116909820978,1.0561357988680289,0.9705658365029454,162.0,136.0,146.0,133.0,0.9660509114971804,133.0
SCU,Santa Clara Broncos,0.5868152274837511,76.06368593371474,72.8281238848048,3.235562048909941,1.0552103697902646,1.0301309783837453,81.0,144.0,137.0,134.0,0.9187159526661888,134.0
GW,George Washington Revolutionaries,0.5875116063138347,74.8678763886929,72.98873961473379,1.879136773959118,1.0678411155430132,0.9117463713803869,248.0,143.0,150.0,122.0,0.912704107179316,135.0
UCSB,UC Santa Barbara Gauchos,0.6216341689879294,78.17122192710445,72.17409919369432,5.997122733410137,1.0037608944967025,0.966536613076095,170.0,131.5,115.0,164.0,0.888743378022433,136.0
BGSU,Bowling Green Falcons,0.6657381615598886,69.02183326362383,66.92891873161537,2.0929145320084643,1.006399174475214,0.957073299133062,180.0,118.0,149.0,162.0,0.7966093769700143,137.0
ILST,Illinois State Redbirds,0.611652739090065,69.35887930308812,65.22087258130954,4.138006721778581,1.0127925660409118,0.9686466343314956,167.0,137.0,126.0,157.0,0.7848817538095247,138.0
MIZ,Missouri Tigers,0.5561745589600743,72.20452248910335,73.85950027790675,-1.654977788803393,1.1000911045712096,0.9787583786271304,151.0,155.0,189.0,100.0,0.7722213953777568,139.0
UVM,Vermont Catamounts,0.6056174558960074,69.28243660887651,69.41969655802446,-0.13725994914794626,1.0502106566400098,1.0255732293782016,91.0,140.0,173.0,137.0,0.7198953030618721,140.0
WVU,West Virginia Mountaineers,0.5571030640668524,67.77782763449525,67.78291752766118,-0.005089893165930448,1.0654188868669314,1.0554242709373627,50.0,154.0,171.0,126.0,0.6555888665452311,141.0
YSU,Youngstown State Penguins,0.6274373259052924,72.91732925134593,69.86638681772433,3.0509424336216,0.9952147220066248,0.9431576556652885,203.0,129.0,140.0,170.0,0.6482897760412343,142.0
JVST,Jacksonville State Gamecocks,0.6265088207985143,68.92968017548758,62.50260947443112,6.427070701056458,0.9570357591264256,0.958709544778638,179.0,130.0,110.0,206.0,0.62065231863105,143.0
FSU,Florida State Seminoles,0.5468895078922934,74.48306982059108,75.47843284054974,-0.9953630199586598,1.0746915097471748,1.0297977708746235,84.0,162.0,181.0,116.0,0.6126167549901494,144.0
COLU,Columbia Lions,0.5793871866295265,73.79290859551332,73.28159147502141,0.5113171204919098,1.0347084153705988,0.9277392147270275,230.0,145.0,164.0,147.0,0.5648373884756619,145.0
CIT,The Citadel Bulldogs,0.6102599814298979,73.27929545720815,67.56326230474234,5.716033152465812,0.9638203714986646,0.9659321424365939,171.0,139.0,117.0,202.0,0.558282365289473,146.0
NORF,Norfolk State Spartans,0.591225626740947,71.01723808697155,72.59738822146018,-1.5801501344886333,1.048772782645741,1.0366506157573476,70.0,142.0,188.0,138.0,0.5581133057104108,147.0
STAN,Stanford Cardinal,0.5540854224698235,73.54807889538985,72.68359843072176,0.864480464668091,1.0429049892860238,0.9793282507179273,150.0,157.0,160.0,141.0,0.5527519453349696,148.0
GTWN,Georgetown Hoyas,0.5789229340761375,74.09908890495952,71.54426708954988,2.554821815409639,1.0105444105955104,0.9276129421368325,231.0,146.0,145.0,158.0,0.5413393720489436,149.0
WRST,Wright State Raiders,0.5512999071494893,81.54658165116568,78.5476598220472,2.998921829118487,1.0183223608504717,0.9863574920784106,143.0,159.0,141.0,155.0,0.5242895786742744,150.0
BRAD,Bradley Braves,0.5030176415970288,68.65031353044841,71.78341196179083,-3.133098431342418,1.104541796033824,1.064386226808227,43.0,176.0,204.0,97.0,0.5070156865215858,151.0
YALE,Yale Bulldogs,0.5591922005571031,71.09114637377866,71.22219290716193,-0.13104653338326955,1.0373127156830155,0.9893702211001131,140.0,153.0,172.0,144.0,0.4646606270645278,152.0
LSU,LSU Tigers,0.5431754874651811,69.44137177472764,71.1968985266196,-1.7555267518919635,1.0604560754774632,0.9783418439182622,153.0,165.0,191.0,130.0,0.4504131160120811,153.0
UTC,Chattanooga Mocs,0.5944753946146704,73.31565927965495,72.20959184914383,1.1060674305111178,0.9992632642761432,0.9418679031941886,206.0,141.0,155.0,167.0,0.42140483266421647,154.0
EVAN,Evansville Purple Aces,0.5707985143918292,75.22902309618259,71.82129633286398,3.407726763318607,0.9839706991482308,0.9361049243771263,220.0,149.0,135.0,182.0,0.3913915962661382,155.0
OAK,Oakland Golden Grizzlies,0.5120705663881152,73.92055511738583,73.30101321211932,0.6195419052665159,1.0393221714171852,1.029828780147652,83.0,174.5,163.0,142.0,0.3590614126129923,156.0
UTEP,UTEP Miners,0.5290157845868152,67.30614452116103,71.1645943142066,-3.8584497930455655,1.0704192769932992,1.0234173306172543,96.0,169.0,212.0,118.0,0.32080503908775027,157.0
LOU,Louisville Cardinals,0.5696378830083565,75.93841469341547,72.25473002767416,3.6836846657413105,0.9710492705763124,0.9735113461191313,159.0,150.0,130.0,194.0,0.31900976445848683,158.0
TEM,Temple Owls,0.5441039925719592,76.39540009053943,72.88224102012252,3.5131590704169042,0.9862606005273604,1.022584750844879,97.0,163.5,132.0,180.0,0.3172239591718604,159.0
TULN,Tulane Green Wave,0.5120705663881152,81.22505410060319,83.76045125436048,-2.5353971537572875,1.0639896650209093,0.9382474629543639,212.0,174.5,198.0,128.0,0.30738652219296203,160.0
USF,South Florida Bulls,0.5554781801299907,73.05559738917783,71.19664612894918,1.8589512602286504,0.9917216496406488,0.9179234867273133,243.0,156.0,151.0,174.0,0.28096518891199757,161.0
UCD,UC Davis Aggies,0.5719591457753018,71.47110604734546,70.16746730321859,1.3036387441268715,0.986554461043467,0.9333370191268623,226.0,148.0,154.0,178.0,0.26749625553165746,162.0
FOR,Fordham Rams,0.5735840297121634,73.65062848426453,70.34892787554818,3.301700608716345,0.961416609037689,0.9487176177744407,193.0,147.0,136.0,203.0,0.2418636402828852,163.0
LMU,Loyola Marymount Lions,0.5522284122562674,71.62749454154365,70.76542083775904,0.8620737037846169,0.9973481995754284,0.9602140255838986,178.0,158.0,161.0,168.0,0.23819912683869046,164.0
TOL,Toledo Rockets,0.5441039925719592,79.46035327220737,76.58702540886071,2.8733278633466597,0.9809426686610742,1.031422967221059,77.0,163.5,143.0,186.0,0.2370495863667454,165.0
OHIO,Ohio Bobcats,0.5473537604456824,73.41314945356687,74.59452531967582,-1.1813758661089508,1.0190319003987724,0.9852552358311473,144.0,161.0,184.0,153.0,0.22556654994612726,166.0
NE,Northeastern Huskies,0.5273909006499536,77.51723971449873,74.3834225826694,3.133817131829332,0.9817667874099892,0.950713525963104,189.0,170.0,139.0,184.0,0.19995165177453683,167.0
DEN,Denver Pioneers,0.5619777158774373,83.61064889845387,77.79948051495788,5.811168383495996,0.9332342312093798,0.9198724976816754,240.0,151.0,116.0,224.0,0.1830086466338191,168.0
HOF,Hofstra Pride,0.49698235840297117,73.94969132631867,75.17827532843295,-1.2285840021142747,1.03328301831864,1.024178293638258,93.0,179.5,185.0,148.0,0.13564505328484286,169.0
KENN,Kennesaw State Owls,0.5324976787372331,77.96204720942073,78.93567641493804,-0.9736292055173124,0.9996810458992992,0.9812349424378,147.0,167.0,179.0,166.0,0.05532154000682787,170.0
TLSA,Tulsa Golden Hurricane,0.5269266480965645,68.25822051138218,72.17828552087886,-3.920065009496682,1.02993461812977,0.9335377446001678,225.0,171.0,213.0,150.0,0.03556540319553311,171.0
STMN,St. Thomas-Minnesota Tommies,0.5612813370473537,66.09120226358917,69.15419146713059,-3.06298920354142,0.9971249957127348,0.9565897238997509,181.0,152.0,202.0,169.0,-0.001967724119462253,172.0
RICH,Richmond Spiders,0.49698235840297117,69.30895470477482,74.83586278430948,-5.526908079534664,1.0549692577557304,0.9529136105497024,185.0,179.5,225.0,135.0,-0.015259761230523028,173.0
HARV,Harvard Crimson,0.47121634168987925,69.44461938742364,75.4618947124288,-6.0172753250051585,1.0691101875421254,0.9942960568824526,135.0,192.0,229.0,119.0,-0.04724292238095784,174.0
PFW,Purdue Fort Wayne Mastodons,0.5415506035283194,70.9526778350932,74.6268641118159,-3.6741862767227076,1.0072105846113368,0.9444614707896364,200.0,166.0,210.0,160.0,-0.0477818477629155,175.0
WYO,Wyoming Cowboys,0.49837511606313833,72.22721852465509,74.77275881822617,-2.5455402935710794,1.0148202779787343,1.0144843070869947,107.0,178.0,199.0,156.0,-0.07508135001677682,176.0
UTA,UT Arlington Mavericks,0.48467966573816157,74.95418902668645,75.9404937397398,-0.9863047130533431,0.9937369085085624,0.9471050511436953,196.0,186.5,180.0,171.0,-0.1593179548155982,177.0
MRST,Marist Red Foxes,0.5496750232126277,65.88317304863901,66.94041809266312,-1.0572450440241141,0.9590444933737406,0.9080853346768907,256.0,160.0,182.0,205.0,-0.16251129099161168,178.0
QUIN,Quinnipiac Bobcats,0.5306406685236769,73.40850327358778,72.34149401225024,1.067009261337546,0.9412972599074448,0.9037423245610459,260.0,168.0,157.0,218.0,-0.2045169299138473,179.0
USD,San Diego Toreros,0.5157845868152274,75.43638138894141,74.52501231117256,0.9113690777688532,0.9422898784459716,0.926071488425627,233.0,173.0,159.0,216.0,-0.26252157580921837,180.0
AFA,Air Force Falcons,0.4928040854224698,66.74178781042636,70.97870978449168,-4.236921974065325,1.0072227752536391,0.937665850784331,214.0,183.0,218.0,159.0,-0.26362203753983854,181.0
UNH,New Hampshire Wildcats,0.48467966573816157,75.24951723253686,75.85836863022706,-0.6088513976902021,0.9715876120369924,0.9470863982982416,197.0,186.5,176.0,193.0,-0.2827798970921894,182.0
MONT,Montana Grizzlies,0.45473537604456826,72.23725679564485,72.80367094398129,-0.5664141483364347,0.9863951652016328,0.9990250828719961,131.0,201.0,175.0,179.0,-0.28857363945054026,183.0
BING,Binghamton Bearcats,0.48630454967502323,70.20664399338942,73.54922280974277,-3.3425788163533525,0.993561856771982,0.9515510793108982,188.0,185.0,207.0,172.0,-0.3176036769817156,184.0
WIN,Winthrop Eagles,0.48166202414113274,75.45943821751015,76.85436463017757,-1.3949264126674166,0.974719182804178,0.949528379290311,192.0,188.0,187.0,190.0,-0.32696866571231376,185.0
SPU,Saint Peter's Peacocks,0.4958217270194986,67.08607468734908,66.7715188831552,0.31455580419388696,0.947387844433612,0.9551826618995292,182.0,181.0,168.0,211.0,-0.34186475315602005,186.0
MORE,Morehead State Eagles,0.457288765088208,73.36601691070442,74.49708076432886,-1.1310638536244397,0.9749103814690392,0.9686653782368546,166.0,199.0,183.0,189.0,-0.3959205706965477,187.0
EKU,Eastern Kentucky Colonels,0.43245125348189417,72.91401189265845,76.26308612201456,-3.3490742293561055,1.0066019103408257,0.9396853892779408,210.0,209.0,208.0,161.0,-0.42552939508340254,188.0
UND,North Dakota Fighting Hawks,0.4737697307335191,71.63976137338533,73.56244987811853,-1.9226885047332019,0.966611248836356,0.9522125730856399,186.0,190.0,193.0,196.0,-0.44688714028003645,189.0
TROY,Troy Trojans,0.5027855153203342,75.37382068172546,74.35445456022128,1.0193661215041772,0.9201961144601164,0.8961793847625251,274.0,177.0,158.0,238.0,-0.4514472966999564,190.0
WOF,Wofford Terriers,0.45357474466109565,78.97125200501111,78.20268973616177,0.7685622688493368,0.946216708678228,0.9800298372096586,149.0,202.0,162.0,212.0,-0.47176015930373133,191.0
LUC,Loyola Chicago Ramblers,0.4435933147632312,70.99529972677837,73.42452415180749,-2.429224425029119,0.9802665126075852,0.9973412891195588,133.0,205.0,197.0,188.0,-0.499282196572977,192.0
ALB,UAlbany Great Danes,0.49419684308263695,74.40837540985119,74.09286967109308,0.3155057387581053,0.9246833097916172,0.9224365515347276,237.0,182.0,167.0,235.0,-0.5010218996456125,193.0
AMCC,Texas A&M-Corpus Christi Islanders,0.4556638811513464,71.31267085927024,71.6914739351799,-0.37880307590965856,0.950837646680908,0.8929749256592625,278.0,200.0,174.0,209.0,-0.512342617812505,194.0
ETSU,East Tennessee State Buccaneers,0.4735376044568245,70.32495014644245,71.13653941268872,-0.8115892662462727,0.9419810321466936,0.9070487532674765,257.0,191.0,177.0,217.0,-0.5371930076312776,195.0
MUR,Murray State Racers,0.3948467966573816,70.56500676123514,75.62945517965316,-5.064448418418024,1.0240530746107042,1.0174776715498328,105.0,221.0,224.0,151.0,-0.5628868072716622,196.0
LAS,La Salle Explorers,0.47701949860724235,69.83434947872132,76.05066253080903,-6.216313052087713,0.9892684274168112,0.9350380187855974,222.0,189.0,232.0,176.0,-0.5791105684280548,197.0
BU,Boston University Terriers,0.5218198700092851,74.15544788634654,69.64552376833848,4.509924118008058,0.8548271531066683,0.873432775340658,296.0,172.0,122.0,293.0,-0.582298994596429,198.0
SJSU,San Jos√© State Spartans,0.3630454967502322,66.43640875171462,76.57788466594492,-10.141475914230298,1.0901498148438655,1.036172187158887,71.0,229.0,268.0,106.0,-0.5832253298545583,199.0
BALL,Ball State Cardinals,0.48885793871866295,70.37166268907123,73.02407598476194,-2.6524132956907067,0.9443907840560926,0.9256549058941725,234.0,184.0,200.0,215.0,-0.5926388904643423,200.0
ASU,Arizona State Sun Devils,0.3881151346332405,67.47174002153334,74.66993862884385,-7.198198607310516,1.0442219328874929,1.0326887156057587,73.0,223.0,242.0,140.0,-0.5987385328685655,201.0
UCSD,UC San Diego Tritons,0.46819870009285053,68.61084509803608,73.19820071656093,-4.587355618524853,0.9720423815931156,0.9655656923082816,172.0,194.0,222.0,192.0,-0.6147761925262094,202.0
VAN,Vanderbilt Commodores,0.45844939647168065,71.10823511791862,72.85537710266895,-1.7471419847503284,0.9367796840929709,0.9727444030991522,160.0,198.0,190.0,220.0,-0.691821298136275,203.0
CLT,Charlotte 49ers,0.4700557103064067,69.70821577214467,71.50375498967072,-1.7955392175260556,0.9252353133604576,0.976269300401675,157.0,193.0,192.0,234.0,-0.7309868848001362,204.0
LIP,Lipscomb Bisons,0.46123491179201487,73.55404175741828,73.20088189917134,0.35315985824693996,0.9066939215289898,0.9087930670945207,255.0,197.0,166.0,253.0,-0.7395800844408585,205.0
ARMY,Army Black Knights,0.43848653667595167,65.26395762384517,66.57436290589307,-1.3104052820478955,0.9294805324292668,0.9141274291719971,245.0,206.0,186.0,229.0,-0.7833824811924799,206.0
SLU,Saint Louis Billikens,0.4032033426183844,71.37386270946253,78.43242858135642,-7.05856587189389,1.0041712532285791,1.0175388008004889,104.0,218.0,240.0,163.0,-0.8047564200080158,207.0
LBSU,Long Beach State Beach,0.4217734447539461,74.26683512059647,77.08551564693965,-2.8186805263431864,0.9497778256750256,0.9465883578215577,198.0,214.0,201.0,210.0,-0.8113389962427432,208.0
FRES,Fresno State Bulldogs,0.44986072423398327,71.34416783809701,73.7556610546982,-2.411493216601187,0.9276829906257562,0.9388295305114245,211.0,204.0,196.0,230.0,-0.8303943383683665,209.0
ARST,Arkansas State Red Wolves,0.45311049210770654,75.95423549709174,74.32367269620899,1.6305628008827568,0.8783064329500258,0.8797203405492083,292.0,203.0,153.0,279.0,-0.8724101346342601,210.0
RICE,Rice Owls,0.4361652739090065,74.99296139001773,77.16153523296154,-2.1685738429438146,0.9260628843936324,0.9376349033298592,215.0,207.0,195.0,232.0,-0.87425678345015,211.0
ORST,Oregon State Beavers,0.420380687093779,64.86963681351779,72.10926433892861,-7.239627525410825,0.984003762114796,0.9867105487820134,141.0,215.0,243.0,181.0,-0.89110340512517,212.0
ND,Notre Dame Fighting Irish,0.4187558031569174,66.57108579570503,69.78234858666094,-3.2112627909559137,0.9269033821098835,0.9497052860637958,191.0,216.0,205.0,231.0,-1.0039244311778146,213.0
LR,Little Rock Trojans,0.42664809656453107,73.80304609845206,78.03349498200406,-4.230448883552,0.9326367345524428,0.9456699508701225,199.0,211.0,217.0,226.0,-1.0070569100650495,214.0
URI,Rhode Island Rams,0.43152274837511606,71.70229404197254,75.16059668097283,-3.458302639000294,0.918721965079991,0.9365014708347018,219.0,210.0,209.0,240.0,-1.0299077465406552,215.0
MRSH,Marshall Thundering Herd,0.4103992571959146,76.39907060912593,77.28242380901517,-0.8833531998892425,0.9035160220894384,0.9648962327962489,174.0,217.0,178.0,258.0,-1.0311591619749854,216.0
MONM,Monmouth Hawks,0.40297121634168986,71.168679620334,77.85064190703213,-6.681962286698123,0.9659395998003372,0.9604211231131249,177.0,219.5,236.0,197.0,-1.0377236748173295,217.0
BRWN,Brown Bears,0.4220055710306407,71.67628317949216,71.23317314783348,0.44311003165867646,0.8824982281052515,0.9249883041229997,235.0,213.0,165.0,276.0,-1.039187799198627,218.0
UCR,UC Riverside Highlanders,0.4619312906220984,75.698152796749,71.70214885922314,3.996003937525856,0.8193408143849761,0.8633008925345017,299.0,196.0,127.0,322.0,-1.0749383917180662,219.0
UNCO,Northern Colorado Bears,0.3500464252553389,72.99593177667937,77.26765855845306,-4.271726781773694,0.9639941161054382,1.0159981949270938,106.0,236.0,219.0,201.0,-1.0762893140381622,220.0
ACU,Abilene Christian Wildcats,0.31220984215413183,69.59506487397516,77.87769391837497,-8.282629044399812,1.0185352994861592,0.9863740484743485,142.0,250.0,252.0,154.0,-1.1228227604203067,221.0
BEL,Belmont Bruins,0.38324048282265555,73.16354094788626,83.57425797975402,-10.410717031867762,0.9927791301369,0.9485486731083596,194.0,224.5,273.0,173.0,-1.1860666977888683,222.0
CLEV,Cleveland State Vikings,0.40297121634168986,71.36851282991958,77.23067057958339,-5.862157749663808,0.9353287422658606,0.9118642685260016,247.0,219.5,228.0,222.0,-1.1877251308961196,223.0
COLG,Colgate Raiders,0.3437790157845868,67.61731598066928,70.72577918299567,-3.1084632023263907,0.9357575663784828,0.9630942410859731,175.0,243.0,203.0,221.0,-1.209253459045342,224.0
NDSU,North Dakota State Bison,0.30153203342618384,70.13158439001258,75.79922304365404,-5.667638653641461,0.983520561080472,0.9897529424438758,139.0,253.0,227.0,183.0,-1.2171453007194344,225.0
GWEB,Gardner-Webb Runnin' Bulldogs,0.27483751160631387,69.04537498546162,72.25970178898139,-3.214326803519768,0.9708451930369486,0.9939877425094944,136.0,269.0,206.0,195.0,-1.2299503234416171,226.0
GAST,Georgia State Panthers,0.38324048282265555,74.76853041401786,76.8329610418329,-2.0644306278150424,0.8918237219751126,0.9035072340155865,262.0,224.5,194.0,268.0,-1.2904326072427075,227.0
IONA,Iona Gaels,0.42363045496750235,71.73537808169031,75.94094441397054,-4.2055663322802275,0.8862898699192936,0.9405881720953869,208.0,212.0,216.0,273.0,-1.3292713770350058,228.0
UNCA,UNC Asheville Bulldogs,0.35724233983286907,70.34122147886791,78.66277830250495,-8.321556823637039,0.9594376971593016,0.9506400817197725,190.0,232.0,253.0,204.0,-1.3610920441397316,229.0
LAM,Lamar Cardinals,0.467966573816156,81.37882522711496,77.9305061206418,3.448319106473164,0.7788745332559658,0.8261596197798314,336.0,195.0,134.0,339.0,-1.3641805751482479,230.0
UL,Louisiana Ragin' Cajuns,0.3584029712163417,69.38497271105332,81.11707022634424,-11.732097515290917,0.988536044713696,0.9668951736241813,168.0,231.0,282.0,177.0,-1.3963134992214934,231.0
PEPP,Pepperdine Waves,0.4336118848653667,71.31835963596795,75.43976597477989,-4.121406338811937,0.8642948167824314,0.9266607738908023,232.0,208.0,215.0,284.0,-1.4357398028296535,232.0
USM,Southern Miss Golden Eagles,0.37766945218198705,70.49141040766969,76.63247099864756,-6.141060590977872,0.9105565061486832,0.921686551452229,239.0,227.0,231.0,244.0,-1.466173377152879,233.0
UVU,Utah Valley Wolverines,0.2945682451253482,63.85106650857381,72.5776091457422,-8.726542637168393,0.9815396303157324,1.0206288137201502,100.0,259.0,255.0,185.0,-1.4674174557054425,234.0
UNA,North Alabama Lions,0.351439182915506,69.49680801128066,76.49117186881293,-6.994363857532264,0.932788743274767,0.9122150405090046,246.0,235.0,239.0,225.0,-1.470309168105739,235.0
UTSA,UTSA Roadrunners,0.35863509749303624,72.45933681651675,79.27235269922345,-6.813015882706694,0.9232092350976344,0.9021523101608611,264.0,230.0,238.0,236.0,-1.4963263592116696,236.0
TXST,Texas State Bobcats,0.3474930362116992,65.52091465644642,71.5859246094197,-6.065009952973284,0.9161640311422736,0.9342077268990086,223.0,239.5,230.0,241.0,-1.5326121543564026,237.0
MTSU,Middle Tennessee Blue Raiders,0.3463324048282265,60.04712029341707,68.16580066975784,-8.11868037634077,0.9349330937110676,1.0114924094044,113.0,241.0,249.0,223.0,-1.5521490579129749,238.0
TNST,Tennessee State Tigers,0.3170844939647168,68.90245016355058,77.81910278782077,-8.916652624270185,0.95361087290874,0.9370570999263796,216.0,249.0,257.0,208.0,-1.5874170194626762,239.0
SHSU,Sam Houston Bearkats,0.39136490250696376,66.39242660642944,73.19052953810326,-6.798102931673824,0.8911851276998333,0.8959805557663242,275.0,222.0,237.0,269.0,-1.5927142208765583,240.0
NKU,Northern Kentucky Norse,0.3660631383472609,70.78096580629008,78.72383359016726,-7.942867783877176,0.9080927597820102,0.9020452597784471,266.0,228.0,248.0,250.0,-1.6495984778674044,241.0
NIU,Northern Illinois Huskies,0.2934076137418756,75.07876253431543,84.38882956296851,-9.31006702865308,0.9561623177620476,1.0203860061241727,101.0,260.0,259.0,207.0,-1.6833711709776578,242.0
UTM,UT Martin Skyhawks,0.298050139275766,78.26144743125938,81.99256521865944,-3.731117787400052,0.8808673324039498,0.8866363780562627,285.0,256.0,211.0,277.0,-1.7890365433113076,243.0
ELON,Elon Phoenix,0.239322191272052,74.36184594321566,83.21626115351422,-8.85441521029857,0.9645086882273078,0.9397778371301047,209.0,284.0,256.0,200.0,-1.7918653972188947,244.0
CCU,Coastal Carolina Chanticleers,0.31847725162488394,73.9735229795416,81.3703546921068,-7.396831712565202,0.9053972479712288,0.9516172209514606,187.0,248.0,245.0,255.0,-1.8028064714443008,245.0
PRES,Presbyterian Blue Hose,0.34818941504178275,71.80819443577457,81.88914889377111,-10.08095445799654,0.9151317623516516,0.9091502620119515,254.0,237.0,267.0,242.0,-1.8148713597346158,246.0
HAMP,Hampton Pirates,0.24953574744661094,69.62072020845254,79.77946877515618,-10.158748566703636,0.9653409824776248,1.0016292692709285,127.0,279.0,269.0,198.0,-1.8393923748583747,247.0
HOW,Howard Bison,0.30269266480965645,73.75994097524688,81.30223117360866,-7.542290198361783,0.90944924034978,0.9237415377041556,236.0,252.0,246.0,247.0,-1.8428181993901256,248.0
CHST,Chicago State Cougars,0.35492107706592385,62.087373768674986,74.21485975009831,-12.127485981423327,0.9252986942198792,0.9220694262334308,238.0,233.0,287.0,233.0,-1.8633482886738557,249.0
MER,Mercer Bears,0.3231197771587744,68.73197791494827,77.2523084078639,-8.520330492915619,0.8943524695722751,0.8902030074192986,282.0,246.5,254.0,264.0,-1.9382569410131842,250.0
WIU,Western Illinois Leathernecks,0.3474930362116992,68.61143138848985,72.68188569562594,-4.070454307136089,0.8337188250417522,0.8404859585681618,321.0,239.5,214.0,310.0,-1.951382052240044,251.0
SCST,South Carolina State Bulldogs,0.35236768802228413,81.03694369072439,77.20930066699725,3.827643023727134,0.7411593144921321,0.7735225055587388,353.0,234.0,129.0,350.0,-2.0123563916345133,252.0
UNF,North Florida Ospreys,0.3477251624883937,70.75102785701279,82.7553000455223,-12.004272188509518,0.9054547496355396,0.9056962857969628,258.0,238.0,286.0,254.0,-2.0149577366272267,253.0
PORT,Portland Pilots,0.26764159702878365,69.86333322518288,81.1418549071563,-11.278521681973416,0.939215120951116,0.9436421174461647,202.0,272.0,277.0,219.0,-2.0275433662211584,254.0
STBK,Stony Brook Seawolves,0.276230269266481,73.86278937865431,80.50765942415472,-6.6448700455004115,0.8865400578967306,0.8894331793251552,283.0,268.0,235.0,272.0,-2.0315232270658825,255.0
ULM,UL Monroe Warhawks,0.24396471680594242,65.15919461274274,76.29787369114327,-11.138679078400529,0.9457074528832512,0.9421352700617664,205.0,282.0,276.0,213.0,-2.0599949271058824,256.0
SIUE,SIU Edwardsville Cougars,0.3231197771587744,70.58186162419612,77.04356293301974,-6.461701308823621,0.8504659267014887,0.8575702563919855,304.0,246.5,234.0,299.0,-2.092208762968594,257.0
BRY,Bryant Bulldogs,0.26648096564531104,61.02451192911901,79.67996316786963,-18.655451238750622,1.0013532983095594,0.9763993885719955,156.0,273.0,330.0,165.0,-2.122464651239903,258.0
AMER,American University Eagles,0.3414577530176416,72.77102605407113,79.19903296750917,-6.42800691343804,0.8333334379624412,0.8154379927746198,343.0,244.0,233.0,311.0,-2.1389898457763836,259.0
MTST,Montana State Bobcats,0.2541782729805014,60.607080956969014,77.05077322855755,-16.44369227158853,0.9806894742238578,0.9299063137159892,228.0,277.0,310.0,187.0,-2.15367057175662,260.0
SUU,Southern Utah Thunderbirds,0.2931754874651811,71.7051673199072,81.55286777506204,-9.847700455154836,0.8907717065882239,0.9048540760776251,259.0,261.0,264.0,270.0,-2.1629875990591767,261.0
EMU,Eastern Michigan Eagles,0.28551532033426186,66.13244182220183,79.58728376818998,-13.45484194598815,0.9231918379070236,0.93079332645131,227.0,262.5,295.0,237.0,-2.2214050443767013,262.0
IDST,Idaho State Bengals,0.27298050139275765,64.22239237780272,75.56009634049602,-11.337703962693297,0.9072325677041224,0.8973368624097541,272.0,270.0,278.0,252.0,-2.2282298028601533,263.0
SDAK,South Dakota Coyotes,0.2978180129990715,69.54841245841203,81.3668558126301,-11.818443354218076,0.8972368061292607,0.8973006053649508,273.0,257.0,284.0,261.0,-2.2388053868343163,264.0
SAC,Sacramento State Hornets,0.308727948003714,72.10782227551894,76.8415173261524,-4.733695050633457,0.8161101877357906,0.8469372621658394,313.0,251.0,223.0,324.0,-2.2569264886026597,265.0
TAR,Tarleton State Texans,0.24210770659238628,65.39783410139432,75.28280075382368,-9.884966652429355,0.9041500561713386,0.9021520817086185,265.0,283.0,265.0,257.0,-2.260643584047176,266.0
RID,Rider Broncs,0.2964252553389044,72.80616577287891,78.37811551950732,-5.571949746628405,0.8297802657993628,0.818904366351183,340.0,258.0,226.0,315.0,-2.2672717387327808,267.0
W&M,William & Mary Tribe,0.3008356545961003,75.5996886809319,82.74779661969097,-7.148107938759068,0.8429864564651988,0.8415769580684274,319.0,254.0,241.0,304.0,-2.2711131963811093,268.0
CSUB,Cal State Bakersfield Roadrunners,0.33356545961002787,74.1515935493412,78.57345874859539,-4.421865199254185,0.7957036599074048,0.8318652284624042,329.0,245.0,220.0,333.0,-2.2829769757854423,269.0
RMU,Robert Morris Colonials,0.26230269266480966,68.78026467593611,76.92659630295685,-8.146331627020743,0.8657251932108467,0.9011893340112745,267.0,274.0,250.0,283.0,-2.3265237248602246,270.0
EIU,Eastern Illinois Panthers,0.2725162488393686,65.17588883149591,74.66120379958133,-9.485314968085419,0.8686070155869096,0.8397890446994504,322.0,271.0,261.0,282.0,-2.3626073288071066,271.0
NAVY,Navy Midshipmen,0.3779015784586815,67.44888403079229,71.87610637462925,-4.427222343836959,0.7553536175350909,0.7865615152440353,349.0,226.0,221.0,345.0,-2.3948506263405607,272.0
SHU,Sacred Heart Pioneers,0.27808727948003714,69.16151853203542,83.43552412982406,-14.274005597788644,0.9089344096839204,0.903639930835692,261.0,267.0,299.0,248.0,-2.4013239369029744,273.0
MSM,Mount St. Mary's Mountaineers,0.3449396471680594,66.77837845546475,78.94764589720094,-12.169267441736196,0.8510604506914383,0.8305299289746938,332.0,242.0,288.0,298.0,-2.403808927149159,274.0
CSUF,Cal State Fullerton Titans,0.2193593314763231,64.10385485763001,73.9087889513366,-9.804934093706592,0.8898465320807336,0.909174964345576,253.0,289.0,263.0,271.0,-2.4342952400532365,275.0
UIW,Incarnate Word Cardinals,0.23351903435468893,70.75599379673373,81.15033220073218,-10.394338403998447,0.885310351330255,0.9003412285853976,268.0,287.0,272.0,274.0,-2.454289666432143,276.0
USA,South Alabama Jaguars,0.2787836583101207,63.57056370703661,82.57466512269733,-19.004101415660713,0.9444194278019158,0.8979863353516657,271.0,265.0,332.0,214.0,-2.4863868089398595,277.0
VAL,Valparaiso Beacons,0.2363045496750232,62.01008492846744,77.94507195988112,-15.934987031413677,0.9315665699104,0.94380658712215,201.0,285.5,305.0,227.0,-2.515102279870245,278.0
QUOC,Queens University Royals,0.2801764159702878,73.73814667900024,82.95929545820438,-9.221148779204142,0.837094107274092,0.9092597702103921,251.0,264.0,258.0,307.0,-2.529325267925529,279.0
JAX,Jacksonville Dolphins,0.21982358402971217,70.67135473781293,78.02037195992973,-7.3490172221167995,0.8502205959833217,0.8585321753413314,303.0,288.0,244.0,300.0,-2.530305908766435,280.0
DSU,Delaware State Hornets,0.2578922934076137,67.33022928631922,75.50703963206657,-8.176810345747342,0.8296055205588531,0.8686228506648004,297.0,276.0,251.0,317.0,-2.588561011030859,281.0
FAIR,Fairfield Stags,0.29874651810584957,70.16482039634815,79.51759791188275,-9.352777515534598,0.8102155769448084,0.8373193587375979,324.0,255.0,260.0,328.0,-2.652515067359113,282.0
ME,Maine Black Bears,0.28551532033426186,59.8240357006883,77.71665885121665,-17.89262315052835,0.894357230243674,0.8805587115521293,289.0,262.5,324.0,263.0,-2.7231231455216345,283.0
LEH,Lehigh Mountain Hawks,0.18384401114206128,72.86635542979964,83.17627445697485,-10.309919027175212,0.8694339489482866,0.8787574263846946,293.0,303.0,270.0,281.0,-2.7360271972650825,284.0
CAM,Campbell Fighting Camels,0.2511606313834726,56.359599005864354,74.72247778313996,-18.36287877727561,0.9110107780238664,0.8783337407843642,294.0,278.0,326.0,243.0,-2.7679319169399172,285.0
FIU,Florida International Panthers,0.21866295264623956,67.34838321194235,84.00902125056973,-16.660638038627383,0.9032257104878988,0.8982887412316596,270.0,290.0,314.0,259.0,-2.8207414448547867,286.0
GB,Green Bay Phoenix,0.17316620241411326,59.86269873966024,74.76963660296123,-14.906937863300989,0.907385426692126,0.8994019846780965,269.0,309.0,300.0,251.0,-2.8365265221611757,287.0
CMU,Central Michigan Chippewas,0.21332404828226553,69.33522513056647,81.27420114404937,-11.9389760134829,0.8549651090044412,0.8489513557489214,310.0,292.0,285.0,291.0,-2.839391672378239,288.0
FGCU,Florida Gulf Coast Eagles,0.16063138347260908,67.86253241197637,78.4816179812156,-10.619085569239232,0.8625779997082152,0.9338944650711476,224.0,314.0,274.0,287.0,-2.8879954295014407,289.0
CCSU,Central Connecticut Blue Devils,0.2783194057567317,67.64539177242945,81.82452057890784,-14.179128806478388,0.8354464075449928,0.845809832375701,315.0,266.0,298.0,308.0,-2.89018009376478,290.0
WMU,Western Michigan Broncos,0.25974930362116994,65.45535040508953,76.28443171984071,-10.829081314751178,0.8101455054533291,0.8755027666595183,295.0,275.0,275.0,329.0,-2.8967113260933344,291.0
BCU,Bethune-Cookman Wildcats,0.19730733519034355,65.8783878396109,78.125257467397,-12.246869627786111,0.8561608906568162,0.8622284014206841,301.0,293.0,289.0,290.0,-2.910771146142536,292.0
L-MD,Loyola Maryland Greyhounds,0.19684308263695452,64.48136275233489,74.8639724341331,-10.382609681798215,0.8353865218310179,0.8506654547882196,308.0,294.0,271.0,309.0,-2.9237789195106116,293.0
DART,Dartmouth Big Green,0.17386258124419685,58.26254135339819,75.90541580391641,-17.64287445051822,0.919199512385085,0.9366670663767719,218.0,308.0,322.0,239.0,-2.9434856986622604,294.0
KC,Kansas City Roos,0.24419684308263698,69.72425190626083,79.38318507438139,-9.658933168120555,0.7993013537208723,0.8165114956788921,342.0,280.5,262.0,332.0,-2.945461848631302,295.0
OMA,Omaha Mavericks,0.1819870009285051,66.27632841874048,78.064972709302,-11.788644290561521,0.851515429937297,0.8454270914837158,316.0,304.0,283.0,297.0,-2.966068970763616,296.0
EWU,Eastern Washington Eagles,0.13347260909935005,71.1163048986653,84.59460231638809,-13.478297417722786,0.8929530238071504,0.8929530238071504,279.0,321.0,296.0,265.0,-2.9792801488411866,297.0
NCCU,North Carolina Central Eagles,0.19196843082636955,68.49751213324566,81.8490414927492,-13.35152935950353,0.8572875435206392,0.881890992088687,287.0,297.5,292.0,288.0,-2.998966518437509,298.0
ODU,Old Dominion Monarchs,0.17850510677808726,70.72304645445602,84.10072138912358,-13.377674934667553,0.8640192725497011,1.021656399235263,99.0,306.0,294.0,285.0,-3.0041999245382254,299.0
UPST,South Carolina Upstate Spartans,0.14415041782729804,63.80502884665943,80.0630991274569,-16.25807028079746,0.909657729568784,0.9367886486215626,217.0,318.0,308.0,246.0,-3.020004139261452,300.0
ORU,Oral Roberts Golden Eagles,0.17618384401114207,66.2682884532971,84.661658777797,-18.393370324499898,0.91029567317213,0.9105303508255559,249.0,307.0,327.0,245.0,-3.047102958675021,301.0
MRMK,Merrimack Warriors,0.16620241411327763,60.07356253888821,80.0386289462233,-19.965066407335087,0.9306350545708212,0.9282121471792735,229.0,311.0,337.0,228.0,-3.054720672349404,302.0
FDU,Fairleigh Dickinson Knights,0.1875580315691736,75.40875707186571,86.93461987916527,-11.52586280729956,0.8304948347808317,0.859636025108924,302.0,302.0,280.0,314.0,-3.0696138345786035,303.0
WAG,Wagner Seahawks,0.19452181987000927,60.09413074663288,73.44988238155798,-13.355751634925106,0.8440323182695402,0.8447019987516863,317.0,296.0,293.0,302.0,-3.079499692850299,304.0
STET,Stetson Hatters,0.18895078922934075,66.32763667559176,84.49108251918788,-18.163445843596122,0.8951813710041947,0.8805254781334856,290.0,299.0,325.0,262.0,-3.086908201354067,305.0
CP,Cal Poly Mustangs,0.18012999071494895,65.25917995507668,75.2161174483176,-9.956937493240929,0.8129786294600405,0.8489497549335124,311.0,305.0,266.0,327.0,-3.106334873986877,306.0
UMBC,UMBC Retrievers,0.24419684308263698,65.75742364649692,88.02723849607749,-22.26981484958057,0.8989147151206716,0.9022602553596409,263.0,280.5,344.0,260.0,-3.145176816642726,307.0
UTU,Utah Tech Trailblazers,0.17038068709377902,66.19849155757947,77.91602597235818,-11.717534414778711,0.8264482091468976,0.8532841590973798,305.0,310.0,281.0,319.0,-3.1725692064228896,308.0
VMI,VMI Keydets,0.14090064995357476,65.45762394820265,77.87729068390595,-12.419666735703302,0.8434024201790529,0.8495684561746515,309.0,319.0,290.0,303.0,-3.2136891435003827,309.0
APSU,Austin Peay Governors,0.16457753017641596,58.91241919480094,74.85480213131719,-15.942382936516246,0.8638853194039621,0.8950310748078817,276.0,313.0,306.0,286.0,-3.233096543362322,310.0
BELL,Bellarmine Knights,0.12209842154131849,61.47184476849691,78.11988272446511,-16.648037955968206,0.8921620396934627,0.9096177398164972,250.0,324.0,312.0,267.0,-3.2451978105719452,311.0
DEP,DePaul Blue Demons,0.14972144846796656,67.53089843910014,83.83617516957587,-16.305276730475725,0.870609377124381,1.0252608507470187,92.0,317.0,309.0,280.0,-3.2667344243500502,312.0
MILW,Milwaukee Panthers,0.1882544103992572,73.71871592298133,86.37225452839338,-12.653538605412052,0.8034945971675661,0.8341896491595653,326.0,300.5,291.0,331.0,-3.327428062618829,313.0
MAN,Manhattan Jaspers,0.1309192200557103,65.7549335844378,80.81636597549198,-15.061432391054183,0.8548514225927011,0.8517239159579086,307.0,323.0,302.0,292.0,-3.3553690863424723,314.0
IDHO,Idaho Vandals,0.19521819870009283,63.246364707183645,81.69254893914588,-18.446184231962235,0.8532251476943905,0.8938119949290204,277.0,295.0,328.0,294.0,-3.367040513892802,315.0
JKST,Jackson State Tigers,0.16527390900649955,71.85303413266843,86.8420455612176,-14.989011428549176,0.8249702182375541,0.8204749254082877,339.0,312.0,301.0,320.0,-3.4274078914539485,316.0
NICH,Nicholls Colonels,0.0935468895078923,66.83937872049816,84.5043054098632,-17.664926689365046,0.8833876000023123,0.8852681508807838,286.0,330.0,323.0,275.0,-3.4784656601087938,317.0
SIE,Siena Saints,0.2363045496750232,69.25726799428024,77.1965917987346,-7.939323804454361,0.7006274615609869,0.8010204283331634,345.0,285.5,247.0,358.0,-3.5215000267068164,318.0
CHSO,Charleston Southern Buccaneers,0.09099350046425254,61.565303708396506,82.6900919481956,-21.124788239799095,0.9081743969561518,0.8920499099043722,281.0,331.0,341.0,249.0,-3.5597000417082887,319.0
M-OH,Miami (OH) RedHawks,0.19196843082636955,65.54102179124162,86.53614459360446,-20.995122802362843,0.8474026834369119,0.8429395620700014,318.0,297.5,340.0,301.0,-3.5944906155412495,320.0
SELA,SE Louisiana Lions,0.15691736304549675,67.48075818608994,84.13879920292514,-16.6580410168352,0.8177664356408372,0.8212123283855434,337.0,316.0,313.0,323.0,-3.621857419704031,321.0
NIA,Niagara Purple Eagles,0.21494893221912723,65.92920739844818,85.4486877454439,-19.51948034699572,0.8094243190806252,0.8685254790635899,298.0,291.0,334.0,330.0,-3.665435076424587,322.0
BUFF,Buffalo Bulls,0.1882544103992572,70.97900327491224,82.48169061527133,-11.502687340359088,0.7392373458512288,0.8387298620088043,323.0,300.5,279.0,352.0,-3.681741371285656,323.0
LEM,Le Moyne Dolphins,0.07520891364902507,66.60839135404831,83.70920473742197,-17.100813383373662,0.8561903075934578,0.8624912280726205,300.0,337.5,317.0,289.0,-3.6896869346993446,324.0
ALST,Alabama State Hornets,0.15761374187558033,67.77542415990509,81.29342200453534,-13.517997844630258,0.7738268802341188,0.8300868749239877,333.0,315.0,297.0,341.0,-3.69882821864487,325.0
USI,Southern Indiana Screaming Eagles,0.08704735376044569,60.55271336298704,77.05247371015074,-16.499760347163694,0.8405459735633234,0.8869093660762634,284.0,332.0,311.0,305.0,-3.710768672530168,326.0
TNTC,Tennessee Tech Golden Eagles,0.056406685236768804,62.950176411229506,81.85953725062342,-18.909360839393912,0.880205980837985,0.9091868134435707,252.0,348.0,331.0,278.0,-3.7208911276618606,327.0
NAU,Northern Arizona Lumberjacks,0.1381151346332405,60.537383561325576,85.28705436425028,-24.749670802924705,0.8921683082893405,0.8922516220932789,280.0,320.0,353.0,266.0,-3.7474588961466977,328.0
BUCK,Bucknell Bison,0.11884865366759516,65.31720555694112,83.93166120254801,-18.614455645606895,0.8297223365284397,0.9181453163509143,242.0,325.0,329.0,316.0,-3.8146846447144616,329.0
CARK,Central Arkansas Bears,0.13324048282265552,65.09416365734174,84.4599325145345,-19.365768857192762,0.8153547871854866,0.8327243850127789,328.0,322.0,333.0,325.0,-3.9114278074106847,330.0
NMSU,New Mexico State Aggies,0.012534818941504178,63.621038052816644,86.33711644899854,-22.7160783961819,0.9046057567692568,0.9712169864237716,161.0,359.0,346.0,256.0,-3.9787569301930494,331.0
HC,Holy Cross Crusaders,0.08217270194986072,67.52052720785464,82.93612697348767,-15.415599765633033,0.7837186857700776,0.8315705895185806,330.0,333.0,303.0,336.0,-4.037220537557165,332.0
PV,Prairie View A&M Panthers,0.09540389972144847,68.64445070115492,84.7321348731716,-16.08768417201668,0.7819192662141472,0.792913495790792,348.0,328.0,307.0,337.0,-4.047824674683854,333.0
LAF,Lafayette Leopards,0.07636954503249768,57.125343111010885,80.51495447535316,-23.38961136434228,0.8515790503140505,0.919123671175441,241.0,336.0,349.0,296.0,-4.151661768976324,334.0
UNO,New Orleans Privateers,0.053156917363045494,64.00830184996516,86.52079061913322,-22.51248876916806,0.852123179823482,0.852123179823482,306.0,350.0,345.0,295.0,-4.171591838749451,335.0
SOU,Southern Jaguars,0.07288765088207985,65.89942413232141,87.47814305712743,-21.57871892480601,0.8311050456919296,0.8297711846868203,334.0,339.0,342.0,313.0,-4.17728980254974,336.0
TXSO,Texas Southern Tigers,0.06128133704735376,69.11969439740602,86.43955389121324,-17.319859493807215,0.7925341494418968,0.8370264628437827,325.0,346.0,320.0,334.0,-4.1852779729257925,337.0
TAMC,Texas A&M-Commerce Lions,0.06499535747446611,62.4819269974334,82.99901869595685,-20.51709169852345,0.8224816101312054,0.8414115520304634,320.0,343.5,339.0,321.0,-4.190737961993035,338.0
LIN,Lindenwood Lions,0.10631383472609099,65.14497859254689,82.25558517331612,-17.11060658076923,0.7615834162602662,0.77184168929499,354.0,327.0,318.0,344.0,-4.216303486501683,339.0
GASO,Georgia Southern Eagles,0.04851439182915506,70.42122465161789,87.12333084772476,-16.702106196106868,0.7853709299809551,0.8459293142484202,314.0,351.0,315.0,335.0,-4.23727117584005,340.0
DETM,Detroit Mercy Titans,0.0584958217270195,63.236162702073095,80.33108392917836,-17.094921227105267,0.7818214191079282,0.8286081304459714,335.0,347.0,316.0,338.0,-4.252173764499304,341.0
RGV,UT Rio Grande Valley Vaqueros,0.06499535747446611,65.61232929611776,88.43780656987192,-22.82547727375416,0.8332825830517702,0.8802741244479378,291.0,343.5,347.0,312.0,-4.277489822189741,342.0
SFPA,St. Francis (PA) Red Flash,0.11675951717734447,62.633629267954454,80.22513766614634,-17.591508398191884,0.745531334759578,0.7744929306299956,352.0,326.0,321.0,348.0,-4.320043639115433,343.0
SEMO,Southeast Missouri State Redhawks,0.0947075208913649,65.23684084346164,82.49118288118952,-17.25434203772788,0.752574158926496,0.78526051097991,350.0,329.0,319.0,346.0,-4.329227412865424,344.0
PAC,Pacific Tigers,0.0766016713091922,60.59769041453822,85.15717087589557,-24.559480461357353,0.8282882874260099,0.8812163403429037,288.0,335.0,352.0,318.0,-4.389030536167725,345.0
HCU,Houston Christian Huskies,0.07520891364902507,70.87502496217347,86.77229468541867,-15.897269723245202,0.7346230262302039,0.7792716378708446,351.0,337.5,304.0,353.0,-4.4273680861384195,346.0
IUPU,IUPUI Jaguars,0.06220984215413185,62.00756413413155,85.52686357852787,-23.519299444396317,0.8138356103087506,0.8311127706469035,331.0,345.0,350.0,326.0,-4.466926126212649,347.0
NJIT,NJIT Highlanders,0.06638811513463323,60.95079509746044,88.62767210639747,-27.676877008937026,0.8392646077717267,0.8482340454175384,312.0,342.0,357.0,306.0,-4.567648719026403,348.0
NCAT,North Carolina A&T Aggies,0.05478180129990715,69.78995783873181,90.22326761799592,-20.433309779264107,0.7710267042863578,0.7963068815821819,347.0,349.0,338.0,342.0,-4.569499907924602,349.0
LIU,Long Island University Sharks,0.06731662024141133,66.62768821647461,86.2992476231942,-19.671559406719595,0.704813158880493,0.7350541205178076,359.0,340.0,335.0,357.0,-4.918428839511705,350.0
NWST,Northwestern State Demons,0.04805013927576602,65.04630377276442,88.57509948736397,-23.528795714599553,0.7494684877635488,0.812045333685653,344.0,352.0,351.0,347.0,-4.953664780106335,351.0
ALCN,Alcorn State Braves,0.0670844939647168,73.13449910963233,92.86448471879213,-19.729985609159797,0.6967800472048052,0.6967800472048052,360.0,341.0,336.0,359.0,-4.977560875956698,352.0
UMES,Maryland-Eastern Shore Hawks,0.03690807799442897,64.37212708268788,87.42008164249535,-23.047954559807465,0.7339272927284317,0.8207895753951389,338.0,353.0,348.0,354.0,-5.06580580793377,353.0
AAMU,Alabama A&M Bulldogs,0.07985143918291551,72.30252555563777,94.1813604466591,-21.878834891021327,0.6926921212422318,0.7711046422889112,355.0,334.0,343.0,360.0,-5.107465182210062,354.0
FAMU,Florida A&M Rattlers,0.0044103992571959145,61.960234505068186,88.58132753363057,-26.621093028562385,0.7658161792022328,0.8172308797373085,341.0,360.0,354.0,343.0,-5.215640775244053,355.0
STO,Stonehill Skyhawks,0.027390900649953576,61.902390169980606,89.47269373911689,-27.570303569136286,0.7405859601721196,0.7996089478355579,346.0,354.0,356.0,351.0,-5.3682449309990234,356.0
MORG,Morgan State Bears,0.019962859795728875,61.71343570351839,93.17606449115954,-31.462628787641144,0.7772664547052945,0.8340633883998633,327.0,356.0,360.0,340.0,-5.41677800504388,357.0
COPP,Coppin State Eagles,0.023212627669452184,57.06606750876143,84.41680366645602,-27.35073615769459,0.7172689112793581,0.7600694131582144,356.0,355.0,355.0,355.0,-5.525685830998771,358.0
UAPB,Arkansas-Pine Bluff Golden Lions,0.016016713091922007,70.89512833667956,102.30577123413607,-31.410642897456512,0.7435385325302403,0.7592909568413531,357.0,357.0,359.0,349.0,-5.655273443262667,359.0
GRAM,Grambling Tigers,0.014856081708449395,60.04230565893523,89.71690382131725,-29.67459816238202,0.7163809258199962,0.7483841254442956,358.0,358.0,358.0,356.0,-5.72278524769735,360.0
