,teamName,teamConference,homeDom,homeCount,homeConferenceCount,awayDom,awayCount,awayConferenceCount,conferenceGames,homeCookin,ovrDom,homeDomAdj,homeDomAdjCnt,awayDomAdj,awayDomAdjCnt,ovrDomAdj,conferenceRating,ovrRating,teamTopExpPerf,teamRegRsq,finalRating,rank
tid_264,Washington Huskies,Pac-12 Conference,1.272607791433991,5,3,1.3025460014177017,4,3,6,1.0,1.3406117142742693,1.0959024746711394,5,1.1740533795486052,4,1.1684871840263724,1.3892269016339898,1.2601295425086574,1.1197426455101627,0.21685760734579376,1.3433465098301953,1.0
tid_2483,Oregon Ducks,Pac-12 Conference,1.4055296739246064,5,3,1.1596828103637415,4,3,6,1.05,1.34539176793257,1.1174736202121107,4,1.1728189364393533,4,1.1838323379049274,1.3892269016339898,1.2698825873331043,1.1043254277230108,0.228800145661653,1.342111561700515,2.0
tid_251,Texas Longhorns,Big 12 Conference,1.2301304119842684,6,4,1.3122659467097504,3,2,6,1.0,1.310473580987905,1.1309467154845168,6,1.1516306648566756,3,1.1765812154096218,1.2998674466859192,1.2411098974924535,1.13732821888457,0.10225994416972391,1.3394673043477372,3.0
tid_97,Louisville Cardinals,Atlantic Coast Conference,1.3977252436957444,5,3,1.0128025382924986,3,3,6,1.05,1.2914590405332358,1.1920249197059252,4,0.9927110168755716,3,1.139688208441639,1.1740143404738164,1.1951034200296586,1.1454645409217026,0.0035173160778422534,1.3131901039341567,4.0
tid_130,Michigan Wolverines,Big Ten Conference,1.3730122000831717,6,3,1.4228346203953066,3,3,6,1.0,1.448620473411282,1.0446441916515208,6,1.1486786638470519,3,1.1149819971954413,1.1030920902521912,1.2155162749426345,1.088832482727067,0.2597928853280089,1.2999676417175552,5.0
tid_52,Florida State Seminoles,Atlantic Coast Conference,1.3488611448799102,5,3,1.240904943522151,4,4,7,1.0425919442379492,1.355145103582764,1.1331729016646073,5,1.1013909592025417,4,1.1570744107300388,1.1740143404738164,1.223662057935476,1.0641982180726257,0.2894609968455573,1.2932948711141086,6.0
tid_61,Georgia Bulldogs,Southeastern Conference,1.3308995193224862,6,3,1.2666793671850545,3,3,6,1.0250363953330788,1.3649161033891437,1.067366902409838,5,1.093525058919069,3,1.1138146715144202,1.188165637324941,1.2058537367517899,1.0823758382997535,0.2344919974845612,1.2906832191111368,7.0
tid_194,Ohio State Buckeyes,Big Ten Conference,1.3080542491420453,4,2,1.287166860824587,5,4,6,1.0080810548026429,1.3516434140721558,1.1386986350366561,3,1.1010494498099308,5,1.153024776630565,1.1030920902521912,1.2078565024094166,1.079288976970374,0.22249025922255078,1.2904938804847692,8.0
tid_201,Oklahoma Sooners,Big 12 Conference,1.3060222872237361,4,2,1.114659412187689,5,4,6,1.05,1.2469352787227237,1.1325812103195911,4,1.0964093635104009,5,1.1502545854268655,1.2998674466859192,1.2069839206608137,1.018982688427639,0.35414465128724226,1.26060568366656,9.0
tid_256,James Madison Dukes,Sun Belt Conference,1.347952646542313,4,3,1.2115779297087867,5,3,6,1.05,1.3245235740302925,1.1279364079779544,3,1.0532992026684673,5,1.1175260418904767,1.056700259437227,1.172683213584346,1.0546155310087104,0.16688351366825288,1.256139111266023,10.0
tid_204,Oregon State Beavers,Pac-12 Conference,1.383957944966524,4,2,1.0329211713352504,5,4,6,1.05,1.2264690654111408,1.1572297939322085,3,1.0581667268839279,5,1.1315786381745796,1.3892269016339898,1.2038252536885663,1.0083908138593871,0.1477596083432876,1.2533756984157507,11.0
tid_333,Alabama Crimson Tide,Southeastern Conference,1.1442030111287573,6,4,1.2720326224802754,3,2,6,1.0,1.235819434636361,1.1234157156970863,6,1.067432098216729,3,1.1420799060748632,1.188165637324941,1.18127976868599,1.037339950273558,0.300895446257391,1.2533482213090557,12.0
tid_153,North Carolina Tar Heels,Atlantic Coast Conference,1.236807474932097,6,3,1.2548955540595532,3,2,5,1.0,1.2957587228736465,1.0968127641383014,5,1.0907882724313345,3,1.1318569891794894,1.1740143404738164,1.1923106091942801,1.0081023975035635,0.18200161470527737,1.2460261358455496,13.0
tid_2305,Kansas Jayhawks,Big 12 Conference,1.326642528315983,5,3,0.9708154698496831,4,3,6,1.05,1.2039260331459951,1.1702286395908221,4,1.032788961385297,4,1.1368344599795888,1.2998674466859192,1.1859646486621345,0.9827807568957663,0.32111248305193313,1.229468345962024,14.0
tid_277,West Virginia Mountaineers,Big 12 Conference,1.1981092211125481,5,3,1.0582819683655864,3,3,6,1.05,1.1923561434516963,1.0990959209565414,4,1.0783484334021878,3,1.1273132352363378,1.2998674466859192,1.1771925219640857,0.9597781952633311,0.1614112049942064,1.2124630053855503,15.0
tid_2306,Kansas State Wildcats,Big 12 Conference,1.3891715460453637,5,3,0.8281864145243182,4,3,6,1.05,1.1509104277208286,1.1887807382181095,4,1.0531677194690146,4,1.1570595837262034,1.2998674466859192,1.1786410535312841,0.9482750801110928,0.26581649204030317,1.2075199687579659,16.0
tid_213,Penn State Nittany Lions,Big Ten Conference,1.3413632063241576,4,2,1.135400571957308,4,4,6,1.05,1.2866723326401497,1.0870954403717739,3,1.0789094575629774,4,1.1193036884900653,1.1030920902521912,1.1706810790193622,0.9548372930676854,0.39802859008271185,1.205942376810216,17.0
tid_197,Oklahoma State Cowboys,Big 12 Conference,1.0521520323748335,6,4,0.9527859503185346,3,2,6,1.05,1.0612987689139355,1.0921219348029376,5,1.067175831813828,3,1.1196029229737374,1.2998674466859192,1.1284987761031855,1.0022017449494185,0.0024530486009089413,1.2027472293491575,18.0
tid_142,Missouri Tigers,Southeastern Conference,1.218963157313932,6,2,1.0809384573534195,3,3,5,1.05,1.2209960409496277,1.077197022916661,5,1.087518612909885,3,1.1179034637680203,1.188165637324941,1.1640181443367017,0.9549267898753651,0.5316423788387253,1.2018645592243775,19.0
tid_12,Arizona Wildcats,Pac-12 Conference,1.096954063459138,5,3,0.999319740373224,4,3,6,1.0477121670503993,1.0972757388956307,1.1005716589003722,4,1.0635856380049935,4,1.1187974533243865,1.3892269016339898,1.1534086572606532,0.9445256238425506,0.17825853311144133,1.1900550995067665,20.0
tid_254,Utah Utes,Pac-12 Conference,1.1599416824402051,6,4,0.824638393989382,3,2,6,1.05,1.0793579643046727,1.1365900660628498,5,1.0326511300249792,3,1.1338121163120203,1.3892269016339898,1.1547676092520653,0.9002594022095023,0.28207197386513827,1.1682491409375577,21.0
tid_145,Ole Miss Rebels,Southeastern Conference,1.2310040782042435,5,4,0.9776133412023461,3,2,6,1.05,1.1771859377685931,1.101896001906593,4,1.054600854131444,3,1.1182304896699122,1.188165637324941,1.1500945192008556,0.9002415783993101,0.5153863000978265,1.1654010232610583,22.0
tid_2633,Tennessee Volunteers,Southeastern Conference,1.342813833267743,6,2,0.8170906950667991,3,3,5,1.05,1.1863718665526117,1.0934749366871155,5,1.0106246278820656,3,1.0978241980805692,1.188165637324941,1.1425087282739486,0.8943136149952386,0.31229984241030284,1.1577193731936442,23.0
tid_99,LSU Tigers,Southeastern Conference,1.3559513390618705,4,2,0.9081519408513753,5,4,6,1.05,1.131488388766353,1.1437988990760124,3,1.0688240288266475,5,1.1337141910447655,1.188165637324941,1.1428467716777502,0.8727221882140732,0.5779460138101857,1.146660516323771,24.0
tid_59,Georgia Tech Yellow Jackets,Atlantic Coast Conference,0.9140797302916767,4,3,1.2063829921172156,3,3,6,1.0,1.0733655000786377,0.9236117042788157,3,1.0979427011895007,3,1.04133538560466,1.1740143404738164,1.0740638674212681,0.9476104005015249,0.034151479636449225,1.1417253380870116,25.0
tid_87,Notre Dame Fighting Irish,FBS Independents,1.3194865423906927,6,0,0.8935951461946717,4,0,0,1.05,1.1771166775730906,1.0886714420666732,5,1.0557899921454172,4,1.1105374814647657,0.8365889247708663,1.0810152377912488,0.9265893455494425,0.4092536267168502,1.135914538677791,26.0
tid_228,Clemson Tigers,Atlantic Coast Conference,1.2589035499505,5,2,0.8867608239707498,4,4,6,1.05,1.123244930380309,1.1296863531760741,4,1.0042465338094064,4,1.1014256508146867,1.1740143404738164,1.121470872742349,0.8717611494416773,0.344264679408299,1.1332440594095656,27.0
tid_30,USC Trojans,Pac-12 Conference,1.1023683912379256,6,4,0.9724814441819897,4,3,7,1.05,1.0931224001079152,1.0746821118144405,6,1.0152802631510416,4,1.0863217226822692,1.3892269016339898,1.135109373266414,0.8482041523986805,0.47138781502984295,1.1290532663456818,28.0
tid_2335,Liberty Flames,Conference USA,1.292440366730989,5,4,1.3376917117310434,4,3,7,1.0,1.3682743372221302,0.9801735245845687,5,1.0117388335650026,4,1.0279619058428988,0.8134735007569761,1.0884541891636423,0.8941062374860846,0.6416495730942152,1.1244325028284978,29.0
tid_245,Texas A&M Aggies,Southeastern Conference,1.225258865964908,5,3,0.9043298882700591,4,3,6,1.05,1.1161573260287163,1.0620645224964385,5,1.0455979802192474,4,1.0906638091892142,1.188165637324941,1.115852446106709,0.8441312106116123,0.5601926682093081,1.1153718846146705,30.0
tid_150,Duke Blue Devils,Atlantic Coast Conference,1.1956383178307783,6,3,0.8077711110787863,3,2,5,1.05,1.0938292575788657,1.0941261557388933,5,0.9864177928948561,3,1.0882935022303477,1.1740143404738164,1.1049478455502617,0.8552901256646301,0.4187834400965882,1.114659184328699,31.0
tid_326,Texas State Bobcats,Sun Belt Conference,1.0886286807191228,5,3,1.1088439117780995,4,2,5,1.0,1.1443302612069597,0.9705421195898721,4,1.0062044467146023,4,1.0218952594311879,1.056700259437227,1.0680353763981945,0.8910248643885228,0.1464305644694306,1.1101942150890467,32.0
tid_152,NC State Wolfpack,Atlantic Coast Conference,1.0667180979030144,6,3,0.9305304193909839,3,2,5,1.05,1.0626661509952113,1.0551958727949058,5,0.9534010331328583,3,1.0504311904045691,1.1740143404738164,1.0751482101817535,0.8815067662597436,0.2006527419294228,1.1098464819022824,33.0
tid_2655,Tulane Green Wave,American Athletic Conference,1.2024426716610441,5,2,1.2496339984365905,4,3,5,1.0,1.2753078019583277,1.0026122540109406,4,0.9876638796994476,4,1.0290279340249264,0.7176646781921532,1.0417868362087987,0.9102586660831151,0.45048261546965895,1.1031254292903514,34.0
tid_265,Washington State Cougars,Pac-12 Conference,1.0604523533337786,5,3,0.8124629449550328,4,3,6,1.05,0.9821880899452571,1.0867567234277071,4,0.9826898681155959,4,1.0686376757296057,1.3892269016339898,1.0863814512264662,0.8387676393101713,0.22693375653249154,1.0948073883545357,35.0
tid_2641,Texas Tech Red Raiders,Big 12 Conference,1.0819746946413984,5,3,0.8312286458930919,4,3,6,1.05,1.003344185495565,1.113210965546415,4,0.9609616880011108,4,1.0695420133256084,1.2998674466859192,1.0825270677709695,0.8415955700102116,0.25152411291089205,1.0939470029425036,36.0
tid_2653,Troy Trojans,Sun Belt Conference,1.172632261547581,5,3,1.0286377396790016,4,2,5,1.05,1.1534358257616846,1.057780820898509,4,1.070641748558323,4,1.1004644205499015,1.056700259437227,1.111265418968881,0.8081217326864141,0.598938667397849,1.0933848257311816,37.0
tid_2294,Iowa Hawkeyes,Big Ten Conference,1.1980121512580544,5,3,1.0256426521539292,4,3,6,1.05,1.1657271873170592,0.9897568370705127,5,1.0582058183430463,4,1.054367420973093,1.1030920902521912,1.0994368143020976,0.8136594649731723,0.5361363123558731,1.0893586474392332,38.0
tid_2390,Miami Hurricanes,Atlantic Coast Conference,1.1451178310195784,6,3,0.8539985617267789,3,2,5,1.05,1.0826947842500512,1.076153047741853,5,0.9447379913457613,3,1.059788291393737,1.1740143404738164,1.086668695616654,0.8205779990942019,0.5003851721785753,1.0854201735524382,39.0
tid_2026,Appalachian State Mountaineers,Sun Belt Conference,1.0879953126693163,5,3,0.9646995275803019,4,2,5,1.05,1.0753050875780712,0.9564968069637533,4,0.9919259618056432,4,1.0072504391876878,1.056700259437227,1.0385911504179897,0.8510698323664293,0.3797095802679621,1.0718758771220067,40.0
tid_26,UCLA Bruins,Pac-12 Conference,1.3133906521797856,4,2,0.8143673178810863,5,4,6,1.05,1.0500149345265928,1.1434604830880555,3,0.992345636629216,5,1.0821896160495306,1.3892269016339898,1.1178556336639982,0.746789190312191,0.5893026171829987,1.0631689609779413,41.0
tid_295,Old Dominion Monarchs,Sun Belt Conference,1.120423912628133,5,3,0.7787940426361223,4,3,6,1.05,0.9937983008879305,1.0658251652028405,4,0.9137158528405327,4,1.0204803336276727,1.056700259437227,1.0182796264921048,0.8522871035440505,0.12178047658648113,1.0598544982417089,42.0
tid_66,Iowa State Cyclones,Big 12 Conference,0.963960242948536,5,3,0.9189391008620752,4,3,6,1.024203358611862,0.983891394108607,1.0526794806639392,4,0.9964745308188444,4,1.0591006991670975,1.2998674466859192,1.0702228234423463,0.7899763777575577,0.27697389388427623,1.059306933621626,43.0
tid_278,Fresno State Bulldogs,Mountain West Conference,1.3006667548322781,5,3,1.014638995424052,4,2,5,1.05,1.2143697044478712,0.9730109763254144,4,0.9394135821941058,4,0.9886518007814566,0.7328715294396162,1.0081302502628011,0.8487677331090915,0.28029781387241764,1.0517612841303117,44.0
tid_96,Kentucky Wildcats,Southeastern Conference,1.0768536210811526,6,3,0.9699212600541504,3,3,6,1.05,1.0842684515652226,0.995294936565407,5,1.0153288922368362,3,1.0369396363373808,1.188165637324941,1.0775609853298256,0.744736684174224,0.7031845982816433,1.0388620026404751,45.0
tid_2649,Toledo Rockets,Mid-American Conference,1.266498887798201,5,3,1.101079329676487,4,2,5,1.05,1.240820431186211,0.9387268219883418,4,0.9445058681159296,4,0.9737063858942407,0.6883346910323047,0.9972183924479082,0.829574063988336,0.5220008013597898,1.0353993359207705,46.0
tid_258,Virginia Cavaliers,Atlantic Coast Conference,0.8537089303602331,4,2,0.8493359669534102,5,3,5,1.0025710374149828,0.8875462172049922,0.9830877120985152,3,1.0183728295007057,5,1.039249746457707,1.1740143404738164,1.0071075974014183,0.8137534373561206,0.10487476759840288,1.033556697597842,47.0
tid_2116,UCF Knights,Big 12 Conference,1.121506632201837,4,2,0.8390539463081857,5,4,6,1.05,0.9952115648172668,0.980670251410361,3,1.0125712791238513,5,1.0345898251120293,1.2998674466859192,1.0618074461672526,0.7456758746604117,0.7821980757581447,1.0302417483275168,48.0
tid_120,Maryland Terrapins,Big Ten Conference,1.0281487186403966,6,3,0.9146915780395408,3,3,6,1.05,1.030977211599982,0.9620717748790135,5,0.997558378085136,3,1.0084691462087652,1.1030920902521912,1.0321028422746805,0.770911022910487,0.3498499287845321,1.026424794737683,49.0
tid_275,Wisconsin Badgers,Big Ten Conference,1.0142409764424987,5,3,0.88835812865349,4,3,6,1.05,0.9969703046827318,1.0310584837384562,5,0.9461117273396619,4,1.0262269850440122,1.1030920902521912,1.0295744749398545,0.7656235212604139,0.3793116783256259,1.0220977093966641,50.0
tid_2628,TCU Horned Frogs,Big 12 Conference,1.1676589107064572,5,2,0.7102591819630246,4,4,6,1.05,0.9760701634324296,1.0891673539006264,4,0.9563205480782263,4,1.0553709264496363,1.2998674466859192,1.0654983199059203,0.7250253119930199,0.3616736860630259,1.0208562146245166,51.0
tid_164,Rutgers Scarlet Knights,Big Ten Conference,1.1397432468803748,6,3,0.7968662325910058,3,3,6,1.05,1.054678371010053,1.0103117664669152,5,0.9688292700326311,3,1.0284505755103759,1.1030920902521912,1.0502040858894082,0.7380580283847928,0.5653326759605584,1.0192766457447018,52.0
tid_103,Boston College Eagles,Atlantic Coast Conference,0.9392470390628566,5,2,0.9078981430042926,4,3,5,1.0171180311565693,0.9646010578112766,0.9313678590116603,4,1.007747621864516,4,1.0018266694466904,1.1740143404738164,1.0166335906469215,0.7673293437896602,0.40885412984207486,1.0152734834497186,53.0
tid_8,Arkansas Razorbacks,Southeastern Conference,0.9938404038025211,5,2,0.847427966636024,4,4,6,1.05,0.9653285440043412,0.9342957650589452,4,1.0345275727156018,4,1.0166449313480759,1.188165637324941,1.0264297074160593,0.7454883829392407,0.7523826091730079,1.0094051769926364,54.0
tid_25,California Golden Bears,Pac-12 Conference,0.9885308253927316,5,3,0.6738808131129623,4,3,6,1.05,0.8692640270641483,1.0805875617907552,4,0.961429203066852,4,1.0540099516966388,1.3892269016339898,1.0358776705140884,0.7301580659693827,0.8145493804332529,1.006568848461293,55.0
tid_2751,Wyoming Cowboys,Mountain West Conference,1.1848854076714073,6,3,0.7042971864216283,3,2,5,1.05,1.038699123566079,1.0121144369464306,5,0.903742568343078,3,1.0030933793610701,0.7328715294396162,0.9639294772292735,0.8133603585970219,0.30534161474100646,1.0065422411445595,56.0
tid_195,Ohio Bobcats,Mid-American Conference,1.128725817419567,5,3,0.9654899939229373,4,2,5,1.05,1.097886027901005,0.936447236715052,4,0.8699824498015081,4,0.9333681489603772,0.6883346910323047,0.9373149265949565,0.8462644508943635,0.1270135360682585,1.0056003292695392,57.0
tid_9,Arizona State Sun Devils,Pac-12 Conference,0.859819077578731,6,3,0.6776072584865641,3,3,6,1.05,0.8280392967235181,0.9881506410725305,5,0.9892285259945668,3,1.0222492115489226,1.3892269016339898,1.0037623952937218,0.7626821004151887,0.12946222607124916,1.0050961796569329,58.0
tid_2,Auburn Tigers,Southeastern Conference,1.111171831100549,5,3,0.8031867363538614,4,3,6,1.05,1.0028834418586006,1.0661644138084794,4,0.9649358286393722,4,1.048859658978543,1.188165637324941,1.0559135390688612,0.7041605483773408,0.6688866447745777,1.0035461259387304,59.0
tid_135,Minnesota Golden Gophers,Big Ten Conference,0.9711732063071472,6,4,0.8891965584641552,3,2,6,1.0450798144775715,0.9832197624525599,1.0021612467621048,6,1.019560074445191,3,1.042282432245793,1.1030920902521912,1.0328047330864656,0.7146191416364038,0.7400155597654602,0.9961676578165723,60.0
tid_2005,Air Force Falcons,Mountain West Conference,1.0872063397539615,5,3,1.2594160035190554,4,2,5,1.0,1.2100774874435036,0.8907273931335701,4,0.9608593689048393,4,0.9566617134077567,0.7328715294396162,0.9905161966631973,0.7580808064983309,0.30028150500356754,0.9947061363969503,61.0
tid_57,Florida Gators,Southeastern Conference,1.1149258553649033,6,4,0.6307284394915551,3,2,6,1.05,0.9613872154486061,1.034419895488522,5,0.9098952852324079,3,1.0194440503571887,1.188165637324941,1.0264410033333162,0.7164069209176875,0.4533144924816571,0.9934727343070783,62.0
tid_235,Memphis Tigers,American Athletic Conference,1.1139711163085269,5,3,1.1214342495906184,4,2,5,1.0,1.1648848086504378,0.9305477250526529,4,0.9907383734119503,4,0.9928985868985363,0.7176646781921532,0.992903522240986,0.7514061798547467,0.6565991901098843,0.9926263134170535,63.0
tid_2247,Georgia State Panthers,Sun Belt Conference,0.9936265745299289,5,3,1.0432541304111314,4,3,6,1.0,1.0586464101303226,0.9806552026512306,4,0.9897984908297182,4,1.0187969509063675,1.056700259437227,1.0391050277214595,0.7009375538800855,0.5450730522530189,0.9921082178917403,64.0
tid_166,New Mexico State Aggies,Conference USA,1.1625429793220787,5,3,1.0575033427330816,5,3,6,1.0484884107974348,1.1560206625138922,0.9050715854508006,4,0.9008717887028646,5,0.9335053562080761,0.8134735007569761,0.9805675646749094,0.755796429743679,0.3503537550018346,0.9875068034460426,65.0
tid_248,Houston Cougars,Big 12 Conference,0.9495982098114091,5,3,0.6643525797575408,4,3,6,1.05,0.8447115428933671,1.0189119169954632,5,0.8859681043858662,4,0.9901629959339734,1.2998674466859192,0.9835112893211889,0.745030485668537,0.24890314848207315,0.9836234524495587,66.0
tid_38,Colorado Buffaloes,Pac-12 Conference,0.8097692615109532,5,3,0.7746064885783097,4,3,6,1.022445289102051,0.827775449953354,0.9763100233178845,5,1.015974276608294,4,1.0276150905996764,1.3892269016339898,1.0062864634127184,0.712958100540122,0.41662900319224566,0.9798288650945368,67.0
tid_290,Georgia Southern Eagles,Sun Belt Conference,1.3531582183572564,5,3,0.7165704173316028,4,2,5,1.05,1.0635606420306605,1.062299722482204,4,0.8900733140895222,4,1.0055241338890155,1.056700259437227,1.0339090100833361,0.683442313782304,0.5141602411839244,0.9791783113428811,68.0
tid_6,South Alabama Jaguars,Sun Belt Conference,0.9880316314505593,4,2,0.8344560783362127,5,3,5,1.05,0.9378457487724896,0.9111264425602477,3,0.9771573044509708,5,0.984296340229282,1.056700259437227,0.980931598825033,0.7391151937812623,0.2201682060818271,0.9789482507872908,69.0
tid_24,Stanford Cardinal,Pac-12 Conference,0.6747001156131469,4,4,0.8363944283867634,4,3,7,1.0,0.7832153152243149,1.0252180529498116,4,0.9578324202524071,4,1.0247288499490135,1.3892269016339898,0.986507562122063,0.7189954410872101,0.538422124533866,0.9714989907334399,70.0
tid_252,BYU Cougars,Big 12 Conference,1.3540180866904683,4,2,0.5801699681206101,5,4,6,1.05,0.8815800999345005,1.097281996701951,3,0.9257080680094555,5,1.02028546604107,1.2998674466859192,1.0126778322305283,0.681153953846036,0.5143497874941776,0.9657674024731873,71.0
tid_158,Nebraska Cornhuskers,Big Ten Conference,1.070413846571912,5,3,0.9092701776995312,4,3,6,1.05,1.0379564800593717,0.9783505498836236,5,0.9708277909236801,4,1.0082324235823814,1.1030920902521912,1.0343051544331954,0.6587300092264798,0.5775856869173936,0.9650811670742251,72.0
tid_324,Coastal Carolina Chanticleers,Sun Belt Conference,1.1206935519370036,4,2,0.887601067582097,5,4,6,1.05,1.0264705628166595,0.9942262269572109,3,0.9958281654951965,5,1.0291490646651502,1.056700259437227,1.033681220860004,0.6433493241477795,0.3993767079625215,0.9556576998937171,73.0
tid_356,Illinois Fighting Illini,Big Ten Conference,0.875801674233024,5,3,0.7779083793430053,4,3,6,1.05,0.8662578333993113,0.9686716849659684,5,0.9446863633916283,4,0.9905881819715389,1.1030920902521912,0.9652451032242668,0.709585398913108,0.2983693640461011,0.9538412065545606,74.0
tid_309,Louisiana Ragin' Cajuns,Sun Belt Conference,1.08749915535702,4,2,0.9039382855345315,5,3,5,1.05,1.023159884566475,0.973296248607742,3,0.9359048254469338,5,0.9821272748812621,1.056700259437227,1.0087039132093818,0.6633685151789239,0.42093384150855195,0.9533487760200604,75.0
tid_259,Virginia Tech Hokies,Atlantic Coast Conference,1.2083825986546053,5,3,0.5474304492668975,4,2,5,1.05,0.8861170945732386,1.043854730987315,5,0.8732047502931578,4,0.9971053321807416,1.1740143404738164,0.9859460251020233,0.6856218118369364,0.3115183276562313,0.952878180398551,76.0
tid_2567,SMU Mustangs,American Athletic Conference,1.4316414802913158,4,2,0.9789719805810303,5,3,5,1.05,1.2085155922291637,0.9598254551876761,3,0.9474468841865338,5,0.9845209639705101,0.7176646781921532,1.0008988293007977,0.663318148476089,0.8805322687862929,0.9488870258490602,77.0
tid_221,Pittsburgh Panthers,Atlantic Coast Conference,0.8131582249635304,5,3,0.6664087049304924,4,2,5,1.05,0.7760326337805454,0.9933680964922534,4,0.8935679800362432,4,0.9742602360915142,1.1740143404738164,0.9324303470951315,0.7331059993759517,0.0919150250778906,0.9465165174221531,78.0
tid_2459,Northern Illinois Huskies,Mid-American Conference,0.9511799002120053,4,2,0.8229750774813317,5,3,5,1.05,0.9150646476505953,0.8936859000543741,3,0.8834858817787726,5,0.9175403518940008,0.6883346910323047,0.874587241773986,0.7999916342779678,0.07494010351543104,0.9432085060752927,79.0
tid_2579,South Carolina Gamecocks,Southeastern Conference,1.0256489894446283,5,2,0.6135149825800991,4,4,6,1.05,0.8510022542828991,1.0133836087604784,4,0.944356548375261,4,1.0116051002731423,1.188165637324941,0.9817522889728483,0.6654259424743456,0.7039494109653823,0.9391450909463034,80.0
tid_154,Wake Forest Demon Deacons,Atlantic Coast Conference,0.8923093563072316,5,3,0.8130589889074692,4,3,6,1.0476029087481882,0.8926537665783335,0.9500787024561852,4,0.9700767660095151,4,0.9927477637146638,1.1740143404738164,0.9862024008888387,0.6600484509154403,0.5389641564834263,0.9386455112021389,81.0
tid_127,Michigan State Spartans,Big Ten Conference,0.797564617910335,6,3,0.9046321297726193,3,3,6,1.0,0.8672043926592011,0.9454550260754855,5,1.016619143092859,3,1.004652750455944,1.1030920902521912,0.9724272551159172,0.67080895801808,0.5928523716643574,0.9367969388204792,82.0
tid_68,Boise State Broncos,Mountain West Conference,1.1149834914827135,4,2,0.8414038902896215,5,3,5,1.05,0.9941782317749781,0.9912418384356391,3,0.9200791499153116,5,0.9783948925971456,0.7328715294396162,0.9381879040012207,0.7005518208145505,0.5562892173766184,0.9329140890607821,83.0
tid_98,Western Kentucky Hilltoppers,Conference USA,1.1130726068087322,4,2,0.9439417179685436,5,3,5,1.05,1.0589561523629458,0.9405332040980043,3,0.9531713919875731,5,0.9807385547237404,0.8134735007569761,0.9761124852852274,0.6569976684545153,0.8463959355444518,0.9311445375608514,84.0
tid_84,Indiana Hoosiers,Big Ten Conference,0.8846138669788884,6,3,0.6003313844474623,3,3,6,1.05,0.8105000725931133,0.9565360889634295,5,0.9296413303798203,3,0.9786168931107535,1.1030920902521912,0.9383525052000182,0.6864965520813273,0.4581582136133474,0.9254790725399256,85.0
tid_349,Army Black Knights,FBS Independents,0.7993417921993071,4,0,0.9392587761216926,5,0,0,1.0,0.9115299087507498,0.8296013609117301,3,0.9671991765470593,5,0.9442338582236645,0.8365889247708663,0.9153533879697952,0.708395911194998,0.15865016401541296,0.9233265891670537,86.0
tid_239,Baylor Bears,Big 12 Conference,0.7141814596602072,7,4,0.8919196525566441,2,2,6,1.0,0.7823066880525972,0.933760069053357,6,1.010576116539185,2,0.9848606951881668,1.2998674466859192,0.95609917675813,0.662099516032179,0.25190386614538174,0.9224922421701915,87.0
tid_2433,UL Monroe Warhawks,Sun Belt Conference,0.8593417858382472,5,3,0.6481206036220856,4,3,6,1.05,0.7903823055955285,0.8958615411733706,4,0.8851493966665476,4,0.9208413435498867,1.056700259437227,0.8961969456679794,0.7293445408901817,0.03451046674513197,0.9223735023466187,88.0
tid_2439,UNLV Rebels,Mountain West Conference,1.2366027975547513,4,2,1.0105534950386588,5,3,5,1.05,1.152509127236998,0.9245684238747379,3,0.9389295110893324,5,0.9653367486750302,0.7328715294396162,0.978961325566894,0.6363743427368029,0.8236810635771722,0.920949960328408,89.0
tid_344,Mississippi State Bulldogs,Southeastern Conference,0.8195643188380046,6,3,0.7592908824011473,3,3,6,1.0389327311292282,0.8329999395647495,0.9521473106436824,5,0.9349517490930528,3,0.9778947500885887,1.188165637324941,0.9584009329007448,0.656427829668973,0.3214290846182655,0.9206504685422033,90.0
tid_242,Rice Owls,American Athletic Conference,0.9710255975862317,6,3,0.8424313503880474,3,2,5,1.05,0.965573873104286,0.8901954929512437,5,0.8983972225871545,3,0.9237088278853857,0.7176646781921532,0.8996142516260488,0.720719657316619,0.27008811358373663,0.920093559997178,91.0
tid_2636,UTSA Roadrunners,American Athletic Conference,1.0856948980114076,4,2,0.9647130045309888,5,3,5,1.05,1.0600409470204175,0.9349627305902368,4,0.9279113282798417,5,0.9627727857760172,0.7176646781921532,0.9474647499208935,0.6666476794492149,0.46360901804101695,0.9200004361831813,92.0
tid_2117,Central Michigan Chippewas,Mid-American Conference,1.2483963227106438,4,3,0.655297305452727,5,2,5,1.05,0.9098396551913428,0.9361886040674169,3,0.7897304106721357,5,0.8704455705355866,0.6883346910323047,0.85022209934714,0.77881615815175,0.05747622445768235,0.917455614345617,93.0
tid_193,Miami (OH) RedHawks,Mid-American Conference,1.1347362269814525,3,2,1.0842765984018843,6,3,5,1.0230042023925539,1.1477445604058096,0.9287464503854043,2,0.9569629299669854,6,0.9822040087301851,0.6883346910323047,0.9758638367814483,0.6222263170354974,0.6650140898649752,0.910970960030424,94.0
tid_2132,Cincinnati Bearcats,Big 12 Conference,0.8319777835997428,6,4,0.7984998822244195,3,2,6,1.020747762246125,0.8556306207945414,0.9481347769493994,5,0.9519171322183567,3,0.981916484357773,1.2998674466859192,0.9836091847155555,0.6145481646628408,0.52332989398174,0.9107675812575364,95.0
tid_55,Jacksonville State Gamecocks,Conference USA,1.085062221280257,5,3,0.9456141486296127,5,3,6,1.05,1.0560987184609159,0.9464528597344701,4,0.9140181368973579,5,0.9599345700379198,0.8134735007569761,0.9648346803246806,0.6276728037064048,0.5210212077803325,0.9079390928991189,96.0
tid_276,Marshall Thundering Herd,Sun Belt Conference,1.0196303064143275,4,2,0.6866753622055611,5,3,5,1.05,0.8534516253737604,1.046473753650521,3,0.8732106538815786,5,0.9663925945193541,1.056700259437227,0.9418933950178406,0.6474490870610838,0.3482474410292035,0.9060975327714178,97.0
tid_58,South Florida Bulls,American Athletic Conference,0.8955954963736668,4,2,0.7886959449173364,5,3,5,1.05,0.8700899928639593,0.8920004999754265,3,0.8246073015112183,5,0.8782081661848259,0.7176646781921532,0.8472542147740667,0.7587842584943599,0.06469292629445579,0.9060396751120605,98.0
tid_36,Colorado State Rams,Mountain West Conference,0.7533568226166183,4,2,0.8939580460919985,5,3,5,1.0,0.8637893289470505,0.8444955195617219,3,0.8976955578718119,5,0.9072683342428106,0.7328715294396162,0.8620818051454203,0.722603407243706,0.08866546282728914,0.8978023489690382,99.0
tid_77,Northwestern Wildcats,Big Ten Conference,0.9753666028788357,6,4,0.5660580431617362,3,2,6,1.05,0.8482407308636435,0.9925822537821357,5,0.8621564569413677,3,0.9735985598857039,1.1030920902521912,0.9502509516379027,0.6164820017496186,0.4694575562568486,0.893228962743397,100.0
tid_2426,Navy Midshipmen,American Athletic Conference,0.9377844975582635,4,2,0.7563064969418759,4,3,5,1.05,0.878052843214155,0.8443534542867666,3,0.8129159132399767,4,0.8544053954878584,0.7176646781921532,0.8382350569552272,0.6957000952979375,0.1346683974075372,0.8695207794596157,101.0
tid_23,San Jos√© State Spartans,Mountain West Conference,0.9120904465861751,4,2,0.9795124916085602,5,3,5,1.0,0.9893838726008449,0.9209923469432423,3,0.9315853309754749,5,0.9592156004336803,0.7328715294396162,0.9274511625448021,0.5825140229111332,0.8237917038671668,0.8605752103489042,102.0
tid_2032,Arkansas State Red Wolves,Sun Belt Conference,0.9527936186836441,5,3,0.780602344452662,4,2,5,1.05,0.9091675932610525,0.9365147509736207,4,0.9329853301910699,4,0.9666089081856882,1.056700259437227,0.9620671013564526,0.551266963804641,0.5645295622645394,0.8605173932792164,103.0
tid_189,Bowling Green Falcons,Mid-American Conference,0.990530934275404,4,3,0.7697101372707786,5,2,5,1.05,0.8977020894855652,0.8222052348921415,3,0.9193362972230832,5,0.9116857530861696,0.6883346910323047,0.8662434323328912,0.6447518577852664,0.3645480164168141,0.8602658076932351,104.0
tid_183,Syracuse Orange,Atlantic Coast Conference,1.0145615201370377,5,2,0.6216007964595291,4,3,5,1.05,0.8508158402707632,0.9623574549196781,4,0.8880398731168642,4,0.9559617487185061,1.1740143404738164,0.9523962921585487,0.5587101381514703,0.6663678806300326,0.8599176959343074,105.0
tid_2393,Middle Tennessee Blue Raiders,Conference USA,1.0457317080014956,4,2,0.6528770595163107,5,3,5,1.05,0.8392280824097884,0.8770383690339227,3,0.9007946684888215,5,0.922208618237494,0.8134735007569761,0.8759349229756886,0.6326643012840683,0.4119743751300212,0.8594964450862006,106.0
tid_21,San Diego State Aztecs,Mountain West Conference,0.8747517754088404,6,3,0.7547047182405195,3,2,5,1.05,0.8682320035056694,0.861512253119727,5,0.8903830058717592,3,0.90195695045582,0.7328715294396162,0.8610257883849842,0.648365697935249,0.3602217911481106,0.8590715870827403,107.0
tid_151,East Carolina Pirates,American Athletic Conference,0.8610781595024802,5,3,0.6389429932022407,4,2,5,1.05,0.786269575008376,0.8501717342165548,4,0.8580058188990398,4,0.8831907706227162,0.7176646781921532,0.8214441272960794,0.6834110757508053,0.13625974488439505,0.8529258372900762,108.0
tid_2440,Nevada Wolf Pack,Mountain West Conference,0.7389367684873127,4,3,0.7342513624664129,4,2,5,1.0031855270440861,0.7679734965279295,0.8391978784114694,4,0.9118927520574236,4,0.9046074186379555,0.7328715294396162,0.8277327540609603,0.6617409191318564,0.21346879040330755,0.8458647533306028,109.0
tid_2006,Akron Zips,Mid-American Conference,0.7943148413317397,4,3,0.7123087206240158,5,2,5,1.05,0.7795097441602902,0.7386088183875706,3,0.8115793691641259,5,0.8101088595138505,0.6883346910323047,0.7790263826610746,0.7224819849689826,0.039030279785282736,0.8447997104641879,110.0
tid_113,Massachusetts Minutemen,FBS Independents,0.6779480422064117,5,0,0.8081861472943974,5,0,0,1.0,0.7717455249962001,0.7668648274864298,4,0.9348656632343936,5,0.8852573772112438,0.8365889247708663,0.8384648320156187,0.6422715288931533,0.10300478403328607,0.8423062575226399,111.0
tid_2509,Purdue Boilermakers,Big Ten Conference,0.7180280864731644,5,3,0.6674370863965515,4,3,6,1.037207262150358,0.7247011253789016,0.9094688082224399,5,0.9324541712310939,4,0.9509584067696724,1.1030920902521912,0.8911327072530351,0.5789679234815899,0.3899933802053303,0.8381444614102698,112.0
tid_2534,Sam Houston Bearkats,Conference USA,0.9331076776655687,5,3,0.5777913053855606,4,2,5,1.05,0.7862055089814904,0.911429964252916,4,0.8430783289660218,4,0.9064663540757709,0.8134735007569761,0.8497381615852931,0.6213546533695828,0.22390069626548742,0.8379122574872662,113.0
tid_2638,UTEP Miners,Conference USA,0.7177585380396668,5,3,0.8056056027244926,5,3,6,1.0,0.7928127684926646,0.7984562331143347,4,0.8915435029963011,5,0.8778363020312245,0.8134735007569761,0.8385472992847036,0.6238903325604073,0.14608089003932942,0.8326289156198927,114.0
tid_2572,Southern Miss Golden Eagles,Sun Belt Conference,0.8766402563849822,5,3,0.6350669675590698,4,3,6,1.05,0.7919879299720716,0.9129987267006605,4,0.8879341986716632,4,0.9310683245970791,1.056700259437227,0.9017696511839544,0.5579954011538035,0.36892153097868335,0.8317661934638461,115.0
tid_2199,Eastern Michigan Eagles,Mid-American Conference,1.0945102509589062,5,3,0.7220001499426991,4,2,5,1.05,0.948498597728398,0.8506214523939551,4,0.8305610932618189,4,0.8691806147814491,0.6883346910323047,0.8614707557415333,0.5763286189515666,0.30455355389938066,0.8197926980884913,116.0
tid_2229,Florida International Panthers,Conference USA,0.7116739024598626,5,3,1.0122944349322422,4,3,6,1.0,0.8677861697253598,0.7930446821867615,4,0.903308759616294,4,0.8752316496762521,0.8134735007569761,0.8629050275192576,0.5631040639548575,0.28523247992571554,0.8130268946160192,117.0
tid_328,Utah State Aggies,Mountain West Conference,0.9412975246167496,4,2,0.7097779863574047,5,3,5,1.05,0.8389451726482966,0.9237968726178885,3,0.8322788368165606,5,0.8949840376521552,0.7328715294396162,0.8479368228912125,0.5625284395293166,0.44169033751829395,0.8042064254526535,118.0
tid_2226,Florida Atlantic Owls,American Athletic Conference,0.963179352378174,4,2,0.8874958491364922,5,3,5,1.041766569629184,0.9595828331876043,0.8488294899177625,3,0.883706997508716,5,0.9001324749736623,0.7176646781921532,0.8862188493904362,0.5208811599568746,0.5016802951837978,0.8007771966580332,119.0
tid_2050,Ball State Cardinals,Mid-American Conference,0.9224163044208502,4,2,0.5972623103527526,5,3,5,1.05,0.7554043539712576,0.8901801666122262,3,0.803546696423406,5,0.8634600370007081,0.6883346910323047,0.7958921865145471,0.6116979581140882,0.17708689417000062,0.8006063029595671,120.0
tid_2348,Louisiana Tech Bulldogs,Conference USA,0.8306882637258151,5,3,0.666183869692158,5,3,6,1.05,0.7755973331811544,0.8274307456718004,4,0.8312061626283243,5,0.8578001499388481,0.8134735007569761,0.822878557172952,0.579383133104552,0.1557725097908167,0.799244091413786,121.0
tid_2429,Charlotte 49ers,American Athletic Conference,0.724115696620563,4,2,0.7503047588036897,5,3,5,1.0,0.7700168919673845,0.7722961272895178,3,0.8510529402433551,5,0.8485899444506305,0.7176646781921532,0.7996058618227281,0.6040194987895743,0.15107078541783944,0.7987991845413036,122.0
tid_62,Hawai'i Rainbow Warriors,Mountain West Conference,0.7460208651746573,5,2,0.6286479401133779,5,3,5,1.05,0.7140020339019931,0.8200627646744395,4,0.8062761093096796,5,0.84006413641274,0.7328715294396162,0.77851567769992,0.6161595564711315,0.10790284914605584,0.7923724023051004,123.0
tid_41,UConn Huskies,FBS Independents,0.707428922555965,5,0,0.6670860221980505,4,0,0,1.029794304181604,0.7185702953017248,0.8378146485961403,5,0.8801951677008862,4,0.8855822971558892,0.8365889247708663,0.8188975734419777,0.5687059095561795,0.3269959059647008,0.791014591561122,124.0
tid_238,Vanderbilt Commodores,Southeastern Conference,0.7404608698048414,6,4,0.5898837335578799,4,2,6,1.05,0.704900874277291,0.8996649935141949,5,0.857162374181924,4,0.9105329917721965,1.188165637324941,0.874735408648384,0.5145412946949011,0.5766012489658028,0.7906527138062936,125.0
tid_5,UAB Blazers,American Athletic Conference,0.965416689741162,5,3,0.5923165280328806,4,2,5,1.05,0.8101049013599532,0.8956472034367063,4,0.855362943950679,4,0.9051066953511802,0.7176646781921532,0.8398929190306145,0.5364987830924728,0.43116479215422443,0.7846093807868315,126.0
tid_202,Tulsa Golden Hurricane,American Athletic Conference,0.8535941785102233,5,3,0.6413070063523483,4,2,5,1.05,0.7837510220425911,0.8361894998936802,4,0.8413935096151132,4,0.8673772123099499,0.7176646781921532,0.8131868029930994,0.5589657839860884,0.44529583921507465,0.7822758636483962,127.0
tid_218,Temple Owls,American Athletic Conference,0.8208936510339901,6,3,0.5299316187414608,3,2,5,1.05,0.7396928523145482,0.8346042306816738,5,0.7262445252728074,3,0.8191954189193827,0.7176646781921532,0.7751834808653376,0.5970122134428283,0.10825313674531796,0.7804186507892393,128.0
tid_249,North Texas Mean Green,American Athletic Conference,0.8248172420254853,5,3,0.841599013181015,4,2,5,1.0,0.8676922452845987,0.8365932087050489,4,0.8500151923013609,4,0.8720202813833184,0.7176646781921532,0.8434878077413459,0.5228576644370033,0.36109337634747596,0.7785604261539306,129.0
tid_2711,Western Michigan Broncos,Mid-American Conference,1.0366319556447128,3,2,0.7405227614537805,6,3,5,1.05,0.8636822988295273,0.8519927805578048,2,0.8764405582840721,6,0.8999262155028592,0.6883346910323047,0.8496265660326476,0.5092215091124146,0.366409051988472,0.7737331312926197,130.0
tid_167,New Mexico Lobos,Mountain West Conference,0.8093285110049603,5,3,0.6967571018687346,4,2,5,1.05,0.7894722326557373,0.8118545239940865,4,0.8248375909340997,4,0.8462124382692812,0.7328715294396162,0.8079726246299156,0.5089312320100816,0.258941361250004,0.750573586579407,131.0
tid_2084,Buffalo Bulls,Mid-American Conference,0.7642467670048909,3,2,0.7570062635227149,5,3,5,1.0047709463628416,0.7920817148412637,0.8441398914486642,3,0.8355714961769878,5,0.8673637026432022,0.6883346910323047,0.8103959152910298,0.5052730646655661,0.4107599554392649,0.7497568681129915,132.0
tid_2309,Kent State Golden Flashes,Mid-American Conference,0.7991181757779595,3,2,0.5998736549550835,6,3,5,1.05,0.6881721226700465,0.7368238350754165,2,0.795498278400645,6,0.8070053690481288,0.6883346910323047,0.7458941415768321,0.56670005258111,0.10318868746374012,0.74686011419136,133.0
