,oddsHomeTeam,oddsAwayTeam,bookie,homeScoreOddsImplied,awayScoreOddsImplied,sport,homeMoneyLine,awayMoneyLine,gameLine,homeCover,awayCover,overUnder,over,under,homeTeamAbbrev,awayTeamAbbrev,homeScore,awayScore,homeTeam,awayTeam,homeGameScoreStd,awayGameScoreStd,season,p_homeCover,p_awayCover,p_over,p_under,p_homeWin,p_awayWin,p_homeCoverOver,p_homeCoverUnder,p_awayCoverOver,p_awayCoverUnder,p_homeWinOver,p_homeWinUnder,p_awayWinOver,p_awayWinUnder,p_homeCoverAwayWin,p_awayCoverHomeWin,p_homeCoverOverAwayWin,p_homeCoverUnderAwayWin,p_awayCoverOverHomeWin,p_awayCoverUnderHomeWin,k_homeCover,r_homeCover,k_awayCover,r_awayCover,k_over,r_over,k_under,r_under,k_homeWin,r_homeWin,k_awayWin,r_awayWin,k_homeCoverOver,r_homeCoverOver,k_awayCoverOver,r_awayCoverOver,k_homeCoverUnder,r_homeCoverUnder,k_awayCoverUnder,r_awayCoverUnder,k_homeWinOver,r_homeWinOver,k_awayWinOver,r_awayWinOver,k_homeWinUnder,r_homeWinUnder,k_awayWinUnder,r_awayWinUnder
0,Florida Int'l Golden Panthers,Kennesaw State Owls,DraftKings,80.5,77.0,NCAAB,-162.0,136.0,3.5,-110.0,-110.0,157.5,-112.0,-108.0,FIU,KENN,74.67822803024484,83.02348526654791,Florida Int'l Golden Panthers,Kennesaw State Owls,21.80901954085358,15.172657111050912,2024.0,0.32856700000000005,0.6711790000000001,0.5045189999999999,0.495227,0.377526,0.622474,0.21660999999999997,0.111957,0.287909,0.38326999999999994,0.23993000000000003,0.130394,0.25653200000000004,0.35848599999999997,0.0,0.041757,0.0,0.0,0.02332,0.018437000000000002,-0.4100092999999999,0.0,0.30947590000000014,0.08706848425528191,-0.05041972000000006,0.0,-0.04992784000000006,0.0,-0.63088188,0.0,0.34488135294117644,0.16176268074488945,-0.08353942528735636,0.0,0.015077199233716476,0.0005933102548736023,-0.21940232835820897,0.0,0.15314686567164174,0.06285661940632833,-0.12903601941747572,0.0,0.042276092219020206,0.0062018198673895325,-0.2817415450236967,0.0,0.17777783098591546,0.11219759802470133
1,Chattanooga Mocs,SE Missouri State Redhawks,DraftKings,81.5,68.5,NCAAB,-1200.0,750.0,13.0,-110.0,-110.0,150.0,-110.0,-110.0,UTC,SEMO,98.0549190855453,45.91430531044168,Chattanooga Mocs,SE Missouri State Redhawks,13.490737563232042,16.852299546352718,2024.0,0.9622980000000001,0.033835000000000004,0.39253499999999997,0.588908,0.9918720000000001,0.008127999999999913,0.371073,0.57353,0.019457000000000002,0.013721,0.387318,0.5858519999999999,0.004619000000000001,0.0026660000000000004,0.0,0.025396999999999996,0.0,0.0,0.01424,0.010665000000000001,0.9208258000000002,0.7708365035869459,-1.0289465,0.0,-0.2756765000000001,0.0,0.13670679999999996,0.01698977196930909,0.8943360000000011,0.06665307340800002,-0.12412160000000011,0.0,0.13284307575757576,0.04658882653057514,-0.35196080303030297,0.0,0.4119883333333333,0.44809878115933327,-0.3598695303030303,0.0,-0.1852819999999999,0.0,-0.06073759881812213,0.0,0.19879779439252326,0.04228700246920522,-0.06281883256730138,0.0
2,Montana State Bobcats,Long Beach State 49ers,DraftKings,71.0,75.0,NCAAB,145.0,-175.0,-4.0,-110.0,-110.0,146.0,-110.0,-110.0,MTST,LBSU,72.01311959184305,62.55559342506539,Montana State Bobcats,Long Beach State 49ers,21.62582230751447,14.315659091990677,2024.0,0.6937160000000001,0.29264999999999997,0.323743,0.662096,0.6445580000000001,0.3554419999999999,0.271846,0.411221,0.048824,0.24085399999999998,0.257789,0.3696100000000001,0.06231099999999999,0.28198199999999995,0.041907,0.0,0.010413999999999998,0.031107,0.0,0.0,0.3568036000000002,0.11573528088450927,-0.48543500000000006,0.0,-0.4201397,0.0,0.29040160000000004,0.07666644480232727,0.39942558620689667,0.23133415842924845,-0.7725345000000002,0.0,-0.003969909090909107,0.0,-0.3114699393939394,0.0,0.18819865151515155,0.09350545362080064,-0.04670130303030304,0.0,0.05610122826086958,0.011582239949551732,-0.4065335,0.0,0.19830836956521752,0.14472045073778278,-0.07702700000000007,0.0
3,Seattle Redhawks,UC San Diego Tritons,DraftKings,73.75,65.75,NCAAB,-395.0,310.0,8.0,-112.0,-108.0,139.5,-110.0,-110.0,SEA,UCSD,62.85541512391428,67.48824020878929,Seattle Redhawks,UC San Diego Tritons,19.22238278674109,21.05469068877527,2024.0,0.320463,0.66658,0.377619,0.622253,0.4345085,0.5654915,0.10927899999999999,0.21118399999999998,0.263652,0.402928,0.14806399999999997,0.279379,0.224318,0.33397999999999994,0.0,0.094151,0.0,0.0,0.034096999999999995,0.060054,-0.44061844,0.0,0.3064863999999999,0.08697584572681477,-0.30700010000000016,0.0,0.2067312999999999,0.03885257309062723,-1.799182925,0.0,0.4253274677419355,0.5608007099288783,-0.23199341379310348,0.0,-0.011104716417910443,0.0,-0.09104435249042148,0.0,0.18013994029850747,0.08696706688320958,-0.4648395971223023,0.0,0.11074816105417276,0.08377100985809714,-0.23905337410071942,0.0,0.23646609077598824,0.38190772855337607
4,Pacific Tigers,Mississippi Valley State Delta Devils,DraftKings,80.5,59.5,NCAAB,-8929.0,2200.0,21.0,-110.0,-110.0,140.0,-110.0,-110.0,PAC,MVSU,71.78489888219873,67.95492304903634,Pacific Tigers,Mississippi Valley State Delta Devils,16.983605540133613,18.088012341774604,2024.0,0.23764700000000002,0.749547,0.488138,0.4956610000000001,0.560949,0.43905099999999997,0.108514,0.125207,0.37354699999999996,0.36385599999999996,0.260251,0.28394800000000003,0.22015400000000002,0.203984,0.0,0.302649,0.0,0.0,0.14566,0.152143,-0.6009412999999999,0.0,0.47404869999999993,0.20429288179244542,-0.0749102000000001,0.0,-0.05911189999999983,0.0,-38.641914789999994,0.0,0.4135533181818182,3.762579633542227,-0.2291700909090909,0.0,0.13625419696969693,0.04901214434650239,-0.2061539848484848,0.0,0.12289236363636358,0.039870687225949046,-0.5351780322580645,0.0,0.20198000792356097,1.7505530817104031,-0.486000387096774,0.0,0.18543317268701934,1.4754801543713294
5,Nebraska Cornhuskers,CSU Fullerton Titans,DraftKings,79.5,61.0,NCAAB,-5000.0,1800.0,18.5,-108.0,-112.0,140.5,-112.0,-108.0,NEB,CSUF,96.96857718260522,29.197657670487917,Nebraska Cornhuskers,CSU Fullerton Titans,17.896927110540513,17.622901766356943,2024.0,0.9684300000000001,0.031355,0.3579,0.641885,0.9955430000000001,0.004456999999999933,0.34943699999999994,0.6189929999999999,0.008463,0.022892000000000003,0.35672600000000004,0.63855,0.001036,0.002939,0.0,0.026846000000000002,0.0,0.0,0.0072889999999999995,0.019557000000000005,0.9343344000000002,0.8083155287253339,-1.0535274,0.0,-0.361252,0.0,0.2551208000000001,0.06026539128948153,0.7726930000000034,0.011941089444980084,-0.05085094444444452,0.0,0.10394152830188672,0.028630179460189586,-0.37585366666666664,0.0,0.47840001107011054,0.620228406304,-0.34582799999999997,0.0,-0.3349664731182794,0.0,-0.027538485125858124,0.0,0.2620395833333332,0.06591815350416662,-0.025076200899128966,0.0
6,Siena Saints,Albany Great Danes,DraftKings,69.5,71.5,NCAAB,110.0,-130.0,-2.0,-105.0,-115.0,141.0,-110.0,-110.0,SIE,ALB,62.15593070308316,78.33189264900881,Siena Saints,Albany Great Danes,17.378147196982766,13.23631368621944,2024.0,0.250944,0.7339709999999998,0.482251,0.49916999999999995,0.229634,0.770366,0.15496100000000002,0.09136499999999999,0.318995,0.40131199999999995,0.139114,0.07947599999999999,0.335151,0.41374599999999995,0.014342999999999995,0.0,0.007861,0.005941,0.0,0.0,-0.5355648,0.0,0.4280376499999996,0.15931846071088884,-0.0872729000000001,0.0,-0.05174300000000015,0.0,-0.4706987272727272,0.0,0.4718418,0.17125744940556922,-0.1545770952380952,0.0,0.05401250972762639,0.0074975926021877285,-0.24146833333333334,0.0,0.16835947081712052,0.0728464223335196,-0.1468946378737542,0.0,0.055802680672268845,0.007411175225102669,-0.22634592691029903,0.0,0.1674207899159663,0.06671073573268495
7,Los Angeles Chargers,Baltimore Ravens,DraftKings,22.75,25.75,NFL,140.0,-166.0,-3.0,-108.0,-112.0,48.5,-110.0,-110.0,LAC,BAL,16.628274996325814,42.14686265666552,Los Angeles Chargers,Baltimore Ravens,12.000547125574371,13.332045392340756,2023.0,0.12314099999999997,0.8664630000000001,0.6725570000000001,0.327431,0.10768599999999998,0.892314,0.122866,0.0002750000000000002,0.539389,0.327074,0.101826,7.299999999999999e-05,0.5592519999999999,0.32726299999999997,0.009667999999999998,0.0,0.009561,0.00010699999999999999,0.0,0.0,-0.8238667200000002,0.0,0.7169015600000002,0.4588820060093159,0.31236970000000014,0.08870439043462737,-0.4123949,0.0,-0.529681142857143,0.0,0.7135552400000001,0.3067235424888299,-0.2044228059701492,0.0,0.36290968965517245,0.34374598582705135,-0.3727567164179104,0.0,0.06924794636015319,0.012515675776007495,-0.14906059217877096,0.0,0.34529666019417454,0.24561335409497753,-0.27923621787709496,0.0,0.0006916407766989763,9.854359458251773e-07
8,UNC Asheville Bulldogs,Western Kentucky Hilltoppers,DraftKings,74.25,77.25,NCAAB,124.0,-148.0,-3.0,-110.0,-110.0,151.5,-110.0,-110.0,UNCA,WKU,63.37542296383718,88.47920593091693,UNC Asheville Bulldogs,Western Kentucky Hilltoppers,23.37947818066092,21.32447732849116,2024.0,0.241564,0.748314,0.5138560000000001,0.486103,0.21749349999999998,0.7825065,0.13356300000000002,0.10800099999999999,0.374991,0.373323,0.11819299999999998,0.094575,0.39057200000000003,0.387168,0.019344999999999998,0.0,0.010279,0.009065999999999998,0.0,0.0,-0.5927156,0.0,0.4714594000000001,0.2020672416803273,-0.020902399999999877,0.0,-0.07918370000000002,0.0,-0.41356012903225803,0.0,0.46061611999999996,0.14335622297557732,-0.19463283333333328,0.0,0.13824516666666672,0.05045495692167337,-0.22987740909090906,0.0,0.13594534848484854,0.048790203725120634,-0.15065059756097565,0.0,0.11355927272727279,0.02837055852916368,-0.18146920731707317,0.0,0.10860800000000004,0.02595053486080002
9,UIC Flames,UNC Greensboro Spartans,DraftKings,69.0,71.0,NCAAB,105.0,-125.0,-2.0,-110.0,-110.0,140.0,-110.0,-110.0,UIC,UNCG,74.58977852735039,69.78204918618191,UIC Flames,UNC Greensboro Spartans,15.96871942267131,17.82881562714323,2024.0,0.603677,0.380141,0.5643800000000001,0.41904,0.5793275000000001,0.4206724999999999,0.32430000000000003,0.269494,0.231004,0.14318,0.30557500000000004,0.256195,0.249518,0.156266,0.016158000000000002,0.0,0.009437999999999997,0.00672,0.0,0.0,0.16772170000000003,0.02557324422808183,-0.30170389999999997,0.0,0.08519800000000022,0.00659881745818185,-0.22001599999999993,0.0,0.17868702380952406,0.033525505101800676,-0.30348687500000016,0.0,0.06835303030303036,0.012334441024242438,-0.060282363636363634,0.0,-0.007212818181818126,0.0,-0.18137303030303029,0.0,0.06694097938144336,0.013039985636791268,-0.05805659016393441,0.0,0.0005919072164948247,1.0195305850516013e-06,-0.1895266229508197,0.0
10,Denver Broncos,Cleveland Browns,DraftKings,19.25,17.75,NFL,-122.0,102.0,1.5,-108.0,-112.0,37.0,-110.0,-110.0,DEN,CLE,17.214848234852386,20.271669387511828,Denver Broncos,Cleveland Browns,15.14412243890165,19.73631734195167,2023.0,0.42735699999999993,0.572659,0.38397800000000004,0.5928439999999999,0.48396999999999996,0.51603,0.18321400000000002,0.233038,0.200764,0.35980599999999996,0.185681,0.24449999999999997,0.19313,0.26817500000000005,0.0,0.013944999999999999,0.0,0.0,0.002467,0.011461999999999998,-0.19109744000000012,0.0,0.0940370800000001,0.007895511084755722,-0.29364619999999997,0.0,0.14497239999999983,0.019106360692509046,-0.14558660000000007,0.0,0.041549607843137215,0.0017608973101568607,-0.12155689552238805,0.0,-0.10545668965517246,0.0,-0.053141850746268676,0.0,0.11452094252873557,0.034230270784718575,-0.14400280566801618,0.0,-0.08899237762237763,0.0,-0.06137044534412958,0.0,0.012292132867132932,0.00043213607701049326
11,Coastal Carolina Chanticleers,North Carolina Central Eagles,DraftKings,74.75,70.75,NCAAB,-175.0,145.0,4.0,-112.0,-108.0,145.5,-110.0,-110.0,CCU,NCCU,80.38716303443611,68.380688477119,Coastal Carolina Chanticleers,North Carolina Central Eagles,17.494556976657734,24.587307991842344,2024.0,0.592667,0.394296,0.550865,0.449038,0.649822,0.350178,0.277897,0.31477,0.265332,0.128964,0.307914,0.335683,0.235394,0.10846199999999999,0.0,0.037989999999999996,0.0,0.0,0.022381,0.015608999999999998,0.13645404000000017,0.016624736636001444,-0.25986432000000004,0.0,0.0568165000000001,0.002934649702045469,-0.1570202,0.0,0.037010499999999946,0.0007827297772857109,-0.09797510344827587,0.0,0.0012291839080459943,3.943430938275862e-06,-0.008797850746268598,0.0,0.05222977011494251,0.0071199465931379305,-0.1960494328358209,0.0,-0.03812899999999997,0.0,0.027620630434782606,0.0028074691502626052,0.003524499999999986,2.4844200500000193e-05,-0.13380376086956525,0.0
12,Middle Tennessee Blue Raiders,Kansas City Roos,DraftKings,65.75,59.25,NCAAB,-285.0,230.0,6.5,-110.0,-110.0,125.0,-110.0,-110.0,MTSU,KC,85.02915639181931,46.92862186611284,Middle Tennessee Blue Raiders,Kansas City Roos,27.86549325394608,16.144142384571975,2024.0,0.83734,0.162477,0.590301,0.39727200000000007,0.8835465,0.11645349999999999,0.5450929999999999,0.281898,0.045208,0.11537399999999999,0.560145,0.309176,0.028038999999999998,0.083582,0.0,0.042891,0.0,0.0,0.015052,0.027278,0.6584139999999999,0.3940990867236363,-0.7587983,0.0,0.13963209999999993,0.017724657591281813,-0.2657287999999999,0.0,0.551654025,0.10677970642059677,-0.2676971521739131,0.0,0.3727797424242424,0.3668669039953751,-0.3164556363636364,0.0,0.00988966666666663,0.00025820653789333103,-0.21971160606060608,0.0,0.28175575949367093,0.12543036665241142,-0.1553498679245283,0.0,-0.12805437974683542,0.0,-0.08932705660377359,0.0
13,Kent State Golden Flashes,Charleston Cougars,DraftKings,77.5,71.0,NCAAB,-290.0,235.0,6.5,-112.0,-108.0,148.5,-110.0,-110.0,KENT,COFC,83.17123214149356,69.28358497138748,Kent State Golden Flashes,Charleston Cougars,21.63947011057957,22.54033421816692,2024.0,0.591088,0.40888899999999995,0.554769,0.445208,0.6697665,0.33023349999999996,0.32305199999999995,0.26803600000000005,0.231717,0.17717200000000002,0.363517,0.30037600000000003,0.18475799999999998,0.139579,0.0,0.072805,0.0,0.0,0.040465,0.03234,0.13310655999999993,0.01581906813842282,-0.22951088000000008,0.0,0.06501489999999988,0.003842670201827258,-0.16506320000000002,0.0,-0.2879106499999998,0.0,0.045226478723404184,0.004806770787638554,0.06368495019157078,0.010585567219156437,-0.05495576119402984,0.0,-0.012409977011494211,0.0,-0.1298533731343283,0.0,-0.041886184713375796,0.0,0.03378725925925924,0.006164525996562953,-0.14524438216560503,0.0,-0.019758222222222205,0.0
14,Brooklyn Nets,Chicago Bulls,DraftKings,109.0,105.5,NBA,-148.0,124.0,3.5,-110.0,-110.0,214.5,-110.0,-110.0,BKN,CHI,115.30256801994238,104.03167130902696,Brooklyn Nets,Chicago Bulls,15.690573135690046,16.949979167964802,2024.0,0.6219919999999999,0.377976,0.6036849999999998,0.39628300000000005,0.679286,0.32071400000000005,0.36970800000000004,0.252284,0.23397700000000002,0.14399900000000002,0.39919000000000004,0.272096,0.195072,0.11760999999999999,0.0,0.049294,0.0,0.0,0.029481999999999998,0.019812000000000003,0.20618319999999973,0.03864682905658171,-0.30625040000000003,0.0,0.16773849999999957,0.025578367620227162,-0.2678056999999999,0.0,0.20462927999999986,0.02829266367116103,-0.22709729032258053,0.0,0.13096103030303036,0.04527808944920246,-0.05618322727272726,0.0,-0.030941757575757567,0.0,-0.180243803030303,0.0,0.12609454545454551,0.0349796356654546,-0.050332878048780505,0.0,-0.058769454545454514,0.0,-0.15141134146341467,0.0
15,Indianapolis Colts,Tampa Bay Buccaneers,DraftKings,24.0,21.5,NFL,-155.0,130.0,2.5,-118.0,-102.0,45.5,-110.0,-110.0,IND,TB,23.436468218047786,17.557457365556616,Indianapolis Colts,Tampa Bay Buccaneers,11.979612310551252,14.686350427825454,2023.0,0.591845,0.408174,0.35202100000000003,0.647998,0.6373270000000001,0.3626729999999999,0.18217400000000006,0.40967100000000006,0.169847,0.238327,0.18686499999999998,0.42778599999999994,0.159585,0.18043100000000004,0.0,0.022806,0.0,0.0,0.004691000000000001,0.018115,0.11022209999999988,0.010295687566449123,-0.19548852,0.0,-0.3607559,0.0,0.2607957999999999,0.06183131754330909,0.07518385000000016,0.0036468460005306654,-0.1275785384615386,0.0,-0.14107738339920944,0.0,-0.12876918705035975,0.0,0.1763393794466404,0.07867180916137433,-0.0356560935251799,0.0,-0.19310462616822435,0.0,-0.08832502949852505,0.0,0.16039628037383175,0.05505570886160821,-0.06132976696165188,0.0
16,UC Davis Aggies,Sacramento State Hornets,DraftKings,75.25,66.25,NCAAB,-455.0,350.0,9.0,-110.0,-110.0,141.5,-110.0,-110.0,UCD,SAC,91.49894118854908,55.95163945087588,UC Davis Aggies,Sacramento State Hornets,14.155093311831848,29.714755032923737,2024.0,0.7662869999999999,0.224019,0.624431,0.375399,0.8473044999999999,0.1526955000000001,0.41527300000000006,0.35101400000000005,0.20148,0.022539,0.47989200000000004,0.363687,0.138037,0.010763,0.0,0.067768,0.0,0.0,0.056941,0.010827,0.5092026999999999,0.23571580880662718,-0.6295601000000001,0.0,0.2113050999999999,0.040590768441827255,-0.3116621,0.0,0.1525399749999995,0.005113943730329795,-0.08939149999999987,0.0,0.19378550000000008,0.0991394448270601,-0.10098969696969695,0.0,0.10518596969696978,0.029209192903682464,-0.3477113787878788,0.0,0.08883335338345871,0.010495515015556114,0.024471387351778645,0.004545262383808809,-0.11474382706766917,0.0,-0.11957125559947301,0.0
17,Quinnipiac Bobcats,Stonehill Skyhawks,DraftKings,83.75,71.25,NCAAB,-1100.0,700.0,12.5,-110.0,-110.0,155.0,-110.0,-110.0,QUIN,STO,96.23068199348666,59.63653742981469,Quinnipiac Bobcats,Stonehill Skyhawks,29.839012494830765,25.404067915723,2024.0,0.714668,0.285378,0.5112659999999999,0.47795299999999996,0.815431,0.18456899999999998,0.388341,0.318365,0.122925,0.15958799999999998,0.432622,0.37024599999999996,0.07539900000000001,0.103718,0.0,0.097146,0.0,0.0,0.044280999999999994,0.05188100000000001,0.4008027999999999,0.14603898589803632,-0.5007062,0.0,-0.026341400000000292,0.0,-0.09629870000000007,0.0,-1.2148279999999996,0.0,0.06807885714285712,0.032443115529142835,0.15665198484848486,0.0647851891024006,-0.20930037878787877,0.0,0.06016992424242429,0.00955790822801516,-0.1587498787878788,0.0,-0.09272799999999987,0.0,0.010605657323055365,0.0016050891327156918,-0.21285955555555558,0.0,0.040909170287316055,0.023881704248023803
18,Milwaukee Bucks,Portland Trail Blazers,DraftKings,121.75,109.25,NBA,-750.0,525.0,12.5,-110.0,-110.0,231.0,-110.0,-110.0,MIL,POR,123.29900775762744,102.96719545584212,Milwaukee Bucks,Portland Trail Blazers,15.601968740240077,13.186776385021904,2024.0,0.6473519999999999,0.352584,0.40495800000000004,0.57589,0.839512,0.16048799999999996,0.28802799999999995,0.34648999999999996,0.11692999999999999,0.22939999999999997,0.35415100000000005,0.4630679999999999,0.046696999999999995,0.10489200000000001,0.0,0.18614,0.0,0.0,0.066123,0.11657799999999999,0.2594391999999998,0.061189725906036316,-0.35957360000000005,0.0,-0.24958819999999993,0.0,0.109369,0.010874161964545461,-0.3641479999999997,0.0,0.0005809523809523487,1.7719047619045329e-06,0.018341636363636282,0.000888137248669083,-0.21756621212121213,0.0,0.0989483333333333,0.025847639847333313,-0.06249393939393946,0.0,-0.20261537931034473,0.0,-0.04052193870082343,0.0,0.00019558620689635875,4.437459862061034e-08,0.02299739798719122,0.005780661834001248
19,Tennessee Titans,Carolina Panthers,DraftKings,20.0,16.5,NFL,-180.0,150.0,3.5,-110.0,-110.0,36.5,-110.0,-110.0,TEN,CAR,25.029875436085984,14.976347291032472,Tennessee Titans,Carolina Panthers,13.532265967760988,9.947082207584517,2023.0,0.583752,0.416242,0.5057619999999999,0.49423199999999995,0.6665239999999999,0.3334760000000001,0.282275,0.30147700000000005,0.223487,0.19275499999999998,0.29609199999999997,0.35005100000000006,0.201946,0.111143,0.0,0.062390999999999995,0.0,0.0,0.013817000000000001,0.048574000000000006,0.12587920000000008,0.014405066356945483,-0.22589179999999998,0.0,-0.03789980000000015,0.0,-0.062112800000000024,0.0,0.06626719999999975,0.002439634331022207,-0.11087333333333316,0.0,0.010409469696969709,0.0002860626367424255,-0.0706467121212121,0.0,0.036884954545454596,0.0035917196616054668,-0.1130196212121212,0.0,-0.06122170558375639,0.0,-0.009739411140583576,0.0,0.02012764974619302,0.0007980909000816829,-0.1246280875331565,0.0
20,Lamar Cardinals,Delaware State Hornets,DraftKings,76.0,71.5,NCAAB,-185.0,154.0,4.5,-110.0,-110.0,147.5,-110.0,-110.0,LAM,DSU,76.1426469021288,65.41353708087485,Lamar Cardinals,Delaware State Hornets,19.294706898155106,14.183659276653206,2024.0,0.603015,0.396787,0.40213299999999996,0.597669,0.6732549999999999,0.32674500000000006,0.28711699999999996,0.315898,0.115016,0.281771,0.309448,0.35625500000000004,0.08731900000000001,0.231676,0.0,0.062688,0.0,0.0,0.022331,0.040357000000000004,0.1663314999999999,0.025151061720227245,-0.2667473,0.0,-0.25552070000000005,0.0,0.1551049,0.021870481821827267,0.06877674999999983,0.0025568872111148577,-0.1104335714285713,0.0,0.017085560606060535,0.0007706592464296926,-0.22020521212121208,0.0,0.056768454545454594,0.008507815619105472,0.00971456060606063,0.00024914389570969805,-0.04650663917525777,0.0,-0.14974099999999999,0.0,0.024427680412371144,0.0011576204464381471,0.03211132467532468,0.003969878113755845
21,Lafayette Leopards,Belmont Bruins,DraftKings,71.75,78.25,NCAAB,225.0,-278.0,-6.5,-110.0,-110.0,150.0,-110.0,-110.0,LAF,BEL,68.73598887847118,78.81171026287015,Lafayette Leopards,Belmont Bruins,17.968490940161523,13.565888593576656,2024.0,0.436833,0.5628690000000001,0.448128,0.533979,0.32724200000000003,0.672758,0.239052,0.189756,0.20907599999999998,0.34422299999999995,0.18261,0.131077,0.257723,0.39528099999999994,0.10155,0.0,0.048647,0.05105799999999999,0.0,0.0,-0.18265069999999994,0.0,0.08202490000000012,0.006116440200009117,-0.15893119999999988,0.0,0.021355899999999983,0.00041461314982727465,0.02823844444444451,0.0017941719254444515,-0.23697476000000017,0.0,-0.04918587878787878,0.0,-0.09051642424242423,0.0,-0.11715460606060604,0.0,0.09582262121212115,0.024240413302938763,0.025419615384615374,0.00336001560076923,-0.20620012500000007,0.0,-0.03602357692307692,0.0,0.01733162499999996,0.0004806163602249979
22,Philadelphia Eagles,Buffalo Bills,DraftKings,25.75,22.75,NFL,-162.0,130.0,3.0,-110.0,-110.0,48.5,-110.0,-110.0,PHI,BUF,25.296222074221845,26.381313898639423,Philadelphia Eagles,Buffalo Bills,11.33952593739476,12.76002279849773,2023.0,0.41483200000000003,0.555298,0.5075379999999999,0.49243700000000007,0.4919965,0.5080035,0.22101,0.193822,0.276746,0.27855199999999997,0.24073699999999998,0.23295500000000002,0.256592,0.233082,0.0,0.029015,0.0,0.0,0.009944999999999999,0.01907,-0.2288527999999999,0.0,0.0661257999999999,0.003975110386945452,-0.03417020000000015,0.0,-0.0658822999999999,0.0,-0.3309691700000001,0.0,0.12954465384615393,0.021816362542155788,-0.07406196969696968,0.0,0.0027861515151514915,2.049337030060586e-05,-0.11154845454545453,0.0,0.00527624242424235,7.349425807515013e-05,-0.12254673205741634,0.0,0.03729760471976398,0.004715867367449673,-0.13405217703349281,0.0,0.006852501474926276,0.0001591834722125093
23,Cincinnati Bengals,Pittsburgh Steelers,DraftKings,17.0,19.0,NFL,114.0,-142.0,-2.0,-110.0,-110.0,36.0,-112.0,-108.0,CIN,PIT,19.69019865584316,21.31893723751237,Cincinnati Bengals,Pittsburgh Steelers,12.320263344948795,10.26753243102851,2023.0,0.474743,0.517392,0.483387,0.502073,0.43213300000000004,0.5678669999999999,0.23585399999999998,0.23261099999999998,0.244812,0.26480699999999996,0.22463,0.17496099999999998,0.25131299999999995,0.28202200000000005,0.016339999999999997,0.0,0.0037800000000000004,0.01256,0.0,0.0,-0.10303969999999996,0.0,-0.013476800000000067,0.0,-0.09521955999999998,0.0,-0.03568815999999997,0.0,-0.06599594736842096,0.0,-0.045761860000000265,0.0,-0.056922245210728,0.0,-0.044532061302681974,0.0,-0.05372817910447761,0.0,-0.00951874626865673,0.0,-0.02958967213114755,0.0,-0.08442108071748888,0.0,-0.08947457692307698,0.0,-0.03288063157894733,0.0
24,Appalachian State Mountaineers,Austin Peay Governors,DraftKings,70.75,63.25,NCAAB,-345.0,275.0,7.5,-110.0,-110.0,134.0,-105.0,-115.0,APP,APSU,82.74957983032452,40.1864702113848,Appalachian State Mountaineers,Austin Peay Governors,11.61895003862225,24.171608690086533,2024.0,0.887643,0.112075,0.391751,0.59187,0.9337395,0.06626050000000006,0.30253599999999997,0.570389,0.08921499999999999,0.021481,0.33411299999999994,0.58183,0.053876,0.008974,0.0,0.043608999999999995,0.0,0.0,0.031577,0.011441,0.7640503,0.5307026008455363,-0.8646425,0.0,-0.24691045000000006,0.0,0.12252049999999998,0.013053280800217386,0.7051407749999997,0.14412275726597099,-0.27328113636363627,0.0,0.047054681318681235,0.00604461048282724,-0.24440587912087913,0.0,0.40322518677042807,0.4178577167023397,-0.3592656926070039,0.0,-0.10397055263157906,0.0,-0.095827164556962,0.0,0.28525553191489356,0.11473271306814889,-0.15592217304492512,0.0
25,Western Carolina Catamounts,North Alabama Lions,DraftKings,77.5,69.0,NCAAB,-425.0,330.0,8.5,-110.0,-110.0,146.5,-110.0,-110.0,WCU,UNA,77.39249058829974,56.56648179309086,Western Carolina Catamounts,North Alabama Lions,26.31951114034352,21.57622147952077,2024.0,0.637196,0.362671,0.367473,0.632394,0.7285445,0.27145549999999996,0.263398,0.37379799999999996,0.10407499999999999,0.25859600000000005,0.290882,0.432485,0.073506,0.192639,0.0,0.086171,0.0,0.0,0.027483999999999998,0.058687,0.23811159999999998,0.051542849140509064,-0.3383909,0.0,-0.3283067000000001,0.0,0.2280274,0.04726954104614549,-0.4251413749999998,0.0,0.05068443939393932,0.008477410909037095,-0.015617909090909043,0.0,-0.23529053030303032,0.0,0.13660027272727268,0.04926143510419633,-0.022238848484848417,0.0,-0.23052829411764708,0.0,-0.0549952482662968,0.0,0.015194558823529436,0.00031398948026470857,0.08066105270457698,0.046909741102790045
26,La Salle Explorers,Coppin State Eagles,DraftKings,76.25,58.25,NCAAB,-4500.0,1700.0,18.0,-110.0,-110.0,134.5,-110.0,-110.0,LAS,COPP,83.93183985007028,45.84015505550043,La Salle Explorers,Coppin State Eagles,18.51215816699933,16.518676298864467,2024.0,0.779687,0.20830500000000002,0.4361409999999999,0.563726,0.9360335,0.06396650000000004,0.356088,0.423599,0.075538,0.13276700000000002,0.413702,0.519772,0.020666999999999998,0.040607,0.0,0.14191199999999998,0.0,0.0,0.05309899999999999,0.088813,0.5373427000000001,0.26248834294844553,-0.6625595,0.0,-0.1841039000000002,0.0,0.08382459999999986,0.00638778505923635,-1.9424590000000015,0.0,0.008905705882352982,0.0013482971534706004,0.11218193939393942,0.03322383906912971,-0.27463699999999996,0.0,0.20526528787878792,0.11123333339701882,-0.19573034848484844,0.0,-0.2034537894736842,0.0,-0.008689504796163074,0.0,0.014268842105263135,0.00019341986227368384,0.011848217026378893,0.004683085030051267
27,New York Giants,New England Patriots,DraftKings,15.0,19.0,NFL,170.0,-205.0,-4.0,-108.0,-112.0,34.0,-110.0,-110.0,NYG,NE,14.09441363956384,20.833186983836548,New York Giants,New England Patriots,13.649804823409443,15.05736505582044,2023.0,0.5599660000000001,0.40572900000000006,0.432947,0.547289,0.44990050000000004,0.5500995,0.2188,0.331947,0.209799,0.185418,0.20355499999999999,0.198369,0.22403399999999998,0.275362,0.06995399999999999,0.0,0.009887,0.060020000000000004,0.0,0.0,0.08472928000000018,0.00664726934196152,-0.2598545199999999,0.0,-0.19081130000000007,0.0,0.04930690000000004,0.0022101548978272767,0.12631255882352949,0.02712326627813091,-0.3721965250000001,0.0,-0.07269253731343284,0.0,-0.09296000383141761,0.0,0.08267349253731343,0.018317549067090152,-0.12668238314176247,0.0,0.011640542168674689,0.0005623342212198797,-0.19768665217391304,0.0,0.005204903614457829,0.00011242773978855382,-0.11846299999999998,0.0
28,Saint Joseph's Hawks,Sacred Heart Pioneers,DraftKings,80.5,70.0,NCAAB,-650.0,470.0,10.5,-110.0,-110.0,150.5,-110.0,-110.0,JOES,SHU,78.31679551361111,68.90592910548364,Saint Joseph's Hawks,Sacred Heart Pioneers,24.0762677063258,19.539703170723964,2024.0,0.486755,0.5131760000000001,0.46053,0.539401,0.6206865000000001,0.37931349999999986,0.256805,0.22995,0.203725,0.30945100000000003,0.31387100000000007,0.30058799999999997,0.141393,0.231624,0.0,0.127704,0.0,0.0,0.057066000000000006,0.070638,-0.07781449999999995,0.0,-0.02233039999999986,0.0,-0.13288699999999998,0.0,0.032742099999999996,0.0009745864658272764,-1.8448512499999987,0.0,0.24725254255319132,0.2873289530553831,-0.024708257575757564,0.0,-0.09789431818181821,0.0,-0.061735606060606074,0.0,0.04787940909090915,0.006052035831321831,-0.25790316666666663,0.0,0.054489457489878546,0.029334717658107853,-0.2822553333333334,0.0,0.15385314979757087,0.23386742202202174
29,Wofford Terriers,Lipscomb Bisons,DraftKings,76.25,84.25,NCAAB,310.0,-395.0,-8.0,-110.0,-110.0,160.5,-110.0,-110.0,WOF,LIP,72.08462747632286,85.96289181073392,Wofford Terriers,Lipscomb Bisons,15.088942656004448,24.766625007976245,2024.0,0.41237,0.5739150000000001,0.466226,0.5335779999999999,0.3152755,0.6847245,0.119781,0.292589,0.340839,0.233076,0.07937899999999998,0.229715,0.38237600000000005,0.295971,0.09091300000000001,0.0,0.035931,0.054981999999999996,0.0,0.0,-0.23402299999999998,0.0,0.10522150000000013,0.010065058238409122,-0.12092540000000002,0.0,0.020513799999999693,0.0003825599913090832,0.09439662903225807,0.027623243075226595,-0.5606137250000001,0.0,-0.21363528787878786,0.0,0.09115680303030305,0.021937245630182425,0.02463028787878785,0.0016015588538187857,-0.057425515151515116,0.0,-0.055411775988287004,0.0,-0.061957812949640256,0.0,0.1169353513909224,0.09339257584559335,-0.2105246834532375,0.0
30,Colorado Buffaloes,Iona Gaels,DraftKings,82.5,64.5,NCAAB,-5000.0,1800.0,18.0,-110.0,-110.0,147.0,-110.0,-110.0,COLO,IONA,90.54422495083334,60.43961952864011,Colorado Buffaloes,Iona Gaels,19.261360284258224,14.404860290887935,2024.0,0.6858440000000001,0.29942799999999997,0.557788,0.42573999999999995,0.8947815000000001,0.10521849999999988,0.42297599999999996,0.251685,0.12737600000000002,0.16688599999999998,0.518266,0.358078,0.036295,0.063306,0.0,0.19054100000000002,0.0,0.0,0.087854,0.099224,0.34027240000000025,0.10525936927432741,-0.47120120000000004,0.0,0.07135479999999988,0.0046286431663999875,-0.20594600000000002,0.0,-4.366143499999994,0.0,0.05550841666666654,0.055461317775124745,0.20440630303030302,0.11030431293688242,-0.2031633939393939,0.0,-0.03176765151515154,0.0,-0.14868748484848487,0.0,0.011177578947368372,0.00011869135756842031,0.008971353841791894,0.002838712642645947,-0.3176293684210526,0.0,0.036748188829033177,0.047629644310697605
31,Texas A&M Aggies,Iowa State Cyclones,DraftKings,66.75,67.75,NCAAB,-110.0,-110.0,-1.0,-115.0,-105.0,134.5,-110.0,-110.0,TA&M,ISU,59.59317774692227,76.84764736943879,Texas A&M Aggies,Iowa State Cyclones,14.47411482613013,23.16894473211933,2024.0,0.26727300000000004,0.72032,0.529815,0.470009,0.26123999999999997,0.7387600000000001,0.083001,0.184272,0.441617,0.27870300000000003,0.07818800000000001,0.177019,0.44681399999999993,0.285737,0.0,0.0,0.0,0.0,0.0,0.0,-0.57536305,0.0,0.4266559999999999,0.17336699270095235,0.012611500000000109,0.00014459084750000198,-0.11298109999999995,0.0,-0.5513960000000002,0.0,0.4513960000000002,0.1852348625600002,-0.27380794941634246,0.0,0.23708110256410253,0.15344633629691865,-0.1331318910505837,0.0,0.014491644688644723,0.0005733212005846541,-0.2709832121212121,0.0,0.2372738484848484,0.1486290410215005,-0.13471622727272722,0.0,0.015182833333333368,0.0006085686499933353
32,Houston Texans,Jacksonville Jaguars,DraftKings,23.25,24.75,NFL,110.0,-130.0,-1.5,-110.0,-110.0,48.0,-110.0,-110.0,HOU,JAX,26.25065024461424,22.48495255815948,Houston Texans,Jacksonville Jaguars,13.711309200802088,14.389811210251048,2023.0,0.65225,0.34774,0.392393,0.588354,0.619452,0.380548,0.21754199999999999,0.421752,0.17485100000000003,0.166602,0.207617,0.381923,0.17817500000000003,0.17793399999999998,0.014656,0.0,0.0033239999999999997,0.011332,0.0,0.0,0.269725,0.06613779602272729,-0.3697460000000001,0.0,-0.2759747,0.0,0.1355434000000001,0.01670183025778184,0.27349927272727276,0.08228203740058183,-0.4247396,0.0,-0.07884360606060606,0.0,-0.1377054393939393,0.0,0.20271866666666669,0.10849042463189336,-0.1490790606060606,0.0,-0.05563316611295688,0.0,-0.16712962184873947,0.0,0.17658180398671097,0.09385521183259565,-0.1674718823529412,0.0
33,Towson Tigers,Morgan State Bears,DraftKings,78.0,64.5,NCAAB,-1200.0,750.0,13.5,-105.0,-115.0,142.5,-110.0,-110.0,TOW,MORG,80.19584739836932,55.60763958457608,Towson Tigers,Morgan State Bears,25.53969832390724,18.63803075639137,2024.0,0.6354510000000001,0.3644009999999999,0.422382,0.57747,0.7825069999999998,0.21749300000000016,0.314356,0.321095,0.108026,0.256375,0.3635259999999999,0.414137,0.055884,0.156617,0.0,0.142212,0.0,0.0,0.049170000000000005,0.093042,0.25267455000000016,0.06080421735019296,-0.3665378500000001,0.0,-0.21299779999999996,0.0,0.11268700000000009,0.01154396360818183,-1.827409000000002,0.0,0.11315873333333351,0.09603674197203364,0.0632043516483517,0.01090577688369759,-0.23904559533073932,0.0,0.07241184981684984,0.014314689463341584,-0.03297324902723736,0.0,-0.2313095140186917,0.0,-0.006106544977019034,0.0,-0.13339851401869163,0.0,0.1012405718975706,0.1561022212537813
34,Louisville Cardinals,New Mexico State Aggies,DraftKings,75.5,68.5,NCAAB,-325.0,260.0,7.0,-112.0,-108.0,144.0,-110.0,-110.0,LOU,NMSU,83.42540086246403,56.81038591765818,Louisville Cardinals,New Mexico State Aggies,22.749463625283457,24.15722311383137,2024.0,0.7066129999999999,0.282754,0.46797199999999994,0.5195639999999999,0.7806335,0.21936650000000002,0.327469,0.370253,0.135575,0.143704,0.359819,0.406593,0.10393100000000001,0.108194,0.0,0.058876000000000005,0.0,0.0,0.027422000000000002,0.030733,0.37801955999999987,0.12758820334160134,-0.4918716800000001,0.0,-0.11725880000000011,0.0,-0.008915600000000246,0.0,0.06769237499999992,0.001409925425581732,-0.0808771538461538,0.0,0.06979428735632182,0.012713943049175511,-0.18697164179104475,0.0,0.12897062452107277,0.04341323139221797,-0.17580943283582084,0.0,-0.06696833333333335,0.0,-0.048721299829642226,0.0,0.010988333333333322,0.000181115204166666,-0.04373206473594547,0.0
35,George Washington Revolutionaries,Delaware Blue Hens,DraftKings,73.5,75.5,NCAAB,110.0,-130.0,-2.0,-110.0,-110.0,149.0,-110.0,-110.0,GW,DEL,75.27930250662084,70.49299986366972,George Washington Revolutionaries,Delaware Blue Hens,15.99583279065728,23.7241086941814,2024.0,0.583233,0.403,0.452114,0.53377,0.5625295,0.4374705,0.20525400000000002,0.369787,0.240196,0.15701799999999996,0.192143,0.355686,0.253288,0.170848,0.013744,0.0,0.006428000000000001,0.0068650000000000004,0.0,0.0,0.12478929999999999,0.014156699449536361,-0.2536999999999999,0.0,-0.15056059999999993,0.0,0.020916999999999963,0.00039774626272727346,0.16482904545454552,0.029885475648002285,-0.29381785000000005,0.0,-0.09578615151515149,0.0,-0.04760854545454549,0.0,0.13106995454545453,0.04535343907920544,-0.16229336363636368,0.0,-0.07624802990033225,0.0,-0.060456537815126055,0.0,0.14162819269102986,0.06037622034443174,-0.17753519327731093,0.0
36,Denver Nuggets,San Antonio Spurs,DraftKings,120.0,108.5,NBA,-700.0,500.0,11.5,-110.0,-110.0,228.5,-110.0,-110.0,DEN,SA,118.81330072028656,104.6266071815251,Denver Nuggets,San Antonio Spurs,15.799129722867653,14.957021762369672,2024.0,0.543842,0.45609800000000006,0.41628,0.5836600000000001,0.74031,0.25969,0.23797599999999997,0.30586599999999997,0.178304,0.27779400000000004,0.313692,0.41904299999999994,0.09680499999999999,0.15525,0.0,0.188893,0.0,0.0,0.075716,0.113177,0.04206820000000011,0.0016088485920363739,-0.14219419999999988,0.0,-0.225812,0.0,0.12568600000000013,0.014360882360000046,-1.0775199999999998,0.0,0.11162799999999998,0.06230405191999997,-0.05066945454545457,0.0,-0.13294448484848484,0.0,0.04293645454545453,0.004866943300385452,0.004231121212121325,4.726230091879025e-05,-0.26792494915254234,0.0,0.010374856459330131,0.0011248134064653075,-0.07329344067796623,0.0,0.07441267942583732,0.05786422968002391
37,Atlanta Falcons,New Orleans Saints,DraftKings,19.75,21.75,NFL,110.0,-130.0,-2.0,-108.0,-112.0,41.5,-110.0,-110.0,ATL,NO,16.218243620782935,19.822236362675312,Atlanta Falcons,New Orleans Saints,11.5974135047432,11.057928276932246,2023.0,0.5003219999999999,0.493039,0.346062,0.653938,0.448481,0.551519,0.172565,0.32775699999999997,0.171652,0.321387,0.16614900000000002,0.245382,0.17557,0.338999,0.014891,0.0,0.002073,0.012818,0.0,0.0,-0.03933024000000018,0.0,-0.0747573199999999,0.0,-0.3732698000000001,0.0,0.2732698,0.06788762144730914,-0.052899909090909025,0.0,-0.03150629999999999,0.0,-0.1361794029850746,0.0,-0.14572271264367817,0.0,0.07692005970149252,0.015856744166409534,0.061382019157088075,0.009833833439840936,-0.11087791029900332,0.0,-0.17082915966386558,0.0,-0.005321654485049843,0.0,0.061267487394957965,0.008933817927825372
38,Boston Celtics,Atlanta Hawks,DraftKings,121.75,114.25,NBA,-325.0,260.0,7.5,-110.0,-110.0,236.0,-110.0,-110.0,BOS,ATL,122.6581727758809,113.3647935073161,Boston Celtics,Atlanta Hawks,19.10272020980047,14.364647092100316,2024.0,0.530841,0.469165,0.49534300000000003,0.487916,0.652934,0.347066,0.306897,0.21491,0.18844599999999997,0.27300599999999997,0.360298,0.274081,0.128136,0.205628,0.0,0.114236,0.0,0.0,0.05340100000000001,0.059171,0.014766100000000004,0.00019821609928181918,-0.11475350000000001,0.0,-0.059779699999999936,0.0,-0.07537640000000001,0.0,-0.4750304999999998,0.0,0.09593753846153846,0.02393042934375385,0.0443579848484848,0.005194545364320599,-0.11896081818181817,0.0,-0.08247257575757577,0.0,-0.0023705151515151512,0.0,-0.06617,0.0,-0.02039279045996592,0.0,-0.20986499999999997,0.0,0.07030057240204432,0.029010540717923278
39,Texas A&M-Commerce Lions,Denver Pioneers,DraftKings,79.0,77.0,NCAAB,-125.0,105.0,2.0,-110.0,-110.0,156.0,-110.0,-110.0,TAMC,DEN,66.00868788286375,89.83429243898739,Texas A&M-Commerce Lions,Denver Pioneers,27.43676712873057,16.281453076605732,2024.0,0.210652,0.779931,0.5074369999999999,0.479469,0.234307,0.765693,0.160418,0.048050999999999996,0.340966,0.42846799999999996,0.17276200000000003,0.054203999999999995,0.328316,0.422052,0.0,0.009493999999999999,0.0,0.0,0.0062910000000000015,0.0032030000000000006,-0.6576308,0.0,0.5378551,0.2629891896327365,-0.0343823000000002,0.0,-0.09311510000000017,0.0,-0.7228092499999998,0.0,0.5425434761904762,0.3090710947346879,-0.15760548484848486,0.0,0.0913319090909091,0.02202160651202182,-0.3125357424242424,0.0,0.211978606060606,0.11862821368832965,-0.1662699672131147,0.0,0.09749675601374572,0.027661346730623242,-0.33341731147540987,0.0,0.22344443986254295,0.14528878552296304
40,Eastern Michigan Eagles,North Dakota Fighting Hawks,DraftKings,70.75,73.75,NCAAB,124.0,-148.0,-3.0,-110.0,-110.0,144.5,-110.0,-110.0,EMU,UND,75.17338863175267,66.62204183730569,Eastern Michigan Eagles,North Dakota Fighting Hawks,21.04914883473122,19.756011743264377,2024.0,0.648901,0.338103,0.464951,0.53489,0.616183,0.38381699999999996,0.311192,0.337709,0.14784099999999997,0.190262,0.293399,0.316098,0.165577,0.211395,0.026032,0.0,0.011817999999999997,0.014214000000000001,0.0,0.0,0.2626920999999999,0.06273376309309994,-0.3899837,0.0,-0.12360289999999996,0.0,0.023268999999999984,0.0004922239645454557,0.30665316129032266,0.11660484004839236,-0.5281338400000001,0.0,0.05027987878787882,0.0066740947968388035,-0.17494650000000003,0.0,0.086841196969697,0.019909278816582436,-0.11645693939393942,0.0,0.07797186585365853,0.019941126916219024,-0.21370618181818182,0.0,0.1075912926829268,0.03796890693668095,-0.14706181818181813,0.0
41,SMU Mustangs,UL Monroe Warhawks,DraftKings,77.0,61.0,NCAAB,-2400.0,1200.0,16.0,-110.0,-110.0,138.0,-110.0,-110.0,SMU,ULM,78.16069862882689,42.01586263938019,SMU Mustangs,UL Monroe Warhawks,13.550522745144066,31.10439411615879,2024.0,0.650601,0.33681099999999997,0.365826,0.621107,0.8218329999999999,0.17816700000000008,0.146148,0.49665400000000004,0.21456799999999998,0.11770499999999999,0.230054,0.577134,0.130848,0.040834,0.0,0.15482199999999996,0.0,0.0,0.078796,0.07373199999999999,0.26626209999999995,0.06445045990582729,-0.3926969000000001,0.0,-0.3317654000000001,0.0,0.20432469999999991,0.03795325730008181,-3.454175000000002,0.0,0.10968091666666675,0.14435884177008357,-0.17728078787878787,0.0,-0.08294412121212125,0.0,0.30599263636363644,0.2471871428631492,-0.2164976515151515,0.0,-0.5476692323232324,0.0,0.09435967086481947,0.21208726510978038,0.14999662626262633,0.02227399801126832,0.0005667455919395534,7.650997481713013e-06
42,Bowling Green Falcons,Canisius Golden Griffins,DraftKings,72.0,74.0,NCAAB,105.0,-125.0,-2.0,-110.0,-110.0,146.0,-110.0,-110.0,BGSU,CAN,68.32409243984476,73.83089835992529,Bowling Green Falcons,Canisius Golden Griffins,11.984712484383316,22.996376526168927,2024.0,0.435887,0.5486449999999999,0.435423,0.549108,0.41313549999999993,0.5868645000000001,0.09713199999999998,0.333037,0.33259,0.20706200000000002,0.085936,0.3144,0.344096,0.22545300000000001,0.015186999999999996,0.0,0.005805000000000001,0.009381999999999998,0.0,0.0,-0.1846373,0.0,0.05215449999999988,0.0024728107911363554,-0.18561170000000005,0.0,0.053126800000000085,0.0025658698893090974,-0.14578307142857155,0.0,0.07044512500000033,0.003970012509012543,-0.24486345454545455,0.0,0.07978318181818178,0.016804540106727266,0.08039950000000007,0.017065170144660035,-0.09329330303030298,0.0,-0.22817534020618552,0.0,0.07528288524590165,0.013828731258712134,0.07879862542955329,0.018068840005498302,-0.0919842950819672,0.0
43,Cleveland Cavaliers,Toronto Raptors,DraftKings,110.5,109.0,NBA,-130.0,110.0,1.5,-110.0,-110.0,219.5,-110.0,-110.0,CLE,TOR,109.36085369415804,109.24538622694618,Cleveland Cavaliers,Toronto Raptors,14.13885224681066,19.75048221231693,2024.0,0.461905,0.538104,0.503756,0.49625299999999994,0.48742399999999997,0.512576,0.18623699999999999,0.275668,0.31751899999999994,0.220585,0.19422200000000003,0.28461,0.30109099999999994,0.20290199999999997,0.0,0.016927,0.0,0.0,0.007984999999999999,0.008941999999999999,-0.12999950000000005,0.0,0.0300184,0.0008191857623272782,-0.04211240000000005,0.0,-0.057868700000000106,0.0,-0.1789248,0.0,0.06946327272727282,0.00530766088378183,-0.12200656060606063,0.0,0.059003469696969624,0.009190920911782398,0.0012998181818182353,4.460352087273083e-06,-0.0746479545454545,0.0,-0.14434018487394953,0.0,0.068895318936877,0.014287160563956148,-0.015974033613445404,0.0,-0.061914611295681155,0.0
44,Las Vegas Raiders,Kansas City Chiefs,DraftKings,17.25,26.25,NFL,380.0,-500.0,-9.0,-112.0,-108.0,43.5,-108.0,-112.0,LV,KC,15.04615136029802,31.116810427889156,Las Vegas Raiders,Kansas City Chiefs,7.85615630694756,12.620770118492706,2023.0,0.316413,0.673442,0.5347439999999999,0.465264,0.2019095,0.7980905,0.229958,0.08645499999999999,0.300729,0.37271300000000007,0.17019600000000001,0.023492999999999997,0.354698,0.43518000000000007,0.10628300000000002,0.0,0.049912,0.056371000000000004,0.0,0.0,-0.44920443999999987,0.0,0.32075936,0.09526533984037924,0.03226751999999977,0.0009640674508799853,-0.13364031999999992,0.0,-0.00811431578947372,0.0,-0.21145699999999978,0.0,-0.06062388679245284,0.0,0.042695420664206674,0.004940056142829561,-0.26763220930232556,0.0,0.13600092452830198,0.04901506640226516,0.06949163106796118,0.03979167513712157,-0.1378989465648855,0.0,-0.09721243881334982,0.0,-0.009560157480314802,0.0
45,Central Arkansas Bears,New Orleans Privateers,DraftKings,74.5,78.5,NCAAB,145.0,-175.0,-4.0,-110.0,-110.0,153.0,-110.0,-110.0,CARK,UNO,67.31420708851526,73.93217883910343,Central Arkansas Bears,New Orleans Privateers,16.212429094458887,26.33827560613568,2024.0,0.453474,0.533311,0.349661,0.637992,0.4083775,0.5916224999999999,0.09277800000000001,0.355989,0.252722,0.27315700000000004,0.077389,0.320526,0.268461,0.30843400000000004,0.038675,0.0,0.011578,0.026431000000000003,0.0,0.0,-0.14770460000000013,0.0,0.019953099999999946,0.00036193290873636126,-0.3657119,0.0,0.23978319999999997,0.052269075456581826,0.0003619827586207047,1.8999570043103524e-07,-0.12303812500000022,0.0,-0.25086669696969693,0.0,-0.030337848484848495,0.0,0.1120454393939394,0.03314303649090971,-0.0021623181818181125,0.0,-0.17332051086956524,0.0,-0.09730849999999996,0.0,0.1358863260869565,0.06795154451207126,-0.03734899999999991,0.0
46,New York Knicks,Phoenix Suns,DraftKings,111.75,108.25,NBA,-148.0,124.0,3.5,-110.0,-110.0,220.0,-110.0,-110.0,NY,PHX,102.41401398069684,111.45244461225072,New York Knicks,Phoenix Suns,18.186337100770377,15.39296762748991,2024.0,0.311453,0.688467,0.41374099999999997,0.569097,0.36735200000000007,0.6326479999999999,0.14757699999999999,0.158427,0.26616399999999996,0.41067,0.16763699999999998,0.185377,0.239415,0.37428000000000006,0.0,0.047547000000000006,0.0,0.0,0.02006,0.026949999999999998,-0.4459487000000001,0.0,0.3457807000000001,0.10869481135680921,-0.23114390000000012,0.0,0.0951036999999999,0.008222467048809074,-0.5689670399999998,0.0,0.336396387096774,0.1403215362721857,-0.1753105,0.0,-0.01180418181818188,0.0,-0.16035065151515152,0.0,0.18743893939393938,0.09275205984296968,-0.21070981818181816,0.0,0.007529329268292639,0.0001859458214756066,-0.18490618181818178,0.0,0.18351170731707322,0.110459073249561
47,Brown Bears,Ohio Bobcats,DraftKings,70.5,76.0,NCAAB,190.0,-230.0,-5.5,-110.0,-110.0,146.5,-110.0,-110.0,BRWN,OHIO,58.98022943579146,82.45607851419865,Brown Bears,Ohio Bobcats,21.89607488199872,14.506484592694928,2024.0,0.251668,0.7481209999999998,0.432335,0.567454,0.18937299999999999,0.810627,0.157948,0.09372000000000003,0.274387,0.473734,0.120747,0.06341100000000001,0.30571899999999996,0.499482,0.05707999999999999,0.0,0.031332,0.025748,0.0,0.0,-0.5714972,0.0,0.4710540999999996,0.20171996829709973,-0.1920965,0.0,0.0916534,0.00763667793778182,-0.23727278947368421,0.0,0.37506909999999993,0.06116383903252605,-0.1610110909090909,0.0,-0.00046640909090911453,0.0,-0.24956787878787873,0.0,0.2743908181818182,0.1987664477105673,-0.07292106167400883,0.0,-0.09329306896551731,0.0,-0.14288613656387666,0.0,0.2118279770114942,0.07807569980992089
48,Texas Longhorns,Wyoming Cowboys,DraftKings,80.25,63.75,NCAAB,-3200.0,1400.0,16.5,-110.0,-110.0,144.0,-110.0,-110.0,TEX,WYO,74.63641565538632,73.9864679393044,Texas Longhorns,Wyoming Cowboys,11.224972160321826,18.86266153012347,2024.0,0.234814,0.764969,0.574796,0.4072289999999999,0.5114235,0.48857649999999997,0.07451500000000001,0.15619700000000003,0.5002810000000001,0.25103200000000003,0.211272,0.28148900000000004,0.35295,0.11883599999999998,0.0,0.2675040000000001,0.0,0.0,0.13675700000000002,0.12529200000000001,-0.6068906000000001,0.0,0.5064349,0.23316027994364555,0.10707159999999993,0.010422115933236347,-0.24481910000000034,0.0,-15.1230245,0.0,0.45204625,2.8608413699468747,-0.2760475,0.0,0.31099350000000014,0.25533276659154025,-0.1634253484848484,0.0,-0.03266799999999992,0.0,-0.6018496494845361,0.0,0.32954008683068015,3.0016119264162078,-0.4592439896907215,0.0,0.08695597105643993,0.2089954625414631
49,West Virginia Mountaineers,Bellarmine Knights,DraftKings,71.5,62.0,NCAAB,-520.0,390.0,9.5,-110.0,-110.0,133.5,-110.0,-110.0,WVU,BELL,78.14466580419675,53.10255573905568,West Virginia Mountaineers,Bellarmine Knights,14.459137825841024,15.214028613968974,2024.0,0.7700180000000001,0.229753,0.45837300000000003,0.5413979999999999,0.8832205,0.11677950000000004,0.347255,0.422763,0.111118,0.118635,0.398853,0.47968299999999997,0.054923,0.056942999999999994,0.0,0.108518,0.0,0.0,0.05159799999999999,0.05692,0.5170378000000002,0.24302553329894572,-0.6175187000000001,0.0,-0.13741669999999995,0.0,0.03693579999999985,0.0012402302923999909,0.2759670999999998,0.014645738515848028,-0.10968729487179482,0.0,0.10000310606060606,0.026401640025469686,-0.22557972727272724,0.0,0.20411262121212123,0.10998758004453879,-0.21521537878787877,0.0,-0.07079309374999998,0.0,-0.05825987425149701,0.0,0.07318534374999996,0.006855801010951255,-0.055997958083832344,0.0
50,Robert Morris Colonials,Fairleigh Dickinson Knights,DraftKings,79.0,74.5,NCAAB,-192.0,160.0,4.5,-110.0,-110.0,153.5,-110.0,-110.0,RMU,FDU,73.73367389598111,78.39598069814966,Robert Morris Colonials,Fairleigh Dickinson Knights,13.476081103375783,24.41038030565412,2024.0,0.36861700000000003,0.6312039999999999,0.4823119999999999,0.517509,0.431234,0.568766,0.09499200000000001,0.273625,0.38732,0.24388400000000002,0.11790199999999999,0.306226,0.35808500000000004,0.203396,0.0,0.055511000000000005,0.0,0.0,0.02291,0.032601,-0.3259043,0.0,0.22552839999999974,0.04623914473323629,-0.0871448000000003,0.0,-0.013231100000000051,0.0,-0.6607967199999999,0.0,0.29924475,0.14327587264410002,-0.2478140606060606,0.0,0.15524424242424242,0.06362604548751517,-0.0015170454545454515,0.0,-0.04252357575757573,0.0,-0.3463601052631579,0.0,0.19598525252525256,0.1521044680612526,-0.058918210526315795,0.0,0.0022333737373737284,1.975231467313121e-05
51,Orlando Magic,Charlotte Hornets,DraftKings,117.5,111.0,NBA,-265.0,215.0,6.5,-110.0,-110.0,228.5,-110.0,-110.0,ORL,CHA,115.67185321487388,108.23646235691513,Orlando Magic,Charlotte Hornets,12.947507786267517,14.497555686360403,2024.0,0.516349,0.48358200000000007,0.40975399999999995,0.5901770000000001,0.64684,0.35316000000000003,0.19547,0.320879,0.214284,0.269298,0.245618,0.391588,0.156254,0.18720299999999998,0.0,0.12085700000000002,0.0,0.0,0.050148,0.07070900000000001,-0.015667100000000156,0.0,-0.08447779999999983,0.0,-0.23951660000000008,0.0,0.1393717000000001,0.01765860978262732,-0.289034,0.0,0.05230418604651166,0.005881814937674425,-0.10927621212121211,0.0,-0.08333569696969692,0.0,0.06363619696969702,0.010690853090982444,-0.0074830606060605764,0.0,-0.2171930429447853,0.0,-0.012158375249501002,0.0,0.018329104294478538,0.0005476083847077304,0.024968069860279413,0.003123256607864441
52,Indiana Hoosiers,Harvard Crimson,DraftKings,73.25,66.25,NCAAB,-310.0,250.0,7.0,-110.0,-110.0,139.5,-110.0,-110.0,IU,HARV,70.89642216848493,70.02677600305647,Indiana Hoosiers,Harvard Crimson,15.860853276752378,11.278297743897348,2024.0,0.366553,0.6136569999999999,0.528975,0.470739,0.5176205,0.48237949999999996,0.24390500000000004,0.12264800000000001,0.274041,0.339616,0.32153299999999996,0.185835,0.196452,0.275389,0.0,0.12131099999999999,0.0,0.0,0.066599,0.054712,-0.3302387,0.0,0.18867969999999978,0.03236366290189992,0.010847499999999899,0.00010697114204545299,-0.11144809999999994,0.0,-0.9777559499999999,0.0,0.27533129999999995,0.1895183118992249,-0.042494621212121164,0.0,-0.0009434696969697343,0.0,-0.20968230303030302,0.0,0.08947054545454541,0.021133143250385435,-0.12482686842105267,0.0,0.05498228169014083,0.017170931383170693,-0.3497998684210527,0.0,0.1478166408450704,0.12410663288489263
53,San Francisco Dons,Minnesota Golden Gophers,DraftKings,71.0,66.5,NCAAB,-192.0,160.0,4.5,-110.0,-110.0,137.5,-110.0,-110.0,SF,MINN,60.32467743411779,75.15803156769803,San Francisco Dons,Minnesota Golden Gophers,25.968570747476008,16.747139059154748,2024.0,0.27660699999999994,0.7233050000000001,0.493351,0.506561,0.328473,0.671527,0.188686,0.087921,0.30466499999999996,0.41864,0.21492,0.107529,0.271649,0.393766,0.0,0.045841999999999994,0.0,0.0,0.026234,0.019608,-0.5191253000000001,0.0,0.41894050000000016,0.15955558412750012,-0.06396290000000004,0.0,-0.03622189999999992,0.0,-0.9608588399999998,0.0,0.466231375,0.347794712055025,-0.11862990909090906,0.0,0.04128053030303025,0.004498776960742417,-0.25756346969696964,0.0,0.19842787878787882,0.10394636493187884,-0.19828,0.0,0.08772197979797977,0.030472777129121595,-0.36219257894736845,0.0,0.2406766060606061,0.22938390567121458
54,Arizona Cardinals,Los Angeles Rams,DraftKings,21.25,23.75,NFL,124.0,-148.0,-2.5,-102.0,-118.0,45.0,-112.0,-108.0,ARI,LAR,22.31011915726973,25.03177145657692,Arizona Cardinals,Los Angeles Rams,12.910179211487629,10.241379720811969,2023.0,0.405534,0.594483,0.460661,0.52721,0.36357100000000003,0.6364289999999999,0.232047,0.169026,0.22861399999999998,0.358184,0.214271,0.128714,0.23704399999999998,0.37514800000000004,0.025616000000000003,0.0,0.008429999999999998,0.016964,0.0,0.0,-0.20082131999999991,0.0,0.11597293999999997,0.011398070179867461,-0.14339868,0.0,0.016596799999999967,0.00025504978725925657,-0.14967819354838702,0.0,0.09834391999999981,0.0065348152709232225,-0.04720863636363637,0.0,-0.07994040000000002,0.0,-0.12669428469750887,0.0,0.10747462500000005,0.029570035248360025,-0.028237950617283958,0.0,-0.11454862672811061,0.0,-0.1345143987915408,0.0,0.09494530941704044,0.020102584270063527
55,Jacksonville State Gamecocks,Incarnate Word Cardinals,DraftKings,72.5,67.0,NCAAB,-278.0,225.0,5.5,-125.0,105.0,139.5,-110.0,-110.0,JVST,UIW,76.81491225283897,63.46169865279709,Jacksonville State Gamecocks,Incarnate Word Cardinals,17.49476112059455,23.13727151877104,2024.0,0.6001769999999998,0.39977199999999996,0.519325,0.48062400000000005,0.6719489999999999,0.3280510000000001,0.272262,0.327915,0.247063,0.152709,0.30822,0.357406,0.203905,0.117772,0.0,0.06544900000000001,0.0,0.0,0.03595800000000001,0.029491,0.10039824999999969,0.008063846882449955,-0.17187371428571424,0.0,-0.009417499999999968,0.0,-0.09068959999999993,0.0,-0.2400327800000004,0.0,0.029407000000000127,0.001945736210250019,-0.025991278688524577,0.0,-0.011678237113402018,0.0,0.05247032786885247,0.006717650148262298,-0.13845629209621993,0.0,-0.12414250000000004,0.0,0.050809807692307696,0.013424510100192306,-0.044215249999999984,0.0,-0.051887230769230755,0.0
