DAL,WSH,probability
27,10,0.011713586
31,10,0.009482924
34,10,0.009451769
24,10,0.009245911
27,13,0.009115321
27,6,0.007868402
31,13,0.007379456
34,13,0.007355212
24,13,0.007195016
20,10,0.00681478
30,10,0.006787804
27,17,0.006670417
31,6,0.006369993
34,6,0.006349065
24,6,0.006210783
27,20,0.005997656
31,17,0.005400145
34,17,0.005382403
20,13,0.00530315
30,13,0.005282158
24,17,0.005265175
38,10,0.005183711
23,10,0.005130452
31,20,0.0048555
34,20,0.004839547
24,20,0.004734143
37,10,0.004706596
27,7,0.004647831
20,6,0.004577712
30,6,0.004559592
41,10,0.004511472
28,10,0.004410646
27,16,0.00426668
38,13,0.004033879
23,13,0.003992434
20,17,0.003880744
30,17,0.003865382
27,24,0.003780367
31,7,0.003762727
34,7,0.003750365
24,7,0.003668683
37,13,0.003662596
41,13,0.003510754
27,27,0.003490782
20,20,0.003489341
38,6,0.00348207
30,20,0.003475529
31,16,0.00345416
23,6,0.003446294
34,16,0.003442812
28,13,0.003432293
24,16,0.003367828
27,14,0.003298004
37,6,0.003161576
45,10,0.00316114
31,24,0.003060458
34,24,0.003050403
41,6,0.003030505
24,24,0.002983966
28,6,0.002962776
27,9,0.002961356
38,17,0.002951916
23,17,0.002921587
17,10,0.002881295
33,10,0.00287043
31,27,0.002826019
34,27,0.002816735
24,27,0.002755387
20,7,0.002704035
30,7,0.002693331
37,17,0.002680218
31,14,0.002669953
34,14,0.002661181
38,20,0.002654193
23,20,0.002626923
26,10,0.002605005
24,14,0.002603221
41,17,0.002569103
21,10,0.002529935
28,17,0.002511686
20,16,0.002482287
30,16,0.002472461
45,13,0.002459948
27,3,0.002458468
27,23,0.002434324
37,20,0.002409898
31,9,0.002397414
34,9,0.002389538
24,9,0.002337494
48,10,0.002333532
27,31,0.002332555
35,10,0.002325878
41,20,0.002309989
27,34,0.002277756
28,20,0.002258364
17,13,0.002242176
33,13,0.002233722
20,24,0.002199358
30,24,0.002190652
45,6,0.002123442
38,7,0.002056844
23,7,0.002035711
20,27,0.002030882
26,13,0.002027172
30,27,0.002022843
31,3,0.001990293
34,3,0.001983754
31,23,0.001970746
21,13,0.001968754
34,23,0.001964272
24,3,0.001940548
17,6,0.001935461
33,6,0.001928163
29,10,0.001922368
24,23,0.00192149
20,14,0.001918727
30,14,0.001911132
42,10,0.001903754
31,31,0.001888358
38,16,0.00188817
25,10,0.001885206
34,31,0.001882154
23,16,0.00186877
37,7,0.001867529
31,34,0.001843994
24,31,0.001841161
34,34,0.001837936
48,13,0.001815916
35,13,0.00180996
45,17,0.001800143
24,34,0.001797906
51,10,0.001793824
41,7,0.001790106
27,21,0.001754742
28,7,0.001750099
26,6,0.001749868
20,9,0.00172287
27,30,0.001717127
30,9,0.001716051
37,16,0.00171438
21,6,0.001699441
38,24,0.001672958
23,24,0.001655769
41,16,0.001643306
17,17,0.001640782
33,17,0.001634595
22,10,0.001627078
45,20,0.001618585
28,16,0.00160658
48,6,0.00156751
35,6,0.001562369
38,27,0.001544805
27,19,0.001534785
23,27,0.001528933
37,24,0.001518976
29,13,0.001495955
26,17,0.001483446
42,13,0.00148147
17,20,0.001475297
40,10,0.001471362
33,20,0.001469734
25,13,0.001467036
38,14,0.001459493
41,24,0.001456004
23,14,0.001444498
21,17,0.001440697
20,3,0.001430298
30,3,0.001424636
28,24,0.001423464
31,21,0.00142058
44,10,0.00141997
20,23,0.001416251
34,21,0.001415912
36,10,0.001415644
30,23,0.001410645
37,27,0.001402619
51,13,0.001395924
31,30,0.001390128
34,30,0.001385561
24,21,0.001385074
27,38,0.001366868
27,41,0.001359552
20,31,0.001357044
24,30,0.001355384
30,31,0.001351672
41,27,0.00134447
26,20,0.001333829
48,17,0.001328853
20,34,0.001325162
37,14,0.00132516
35,17,0.001324494
19,10,0.001322805
30,34,0.001319917
28,27,0.001314423
38,9,0.001310514
23,9,0.001297049
21,20,0.001295392
29,6,0.001291318
42,6,0.001278814
41,14,0.001270222
25,6,0.001266355
22,13,0.001266165
45,7,0.001254308
31,19,0.001242511
28,14,0.001241834
34,19,0.001238428
27,28,0.001226463
27,45,0.001215015
24,19,0.001211456
51,6,0.001204971
27,37,0.001200772
16,10,0.00119974
48,20,0.001194828
35,20,0.001190909
37,9,0.001189892
45,16,0.001151447
40,13,0.00114499
17,7,0.001143268
54,10,0.001142697
41,9,0.001140563
33,7,0.001138957
27,48,0.001117836
32,10,0.001117737
28,9,0.001115072
31,38,0.001106571
44,13,0.001104997
34,38,0.001102935
36,13,0.001101631
31,41,0.001100647
27,51,0.001098143
34,41,0.001097031
29,17,0.001094712
22,6,0.001092962
38,3,0.001087966
42,17,0.001084111
24,38,0.001078913
38,23,0.001077282
23,3,0.001076788
25,17,0.001073549
24,41,0.001073138
23,23,0.001066213
17,16,0.001049513
33,16,0.001045556
26,7,0.001033639
38,31,0.001032245
19,13,0.001029385
23,31,0.00102164
51,17,0.001021511
20,21,0.001020881
45,24,0.001020206
30,21,0.00101684
38,34,0.001007994
21,7,0.001003852
20,30,0.000998998
23,34,0.000997638
30,30,0.000995043
31,28,0.000992903
34,28,0.000989641
40,6,0.000988362
37,3,0.000987829
29,20,0.000984302
31,45,0.000983635
34,45,0.000980404
37,23,0.000978127
42,20,0.000974771
31,37,0.000972105
34,37,0.000968911
24,28,0.000968087
25,20,0.000965274
27,12,0.000960166
24,45,0.000959051
44,6,0.000953841
36,6,0.000950935
26,16,0.000948874
24,37,0.000947808
41,3,0.000946876
45,27,0.000942056
41,23,0.000937577
37,31,0.000937236
16,13,0.000933618
17,24,0.00092989
22,17,0.000926556
33,24,0.000926384
48,7,0.000925922
28,3,0.000925714
35,7,0.000922885
21,16,0.00092153
27,22,0.000919707
51,20,0.000918484
28,23,0.000916623
37,34,0.000915217
27,54,0.000912098
31,48,0.000904962
34,48,0.000901989
41,31,0.000898381
20,19,0.000892914
45,14,0.000890031
30,19,0.000889379
54,13,0.000889228
31,51,0.00088902
19,6,0.000888572
34,51,0.000886099
24,48,0.000882344
28,31,0.000878303
41,34,0.000877275
32,13,0.000869805
24,51,0.0008668
17,27,0.000858659
28,34,0.000857669
33,27,0.000855421
48,16,0.00084999
35,16,0.000847202
27,26,0.000846074
26,24,0.000840722
40,17,0.000837881
22,20,0.000833105
21,24,0.000816495
17,14,0.000811239
44,17,0.000808616
33,14,0.000808181
36,17,0.000806153
16,6,0.000805905
45,9,0.00079918
20,38,0.000795223
30,38,0.000792075
20,41,0.000790966
30,41,0.000787835
31,12,0.000777318
38,21,0.00077654
26,27,0.000776321
34,12,0.000774764
23,21,0.000768562
54,6,0.000767587
29,7,0.000762776
38,30,0.000759895
24,12,0.00075789
42,7,0.00075539
21,27,0.00075395
40,20,0.000753375
19,17,0.000753284
48,24,0.000753109
23,30,0.000752087
32,6,0.000750821
35,24,0.000750639
25,7,0.00074803
31,22,0.000744564
34,22,0.000742117
31,54,0.000738403
34,54,0.000735978
26,14,0.000733449
17,9,0.000728431
44,20,0.000727061
24,22,0.000725954
33,9,0.000725684
36,20,0.000724846
24,54,0.000719948
27,15,0.000713857
20,28,0.000713537
21,14,0.000712313
51,7,0.000711771
30,28,0.000710712
20,45,0.000706877
37,21,0.000705067
30,45,0.000704078
29,16,0.000700224
20,37,0.00069859
30,37,0.000695825
48,27,0.000695419
42,16,0.000693443
35,27,0.000693138
37,30,0.000689953
27,33,0.000689781
25,16,0.000686687
31,26,0.000684953
16,17,0.000683204
34,26,0.000682702
27,25,0.000679876
38,19,0.000679201
27,11,0.000678102
19,20,0.00067731
41,21,0.000675836
23,19,0.000672223
24,26,0.000667833
45,3,0.000663466
41,30,0.000661349
28,21,0.000660732
26,9,0.000658581
48,14,0.000657015
45,23,0.00065695
35,14,0.00065486
51,16,0.000653401
54,17,0.00065072
20,48,0.000650339
30,48,0.000647765
28,30,0.000646569
22,7,0.000645608
21,9,0.000639603
20,51,0.000638882
32,17,0.000636507
30,51,0.000636353
45,31,0.000629486
29,24,0.000620413
37,19,0.000616687
45,34,0.000614697
42,24,0.000614405
16,20,0.000614297
25,24,0.000608419
27,42,0.000605875
38,38,0.000604892
17,3,0.000604731
33,3,0.000602451
38,41,0.000601654
17,23,0.000598792
23,38,0.000598677
33,23,0.000596534
23,41,0.000595472
22,16,0.000592664
39,10,0.000592455
41,19,0.000591121
48,9,0.000589949
35,9,0.000588014
54,20,0.00058509
40,7,0.000583821
51,24,0.000578927
31,15,0.000577915
28,19,0.00057791
34,15,0.000576016
17,31,0.000573759
29,27,0.000572888
32,20,0.00057231
33,31,0.000571596
42,27,0.00056734
27,35,0.000566926
24,15,0.000563471
44,7,0.00056343
25,27,0.000561813
36,7,0.000561713
27,70,0.000561143
17,34,0.00056028
20,12,0.000558609
31,33,0.000558423
33,34,0.000558167
34,33,0.000556589
30,12,0.000556398
31,25,0.000550404
37,38,0.000549217
31,11,0.000548968
34,25,0.000548596
34,11,0.000547165
26,3,0.000546743
37,41,0.000546277
24,33,0.000544466
38,28,0.000542757
26,23,0.000541373
29,14,0.00054125
38,45,0.000537691
23,28,0.000537181
24,25,0.000536648
42,14,0.000536009
40,16,0.000535944
24,11,0.000535247
20,22,0.000535071
51,27,0.00053458
30,22,0.000532953
23,45,0.000532166
38,37,0.000531388
21,3,0.000530987
25,14,0.000530787
20,54,0.000530644
30,54,0.000528543
47,10,0.000528448
41,38,0.000526448
23,37,0.000525928
21,23,0.000525773
22,24,0.000525113
19,7,0.000524875
41,41,0.00052363
26,31,0.000518741
44,16,0.000517225
36,16,0.000515649
28,38,0.000514682
28,41,0.000511927
27,44,0.000510528
26,34,0.000506554
27,29,0.000506383
51,14,0.000505058
21,31,0.000503792
38,48,0.000494685
37,28,0.000492801
20,26,0.000492232
21,34,0.000491957
31,42,0.000490496
30,26,0.000490284
48,3,0.000489766
23,48,0.000489603
34,42,0.000488885
37,45,0.000488201
35,3,0.000488159
29,9,0.000486001
38,51,0.000485971
48,23,0.000484956
22,27,0.000484888
35,23,0.000483365
37,37,0.000482478
19,16,0.000481832
42,9,0.000481295
23,51,0.000480978
24,42,0.000478237
25,9,0.000476606
16,7,0.000476044
40,24,0.000474858
45,21,0.000473551
41,28,0.000472371
41,45,0.000467961
48,31,0.000464682
45,30,0.0004634
35,31,0.000463158
41,37,0.000462476
28,28,0.000461814
39,13,0.000461039
31,35,0.000458964
44,24,0.000458272
22,14,0.00045811
28,45,0.000457503
34,35,0.000457456
36,24,0.000456876
31,70,0.000454282
48,34,0.000453765
51,9,0.000453503
54,7,0.000453411
43,10,0.000452883
34,70,0.00045279
35,34,0.000452277
28,37,0.00045214
37,48,0.000449154
24,35,0.000447493
13,10,0.000444341
32,7,0.000443507
24,70,0.000442928
37,51,0.000441241
40,27,0.000438483
16,16,0.000437006
17,21,0.000431629
41,48,0.000430533
33,21,0.000430002
19,24,0.000426913
38,12,0.00042491
44,27,0.000423167
41,51,0.000422948
17,30,0.000422377
56,10,0.000421993
36,27,0.000421878
27,40,0.000421858
28,48,0.000420911
33,30,0.000420784
23,12,0.000420545
54,16,0.000416228
20,15,0.000415311
40,14,0.000414267
45,19,0.000414192
30,15,0.000413667
28,51,0.000413496
31,44,0.000413306
34,44,0.000411948
22,9,0.000411348
47,13,0.000411229
31,29,0.00040995
34,29,0.000408603
32,16,0.000407136
38,22,0.000407006
27,56,0.000405708
38,54,0.000403638
29,3,0.00040347
24,44,0.000402976
23,22,0.000402824
20,33,0.000401304
44,14,0.000399798
30,33,0.000399715
24,29,0.000399704
42,3,0.000399563
29,23,0.000399508
23,54,0.000399491
36,14,0.00039858
39,6,0.000397972
49,10,0.000397536
25,3,0.00039567
42,23,0.000395639
20,25,0.000395541
20,11,0.000394509
19,27,0.000394211
30,25,0.000393975
30,11,0.000392947
25,23,0.000391784
26,21,0.00039024
16,24,0.000387196
37,12,0.000385801
29,31,0.000382806
26,30,0.000381875
42,31,0.000379099
21,21,0.000378994
17,19,0.000377525
51,3,0.000376491
33,19,0.000376101
25,31,0.000375406
38,26,0.00037442
29,34,0.000373813
51,23,0.000372793
19,14,0.000372441
40,9,0.000371981
27,18,0.000371455
21,30,0.00037087
23,26,0.000370573
42,34,0.000370193
41,12,0.000369807
37,22,0.000369544
45,38,0.000368876
54,24,0.000368787
45,41,0.000366902
25,34,0.000366586
37,54,0.000366487
28,12,0.000361542
32,24,0.000360731
44,9,0.000358988
36,9,0.000357894
16,27,0.000357536
51,31,0.000357209
47,6,0.000354976
41,22,0.000354224
20,42,0.000352489
43,13,0.000352426
27,36,0.000351755
41,54,0.000351293
30,42,0.000351093
48,21,0.000349572
51,34,0.000348817
35,21,0.000348426
28,22,0.000346307
13,13,0.000345779
28,54,0.000343442
48,30,0.000342079
31,40,0.000341522
22,3,0.000341494
26,19,0.000341324
35,30,0.000340957
54,27,0.000340537
34,40,0.0003404
37,26,0.000339958
22,23,0.00033814
16,14,0.000337791
39,17,0.000337379
17,38,0.000336221
33,38,0.000334953
19,9,0.000334423
17,41,0.000334421
33,41,0.00033316
32,27,0.000333098
24,40,0.000332986
21,19,0.000331488
45,28,0.000330985
20,35,0.000329829
30,35,0.000328523
31,56,0.000328447
56,13,0.000328388
45,45,0.000327896
34,56,0.000327368
20,70,0.000326464
41,26,0.000325864
30,70,0.000325172
45,37,0.000324052
22,31,0.000324004
54,14,0.000321731
24,56,0.000320238
28,26,0.000318582
22,34,0.000316392
14,10,0.000315925
38,15,0.000315909
32,14,0.000314703
23,15,0.000312663
49,13,0.000309356
40,3,0.000308812
40,23,0.000305779
48,19,0.000305754
38,33,0.000305255
35,19,0.000304751
43,6,0.000304216
26,38,0.00030398
39,20,0.000303352
16,9,0.000303311
26,41,0.000302353
23,33,0.000302118
17,28,0.000301684
45,48,0.00030167
47,17,0.00030093
38,25,0.000300871
31,18,0.000300718
33,28,0.000300546
38,11,0.000300086
34,18,0.00029973
17,45,0.000298868
13,6,0.000298479
44,3,0.000298026
23,25,0.00029778
33,45,0.000297741
36,3,0.000297118
20,44,0.000297017
23,11,0.000297003
45,51,0.000296355
30,44,0.000295841
17,37,0.000295365
21,38,0.00029522
44,23,0.000295099
20,29,0.000294605
33,37,0.000294251
36,23,0.0002942
21,41,0.00029364
30,29,0.000293439
24,18,0.000293202
40,31,0.000292996
54,9,0.00028889
29,21,0.000287978
37,15,0.000286833
40,34,0.000286112
42,21,0.00028519
31,36,0.000284769
34,36,0.000283834
56,6,0.000283467
44,31,0.000282762
32,9,0.000282579
25,21,0.000282411
36,31,0.000281901
29,30,0.000281805
42,30,0.000279077
24,36,0.000277652
19,3,0.000277633
37,33,0.000277159
25,30,0.000276358
44,34,0.000276119
36,34,0.000275278
17,48,0.000274964
41,15,0.000274941
19,23,0.000274906
33,48,0.000273927
37,25,0.000273179
26,28,0.000272755
37,11,0.000272466
48,38,0.000272302
35,38,0.000271409
48,41,0.000270844
47,20,0.000270579
27,32,0.000270358
26,45,0.000270209
17,51,0.00027012
35,41,0.000269956
33,51,0.000269102
28,15,0.000268797
51,21,0.000268722
38,42,0.000268123
26,37,0.000267042
49,6,0.000267038
41,33,0.000265668
23,42,0.000265368
21,28,0.000264895
19,31,0.000263413
51,30,0.000262962
21,45,0.000262423
41,25,0.000261853
41,11,0.00026117
28,33,0.000259731
21,37,0.000259346
45,12,0.00025912
43,17,0.000257899
19,34,0.000257225
28,25,0.000256001
28,11,0.000255333
13,17,0.000253034
29,19,0.00025188
16,3,0.000251803
38,35,0.000250886
42,19,0.000249441
16,23,0.000249331
26,48,0.000248597
38,70,0.000248327
23,35,0.000248309
45,22,0.000248201
25,19,0.000247011
45,54,0.000246147
14,13,0.000245848
23,70,0.000245776
20,40,0.00024543
30,40,0.000244459
48,28,0.000244331
26,51,0.000244218
22,21,0.000243743
35,28,0.000243529
37,42,0.000243445
48,45,0.00024205
21,48,0.000241434
35,45,0.000241256
56,17,0.000240308
54,3,0.000239831
48,37,0.000239213
16,31,0.000238907
22,30,0.000238518
35,37,0.000238428
54,23,0.000237476
21,51,0.00023718
17,12,0.000236181
20,56,0.000236034
33,12,0.00023529
30,56,0.0002351
39,7,0.00023508
51,19,0.000235038
32,3,0.000234593
27,47,0.000234508
41,42,0.000233352
16,34,0.000233294
18,10,0.000232441
32,23,0.000232289
43,20,0.000231888
45,26,0.00022833
28,42,0.000228137
37,35,0.000227795
54,31,0.000227548
13,20,0.000227514
49,17,0.000226381
17,22,0.000226228
38,44,0.000225928
50,10,0.000225499
37,70,0.000225471
33,22,0.000225375
17,54,0.000224357
29,38,0.000224323
38,29,0.000224094
23,44,0.000223607
33,54,0.000223511
29,41,0.000223122
48,48,0.000222691
32,31,0.000222578
54,34,0.000222202
42,38,0.000222151
35,48,0.00022196
23,29,0.000221791
42,41,0.000220962
40,21,0.000220416
25,38,0.000219986
31,32,0.000218873
25,41,0.000218809
48,51,0.000218768
41,35,0.000218351
34,32,0.000218154
35,51,0.00021805
32,34,0.000217349
41,70,0.000216123
20,18,0.000216107
56,20,0.000216071
39,16,0.000215802
40,30,0.000215691
30,18,0.000215251
26,12,0.000213533
28,35,0.000213471
24,32,0.000213402
22,19,0.00021319
44,21,0.000212717
14,6,0.000212217
36,21,0.000212069
28,70,0.000211293
47,7,0.000209683
51,38,0.000209323
51,41,0.000208202
44,30,0.000208157
17,26,0.000208116
36,30,0.000207523
21,12,0.00020738
33,26,0.000207332
27,49,0.000206136
37,44,0.000205133
20,36,0.000204646
26,22,0.000204535
30,36,0.000203836
49,20,0.000203549
37,29,0.000203468
26,54,0.000202843
29,28,0.00020128
29,45,0.000199401
42,28,0.000199331
21,22,0.000198641
19,21,0.000198161
42,45,0.000197471
25,28,0.000197389
29,37,0.000197064
21,54,0.000196998
41,44,0.000196629
25,45,0.000195547
42,37,0.000195156
41,29,0.000195033
19,30,0.000193914
25,37,0.000193254
40,19,0.000192787
45,15,0.000192648
47,16,0.000192487
28,44,0.000192235
48,12,0.00019128
39,24,0.000191205
28,29,0.000190674
35,12,0.000190653
22,38,0.000189865
31,47,0.00018985
34,47,0.000189226
22,41,0.000188849
26,26,0.00018816
51,28,0.000187821
38,40,0.000186688
45,33,0.000186151
51,45,0.000186068
44,19,0.000186053
36,19,0.000185486
24,47,0.000185105
23,40,0.00018477
51,37,0.000183887
45,25,0.000183478
29,48,0.000183453
48,22,0.00018322
45,11,0.000182999
21,26,0.000182738
35,22,0.000182619
48,54,0.000181704
42,48,0.000181677
35,54,0.000181108
18,13,0.000180882
29,51,0.000180221
14,17,0.000179907
25,48,0.000179906
16,21,0.000179726
43,7,0.000179699
38,56,0.000179541
42,51,0.000178476
23,56,0.000177697
25,51,0.000176737
39,27,0.000176558
13,7,0.00017631
16,30,0.000175873
17,15,0.000175594
50,13,0.00017548
33,15,0.000174932
19,19,0.000173322
40,38,0.000171694
51,48,0.000171186
54,21,0.000171181
40,41,0.000170775
47,24,0.000170548
22,28,0.000170362
17,33,0.000169672
37,40,0.000169505
33,33,0.000169032
22,45,0.000168772
48,26,0.000168551
51,51,0.00016817
35,26,0.000167998
54,30,0.000167511
56,7,0.000167443
32,21,0.000167441
17,25,0.000167235
31,49,0.000166881
39,14,0.000166808
17,11,0.000166799
22,37,0.000166793
33,25,0.000166604
34,49,0.000166333
33,11,0.00016617
44,38,0.000165698
36,38,0.000165193
43,16,0.000164963
44,41,0.000164811
38,18,0.000164383
36,41,0.000164309
32,30,0.000163852
45,42,0.000163507
37,56,0.000163016
24,49,0.00016271
23,18,0.000162694
41,40,0.000162478
27,39,0.000162446
13,16,0.000161852
14,20,0.000161762
28,40,0.000158847
26,15,0.000158756
49,7,0.000157738
29,12,0.000157577
47,27,0.000157483
20,32,0.00015729
16,19,0.000157197
30,32,0.000156667
41,56,0.000156258
18,6,0.000156139
42,12,0.000156051
38,36,0.000155665
22,48,0.000155273
25,12,0.000154531
19,38,0.000154359
21,15,0.000154181
23,36,0.000154066
40,28,0.000154058
56,16,0.000153711
19,41,0.000153533
26,33,0.000153402
45,35,0.000152996
27,43,0.000152883
28,56,0.000152766
40,45,0.00015262
22,51,0.000152538
50,6,0.000151475
45,70,0.000151435
26,25,0.000151199
29,22,0.000150937
40,37,0.000150831
26,11,0.000150804
39,9,0.000149781
54,19,0.000149723
29,54,0.000149688
42,22,0.000149476
37,18,0.000149253
17,42,0.000149033
21,33,0.000148981
47,14,0.000148786
44,28,0.000148677
33,42,0.000148471
42,54,0.000148239
36,28,0.000148224
25,22,0.000148019
44,45,0.000147289
51,12,0.00014704
21,25,0.000146842
36,45,0.000146841
25,54,0.000146795
21,11,0.000146458
32,19,0.000146453
43,24,0.00014616
44,37,0.000145563
36,37,0.000145119
49,16,0.000144803
13,24,0.000143404
41,18,0.000143066
48,15,0.000142212
27,8,0.000141809
35,15,0.000141745
37,36,0.000141338
51,22,0.000140844
40,48,0.000140413
16,38,0.000139999
28,18,0.000139868
51,54,0.000139679
17,35,0.000139452
16,41,0.000139249
70,10,0.000139014
33,35,0.000138926
29,26,0.000138853
19,28,0.000138503
17,70,0.000138029
40,51,0.000137939
45,44,0.000137776
33,70,0.000137509
42,26,0.000137508
48,33,0.000137415
19,45,0.000137211
35,33,0.000136965
45,29,0.000136657
20,47,0.000136433
56,24,0.000136191
25,26,0.000136169
30,47,0.000135893
19,37,0.000135602
44,48,0.000135509
41,36,0.000135478
48,25,0.000135442
36,48,0.000135096
48,11,0.000135089
35,25,0.000134998
43,27,0.000134964
26,42,0.000134742
35,11,0.000134645
47,9,0.000133599
22,12,0.000133372
54,38,0.000133342
44,51,0.000133122
36,51,0.000132716
54,41,0.000132629
28,36,0.00013245
13,27,0.000132419
18,17,0.000132366
31,39,0.000131511
34,39,0.000131079
21,42,0.000130859
32,38,0.00013043
32,41,0.000129732
51,26,0.000129568
50,17,0.000128413
49,24,0.000128298
24,39,0.000128224
22,22,0.000127752
43,14,0.000127511
27,50,0.000126898
22,54,0.000126695
19,48,0.000126236
26,35,0.00012608
56,27,0.000125759
16,28,0.000125618
17,44,0.000125579
14,7,0.000125356
13,14,0.000125106
33,44,0.000125106
26,70,0.000124793
17,29,0.000124559
16,45,0.000124445
39,3,0.000124345
33,29,0.00012409
19,51,0.000124012
31,43,0.000123769
34,43,0.000123363
39,23,0.000123124
16,37,0.000122987
21,35,0.000122446
15,10,0.000122003
21,70,0.000121197
48,42,0.0001207
24,43,0.000120676
40,12,0.000120608
35,42,0.000120304
20,49,0.000119927
54,28,0.000119645
38,32,0.000119644
30,49,0.000119452
18,20,0.000119016
56,14,0.000118814
54,45,0.000118529
49,27,0.00011847
23,32,0.000118414
39,31,0.000117977
22,26,0.000117524
29,15,0.000117154
54,37,0.000117139
32,28,0.000117032
44,12,0.000116395
36,12,0.000116041
42,15,0.00011602
32,45,0.00011594
40,22,0.000115526
50,20,0.000115461
39,34,0.000115205
14,16,0.000115076
25,15,0.000114889
31,8,0.000114804
32,37,0.00011458
40,54,0.00011457
43,9,0.000114495
16,48,0.000114492
34,8,0.000114427
45,40,0.000113847
26,44,0.000113537
29,33,0.000113203
48,35,0.000112941
26,29,0.000112615
35,35,0.00011257
16,51,0.000112475
13,9,0.000112336
42,33,0.000112107
24,8,0.000111935
49,14,0.000111928
48,70,0.000111789
29,25,0.000111577
44,22,0.000111491
35,70,0.000111422
29,11,0.000111286
36,22,0.000111151
27,5,0.00011111
25,33,0.000111015
47,3,0.000110912
44,54,0.000110568
42,25,0.000110497
21,44,0.000110265
36,54,0.000110231
42,11,0.000110209
47,23,0.000109822
45,56,0.000109488
25,25,0.00010942
21,29,0.00010937
51,15,0.00010932
25,11,0.000109135
54,48,0.000109048
37,32,0.000108632
19,12,0.000108431
70,13,0.000108178
54,51,0.000107127
56,9,0.000106686
32,48,0.000106666
40,26,0.000106277
51,33,0.000105633
47,31,0.000105231
32,51,0.000104787
41,32,0.000104128
51,25,0.000104116
19,22,0.000103862
51,11,0.000103845
38,47,0.000103779
17,40,0.000103768
33,40,0.000103377
19,54,0.000103002
47,34,0.000102759
31,50,0.000102732
23,47,0.000102713
44,26,0.000102565
34,50,0.000102395
36,26,0.000102252
14,24,0.00010196
28,32,0.000101801
48,44,0.000101705
35,44,0.000101372
48,29,0.000100879
35,29,0.000100549
49,9,0.000100503
45,18,0.000100245
24,50,0.000100164
17,56,9.98E-05
29,42,9.94E-05
33,56,9.94E-05
22,15,9.92E-05
42,42,9.85E-05
16,12,9.83E-05
25,42,9.75E-05
22,33,9.58E-05
19,26,9.55E-05
43,3,9.51E-05
15,13,9.49E-05
45,36,9.49E-05
20,39,9.45E-05
22,25,9.44E-05
37,47,9.42E-05
16,22,9.42E-05
22,11,9.42E-05
14,27,9.41E-05
30,39,9.41E-05
43,23,9.41E-05
26,40,9.38E-05
54,12,9.37E-05
16,54,9.34E-05
70,6,9.34E-05
13,3,9.33E-05
29,35,9.30E-05
51,42,9.28E-05
13,23,9.23E-05
18,7,9.22E-05
42,35,9.21E-05
29,70,9.21E-05
32,12,9.16E-05
17,18,9.14E-05
25,35,9.12E-05
38,49,9.12E-05
42,70,9.12E-05
21,40,9.11E-05
33,18,9.10E-05
41,47,9.03E-05
25,70,9.03E-05
23,49,9.03E-05
26,56,9.02E-05
43,31,9.02E-05
31,5,9.00E-05
54,22,8.97E-05
40,15,8.97E-05
34,5,8.97E-05
50,7,8.95E-05
54,54,8.90E-05
14,14,8.89E-05
20,43,8.89E-05
39,21,8.88E-05
30,43,8.86E-05
56,3,8.86E-05
13,31,8.85E-05
28,47,8.83E-05
43,34,8.81E-05
32,22,8.78E-05
24,5,8.77E-05
56,23,8.77E-05
21,56,8.76E-05
32,54,8.70E-05
39,30,8.68E-05
51,35,8.68E-05
16,26,8.67E-05
40,33,8.66E-05
44,15,8.65E-05
17,36,8.65E-05
13,34,8.64E-05
36,15,8.63E-05
33,36,8.62E-05
51,70,8.59E-05
40,25,8.54E-05
40,11,8.52E-05
18,16,8.47E-05
22,42,8.42E-05
48,40,8.40E-05
56,31,8.40E-05
29,44,8.38E-05
35,40,8.38E-05
44,33,8.36E-05
49,3,8.34E-05
36,33,8.34E-05
29,29,8.31E-05
42,44,8.30E-05
37,49,8.28E-05
49,23,8.26E-05
26,18,8.26E-05
54,26,8.25E-05
20,8,8.25E-05
44,25,8.24E-05
42,29,8.23E-05
44,11,8.22E-05
30,8,8.22E-05
36,25,8.22E-05
25,44,8.22E-05
50,16,8.21E-05
56,34,8.21E-05
15,6,8.20E-05
36,11,8.20E-05
25,29,8.15E-05
48,56,8.08E-05
32,26,8.07E-05
19,15,8.06E-05
35,56,8.06E-05
21,18,8.02E-05
14,9,7.99E-05
41,49,7.94E-05
47,21,7.92E-05
70,17,7.92E-05
49,31,7.92E-05
22,35,7.87E-05
26,36,7.82E-05
51,44,7.82E-05
22,70,7.79E-05
19,33,7.79E-05
39,19,7.76E-05
28,49,7.76E-05
51,29,7.75E-05
47,30,7.75E-05
49,34,7.73E-05
19,25,7.68E-05
19,11,7.66E-05
40,42,7.61E-05
21,36,7.60E-05
18,24,7.50E-05
48,18,7.40E-05
20,50,7.38E-05
35,18,7.38E-05
30,50,7.35E-05
44,42,7.34E-05
36,42,7.32E-05
16,15,7.31E-05
45,32,7.30E-05
50,24,7.28E-05
38,39,7.19E-05
40,35,7.12E-05
70,20,7.12E-05
23,39,7.11E-05
22,44,7.09E-05
16,33,7.06E-05
40,70,7.05E-05
22,29,7.03E-05
48,36,7.01E-05
35,36,6.98E-05
54,15,6.96E-05
16,25,6.96E-05
15,17,6.95E-05
16,11,6.95E-05
18,27,6.93E-05
47,19,6.92E-05
29,40,6.92E-05
39,38,6.91E-05
39,41,6.88E-05
44,35,6.87E-05
42,40,6.86E-05
36,35,6.85E-05
19,42,6.84E-05
32,15,6.81E-05
44,70,6.80E-05
25,40,6.79E-05
43,21,6.78E-05
36,70,6.78E-05
38,43,6.77E-05
54,33,6.73E-05
50,27,6.72E-05
23,43,6.70E-05
29,56,6.66E-05
13,21,6.66E-05
17,32,6.65E-05
43,30,6.64E-05
54,25,6.63E-05
14,3,6.63E-05
33,32,6.63E-05
54,11,6.62E-05
42,56,6.59E-05
32,33,6.58E-05
14,23,6.57E-05
18,14,6.54E-05
25,56,6.53E-05
37,39,6.53E-05
13,30,6.51E-05
32,25,6.49E-05
32,11,6.47E-05
20,5,6.46E-05
51,40,6.46E-05
30,5,6.44E-05
40,44,6.41E-05
19,35,6.40E-05
40,29,6.36E-05
50,14,6.35E-05
19,70,6.34E-05
45,47,6.33E-05
56,21,6.32E-05
14,31,6.29E-05
38,8,6.28E-05
41,39,6.26E-05
15,20,6.25E-05
51,56,6.21E-05
23,8,6.21E-05
16,42,6.21E-05
39,28,6.20E-05
44,44,6.19E-05
56,30,6.19E-05
36,44,6.17E-05
47,38,6.17E-05
39,45,6.15E-05
14,34,6.14E-05
37,43,6.14E-05
44,29,6.14E-05
47,41,6.13E-05
36,29,6.12E-05
28,39,6.12E-05
29,18,6.10E-05
39,37,6.07E-05
42,18,6.04E-05
26,32,6.01E-05
25,18,5.98E-05
49,21,5.96E-05
43,19,5.93E-05
54,42,5.91E-05
41,43,5.89E-05
18,9,5.88E-05
22,40,5.86E-05
21,32,5.84E-05
49,30,5.83E-05
13,19,5.82E-05
16,35,5.81E-05
32,42,5.78E-05
29,36,5.77E-05
17,47,5.77E-05
19,44,5.77E-05
28,43,5.76E-05
16,70,5.75E-05
33,47,5.75E-05
19,29,5.72E-05
42,36,5.72E-05
50,9,5.70E-05
37,8,5.70E-05
51,18,5.69E-05
25,36,5.66E-05
39,48,5.65E-05
22,56,5.64E-05
38,50,5.62E-05
45,49,5.56E-05
23,50,5.56E-05
39,51,5.55E-05
47,28,5.53E-05
54,35,5.53E-05
56,19,5.53E-05
70,7,5.52E-05
47,45,5.48E-05
54,70,5.47E-05
41,8,5.46E-05
47,37,5.42E-05
32,35,5.41E-05
51,36,5.39E-05
48,32,5.39E-05
35,32,5.37E-05
32,70,5.35E-05
28,8,5.34E-05
40,40,5.30E-05
43,38,5.28E-05
43,41,5.26E-05
16,44,5.23E-05
26,47,5.22E-05
49,19,5.21E-05
16,29,5.19E-05
13,38,5.19E-05
22,18,5.16E-05
13,41,5.16E-05
44,40,5.11E-05
37,50,5.10E-05
36,40,5.10E-05
40,56,5.10E-05
17,49,5.07E-05
21,47,5.06E-05
70,16,5.06E-05
33,49,5.05E-05
47,48,5.04E-05
54,44,4.98E-05
47,51,4.95E-05
54,29,4.94E-05
56,38,4.92E-05
44,56,4.92E-05
38,5,4.92E-05
36,56,4.90E-05
56,41,4.90E-05
41,50,4.89E-05
22,36,4.89E-05
18,3,4.88E-05
32,44,4.87E-05
23,5,4.87E-05
39,12,4.86E-05
15,7,4.84E-05
32,29,4.83E-05
18,23,4.83E-05
28,50,4.78E-05
19,40,4.76E-05
43,28,4.74E-05
50,3,4.73E-05
14,21,4.73E-05
43,45,4.70E-05
50,23,4.69E-05
48,47,4.67E-05
40,18,4.67E-05
35,47,4.66E-05
13,28,4.65E-05
39,22,4.65E-05
43,37,4.64E-05
49,38,4.64E-05
14,30,4.63E-05
18,31,4.63E-05
49,41,4.61E-05
39,54,4.61E-05
13,45,4.61E-05
26,49,4.58E-05
19,56,4.58E-05
13,37,4.55E-05
18,34,4.52E-05
44,18,4.50E-05
50,31,4.49E-05
36,18,4.49E-05
70,24,4.49E-05
37,5,4.46E-05
21,49,4.45E-05
15,16,4.44E-05
29,32,4.44E-05
40,36,4.42E-05
56,28,4.42E-05
42,32,4.39E-05
50,34,4.38E-05
45,39,4.38E-05
56,45,4.38E-05
25,32,4.35E-05
47,12,4.33E-05
56,37,4.33E-05
43,48,4.32E-05
16,40,4.32E-05
41,5,4.28E-05
39,26,4.28E-05
44,36,4.26E-05
36,36,4.25E-05
43,51,4.25E-05
13,48,4.24E-05
19,18,4.19E-05
28,5,4.18E-05
13,51,4.17E-05
49,28,4.16E-05
16,56,4.16E-05
47,22,4.15E-05
70,27,4.14E-05
51,32,4.14E-05
14,19,4.14E-05
45,43,4.13E-05
49,45,4.12E-05
54,40,4.12E-05
47,54,4.11E-05
48,49,4.11E-05
35,49,4.09E-05
49,37,4.08E-05
56,48,4.03E-05
32,40,4.03E-05
17,39,4.00E-05
33,39,3.98E-05
19,36,3.97E-05
54,56,3.96E-05
56,51,3.96E-05
15,24,3.94E-05
70,14,3.91E-05
32,56,3.87E-05
29,47,3.85E-05
45,8,3.83E-05
47,26,3.82E-05
42,47,3.81E-05
16,18,3.80E-05
49,48,3.79E-05
25,47,3.77E-05
17,43,3.76E-05
22,32,3.76E-05
33,43,3.75E-05
49,51,3.73E-05
43,12,3.71E-05
14,38,3.69E-05
14,41,3.67E-05
13,12,3.64E-05
15,27,3.64E-05
54,18,3.62E-05
26,39,3.61E-05
39,15,3.61E-05
16,36,3.60E-05
51,47,3.59E-05
43,22,3.56E-05
32,18,3.54E-05
43,54,3.53E-05
70,9,3.51E-05
21,39,3.51E-05
39,33,3.49E-05
13,22,3.49E-05
17,8,3.49E-05
18,21,3.48E-05
33,8,3.48E-05
13,54,3.46E-05
56,12,3.46E-05
39,25,3.44E-05
15,14,3.44E-05
54,36,3.43E-05
39,11,3.43E-05
45,50,3.42E-05
18,30,3.41E-05
26,43,3.40E-05
40,32,3.40E-05
29,49,3.38E-05
50,21,3.38E-05
32,36,3.36E-05
42,49,3.35E-05
10,10,3.34E-05
25,49,3.32E-05
56,22,3.31E-05
14,28,3.31E-05
50,30,3.31E-05
21,43,3.30E-05
56,54,3.29E-05
44,32,3.28E-05
14,45,3.28E-05
43,26,3.27E-05
36,32,3.27E-05
49,12,3.26E-05
22,47,3.26E-05
14,37,3.24E-05
48,39,3.24E-05
35,39,3.23E-05
47,15,3.22E-05
13,26,3.21E-05
51,49,3.16E-05
26,8,3.15E-05
17,50,3.12E-05
49,22,3.12E-05
47,33,3.11E-05
33,50,3.11E-05
49,54,3.10E-05
15,9,3.08E-05
47,25,3.07E-05
39,42,3.06E-05
21,8,3.06E-05
47,11,3.06E-05
19,32,3.05E-05
56,26,3.05E-05
48,43,3.05E-05
18,19,3.05E-05
35,43,3.04E-05
14,48,3.01E-05
45,5,3.00E-05
14,51,2.96E-05
50,19,2.95E-05
40,47,2.95E-05
70,3,2.92E-05
70,23,2.89E-05
49,26,2.87E-05
39,35,2.87E-05
22,49,2.86E-05
44,47,2.84E-05
39,70,2.84E-05
36,47,2.83E-05
48,8,2.83E-05
26,50,2.82E-05
35,8,2.82E-05
16,32,2.77E-05
70,31,2.77E-05
43,15,2.76E-05
21,50,2.74E-05
47,42,2.73E-05
17,5,2.73E-05
33,5,2.72E-05
18,38,2.71E-05
13,15,2.71E-05
70,34,2.70E-05
18,41,2.70E-05
43,33,2.67E-05
29,39,2.67E-05
19,47,2.65E-05
42,39,2.64E-05
54,32,2.64E-05
50,38,2.63E-05
43,25,2.63E-05
43,11,2.62E-05
50,41,2.62E-05
13,33,2.62E-05
25,39,2.61E-05
10,13,2.60E-05
14,12,2.59E-05
40,49,2.59E-05
39,44,2.58E-05
32,32,2.58E-05
13,25,2.58E-05
13,11,2.57E-05
56,15,2.57E-05
39,29,2.56E-05
15,3,2.56E-05
47,35,2.56E-05
15,23,2.54E-05
47,70,2.53E-05
48,50,2.53E-05
35,50,2.52E-05
29,43,2.51E-05
44,49,2.50E-05
36,49,2.49E-05
51,39,2.49E-05
56,33,2.49E-05
42,43,2.48E-05
14,22,2.48E-05
26,5,2.47E-05
25,43,2.46E-05
14,54,2.46E-05
56,25,2.45E-05
56,11,2.44E-05
18,28,2.43E-05
15,31,2.43E-05
49,15,2.42E-05
18,45,2.41E-05
16,47,2.40E-05
21,5,2.40E-05
18,37,2.38E-05
15,34,2.37E-05
50,28,2.36E-05
43,42,2.34E-05
51,43,2.34E-05
49,33,2.34E-05
50,45,2.34E-05
19,49,2.33E-05
29,8,2.33E-05
50,37,2.31E-05
49,25,2.31E-05
42,8,2.30E-05
47,44,2.30E-05
49,11,2.30E-05
13,42,2.30E-05
54,47,2.29E-05
47,29,2.28E-05
25,8,2.28E-05
14,26,2.28E-05
22,39,2.26E-05
10,6,2.24E-05
32,47,2.24E-05
18,48,2.22E-05
48,5,2.21E-05
35,5,2.21E-05
43,35,2.19E-05
56,42,2.18E-05
18,51,2.18E-05
51,8,2.17E-05
43,70,2.17E-05
50,48,2.15E-05
13,35,2.15E-05
39,40,2.13E-05
13,70,2.13E-05
22,43,2.12E-05
12,10,2.12E-05
50,51,2.11E-05
16,49,2.11E-05
29,50,2.08E-05
70,21,2.08E-05
42,50,2.06E-05
49,42,2.06E-05
39,56,2.05E-05
56,35,2.04E-05
25,50,2.04E-05
40,39,2.04E-05
70,30,2.04E-05
56,70,2.02E-05
54,49,2.01E-05
43,44,1.97E-05
22,8,1.97E-05
44,39,1.97E-05
32,49,1.97E-05
36,39,1.96E-05
43,29,1.96E-05
51,50,1.94E-05
13,44,1.94E-05
14,15,1.93E-05
49,35,1.92E-05
13,29,1.92E-05
40,43,1.92E-05
18,12,1.91E-05
49,70,1.90E-05
47,40,1.90E-05
10,17,1.90E-05
39,18,1.88E-05
14,33,1.86E-05
44,43,1.85E-05
50,12,1.85E-05
36,43,1.85E-05
56,44,1.84E-05
19,39,1.83E-05
14,25,1.83E-05
47,56,1.83E-05
14,11,1.83E-05
15,21,1.83E-05
18,22,1.83E-05
56,29,1.82E-05
29,5,1.82E-05
70,19,1.82E-05
18,54,1.81E-05
42,5,1.81E-05
15,30,1.79E-05
25,5,1.79E-05
40,8,1.78E-05
39,36,1.78E-05
50,22,1.77E-05
22,50,1.76E-05
50,54,1.76E-05
49,44,1.73E-05
19,43,1.73E-05
44,8,1.72E-05
49,29,1.72E-05
36,8,1.71E-05
10,20,1.71E-05
51,5,1.70E-05
18,26,1.68E-05
47,18,1.68E-05
16,39,1.66E-05
12,13,1.65E-05
14,42,1.63E-05
43,40,1.63E-05
50,26,1.63E-05
70,38,1.62E-05
70,41,1.61E-05
19,8,1.60E-05
13,40,1.60E-05
15,19,1.60E-05
40,50,1.59E-05
47,36,1.59E-05
54,39,1.58E-05
43,56,1.57E-05
16,43,1.57E-05
32,39,1.55E-05
22,5,1.54E-05
13,56,1.54E-05
44,50,1.54E-05
36,50,1.53E-05
14,35,1.53E-05
56,40,1.52E-05
14,70,1.51E-05
54,43,1.49E-05
56,56,1.46E-05
32,43,1.46E-05
70,28,1.46E-05
16,8,1.45E-05
70,45,1.44E-05
43,18,1.44E-05
19,50,1.43E-05
49,40,1.43E-05
70,37,1.43E-05
12,6,1.42E-05
15,38,1.42E-05
18,15,1.42E-05
15,41,1.42E-05
13,18,1.41E-05
40,5,1.40E-05
54,8,1.38E-05
14,44,1.38E-05
49,56,1.38E-05
50,15,1.37E-05
18,33,1.37E-05
39,32,1.37E-05
14,29,1.37E-05
43,36,1.36E-05
32,8,1.35E-05
18,25,1.35E-05
44,5,1.35E-05
18,11,1.35E-05
36,5,1.34E-05
56,18,1.34E-05
13,36,1.33E-05
50,33,1.33E-05
70,48,1.33E-05
10,7,1.33E-05
50,25,1.31E-05
50,11,1.31E-05
70,51,1.30E-05
16,50,1.30E-05
15,28,1.28E-05
56,36,1.27E-05
15,45,1.27E-05
49,18,1.26E-05
19,5,1.25E-05
15,37,1.25E-05
54,50,1.24E-05
47,32,1.22E-05
10,16,1.22E-05
32,50,1.21E-05
12,17,1.21E-05
18,42,1.20E-05
49,36,1.19E-05
39,47,1.19E-05
50,42,1.17E-05
15,48,1.16E-05
15,51,1.14E-05
70,12,1.14E-05
16,5,1.14E-05
14,40,1.14E-05
18,35,1.12E-05
18,70,1.11E-05
14,56,1.09E-05
70,22,1.09E-05
50,35,1.09E-05
12,20,1.09E-05
54,5,1.08E-05
70,54,1.08E-05
50,70,1.08E-05
10,24,1.08E-05
32,5,1.06E-05
47,47,1.06E-05
43,32,1.05E-05
39,49,1.04E-05
13,32,1.03E-05
18,44,1.01E-05
18,29,1.00E-05
70,26,1.00E-05
14,18,1.00E-05
15,12,1.00E-05
10,27,9.95E-06
50,44,9.83E-06
50,29,9.75E-06
56,32,9.74E-06
15,22,9.58E-06
15,54,9.50E-06
14,36,9.49E-06
10,14,9.41E-06
47,49,9.30E-06
49,32,9.18E-06
43,47,9.07E-06
13,47,8.90E-06
15,26,8.81E-06
70,15,8.47E-06
56,47,8.45E-06
10,9,8.45E-06
12,7,8.41E-06
18,40,8.37E-06
39,39,8.22E-06
70,33,8.19E-06
50,40,8.12E-06
70,25,8.07E-06
18,56,8.05E-06
70,11,8.05E-06
43,49,7.97E-06
49,47,7.96E-06
13,49,7.82E-06
50,56,7.81E-06
39,43,7.73E-06
12,16,7.72E-06
15,15,7.44E-06
56,49,7.43E-06
18,18,7.37E-06
47,39,7.33E-06
14,32,7.29E-06
70,42,7.19E-06
15,33,7.18E-06
39,8,7.17E-06
50,18,7.15E-06
15,25,7.08E-06
15,11,7.06E-06
10,3,7.01E-06
49,49,7.00E-06
18,36,6.98E-06
10,23,6.94E-06
47,43,6.90E-06
12,24,6.84E-06
50,36,6.77E-06
70,35,6.73E-06
70,70,6.66E-06
10,31,6.65E-06
10,34,6.50E-06
39,50,6.42E-06
47,8,6.40E-06
14,47,6.32E-06
12,27,6.32E-06
15,42,6.31E-06
43,39,6.28E-06
13,39,6.16E-06
70,44,6.06E-06
70,29,6.01E-06
12,14,5.97E-06
43,43,5.91E-06
15,35,5.90E-06
11,10,5.88E-06
56,39,5.85E-06
15,70,5.84E-06
13,43,5.80E-06
47,50,5.72E-06
39,5,5.62E-06
14,49,5.56E-06
49,39,5.51E-06
56,43,5.51E-06
43,8,5.48E-06
13,8,5.38E-06
18,32,5.36E-06
12,9,5.36E-06
15,44,5.32E-06
15,29,5.27E-06
50,32,5.20E-06
49,43,5.19E-06
56,8,5.11E-06
47,5,5.01E-06
70,40,5.01E-06
10,21,5.00E-06
43,50,4.91E-06
10,30,4.90E-06
70,56,4.81E-06
13,50,4.81E-06
49,8,4.81E-06
18,47,4.65E-06
11,13,4.57E-06
56,50,4.57E-06
50,47,4.51E-06
12,3,4.45E-06
70,18,4.41E-06
12,23,4.41E-06
15,40,4.39E-06
14,39,4.38E-06
10,19,4.38E-06
49,50,4.31E-06
43,5,4.30E-06
15,56,4.23E-06
12,31,4.22E-06
13,5,4.21E-06
70,36,4.17E-06
14,43,4.12E-06
12,34,4.12E-06
18,49,4.09E-06
56,5,4.00E-06
50,49,3.97E-06
11,6,3.95E-06
10,38,3.90E-06
10,41,3.88E-06
15,18,3.87E-06
14,8,3.82E-06
49,5,3.77E-06
15,36,3.66E-06
10,28,3.50E-06
10,45,3.46E-06
10,37,3.42E-06
14,50,3.42E-06
11,17,3.35E-06
18,39,3.22E-06
70,32,3.21E-06
10,48,3.19E-06
12,21,3.18E-06
10,51,3.13E-06
50,39,3.13E-06
12,30,3.11E-06
18,43,3.03E-06
11,20,3.01E-06
14,5,3.00E-06
50,43,2.94E-06
15,32,2.82E-06
18,8,2.81E-06
70,47,2.78E-06
12,19,2.78E-06
10,12,2.74E-06
50,8,2.73E-06
10,22,2.62E-06
10,54,2.60E-06
18,50,2.52E-06
12,38,2.47E-06
12,41,2.46E-06
70,49,2.45E-06
50,50,2.44E-06
15,47,2.44E-06
10,26,2.41E-06
11,7,2.33E-06
9,10,2.22E-06
12,28,2.22E-06
18,5,2.20E-06
12,45,2.20E-06
12,37,2.17E-06
15,49,2.15E-06
11,16,2.14E-06
50,5,2.14E-06
10,15,2.04E-06
12,48,2.02E-06
12,51,1.99E-06
10,33,1.97E-06
10,25,1.94E-06
10,11,1.93E-06
70,39,1.93E-06
11,24,1.90E-06
70,43,1.81E-06
11,27,1.75E-06
12,12,1.74E-06
10,42,1.73E-06
9,13,1.73E-06
15,39,1.69E-06
70,8,1.68E-06
12,22,1.66E-06
11,14,1.66E-06
12,54,1.65E-06
10,35,1.62E-06
10,70,1.60E-06
15,43,1.59E-06
12,26,1.53E-06
70,50,1.51E-06
9,6,1.49E-06
11,9,1.49E-06
15,8,1.48E-06
10,44,1.46E-06
10,29,1.44E-06
15,50,1.32E-06
70,5,1.32E-06
12,15,1.29E-06
9,17,1.26E-06
12,33,1.25E-06
11,3,1.23E-06
12,25,1.23E-06
12,11,1.23E-06
11,23,1.22E-06
10,40,1.20E-06
11,31,1.17E-06
15,5,1.16E-06
10,56,1.16E-06
11,34,1.14E-06
9,20,1.14E-06
12,42,1.10E-06
10,18,1.06E-06
12,35,1.03E-06
12,70,1.02E-06
10,36,1.00E-06
12,44,9.24E-07
12,29,9.16E-07
9,7,8.81E-07
11,21,8.81E-07
11,30,8.62E-07
9,16,8.09E-07
10,32,7.71E-07
11,19,7.70E-07
12,40,7.63E-07
12,56,7.34E-07
9,24,7.16E-07
11,38,6.86E-07
11,41,6.82E-07
12,18,6.72E-07
10,47,6.69E-07
9,27,6.62E-07
12,36,6.37E-07
9,14,6.25E-07
11,28,6.16E-07
11,45,6.10E-07
11,37,6.03E-07
10,49,5.88E-07
9,9,5.61E-07
11,48,5.61E-07
11,51,5.51E-07
12,32,4.89E-07
11,12,4.82E-07
9,3,4.66E-07
10,39,4.63E-07
11,22,4.62E-07
9,23,4.61E-07
11,54,4.58E-07
9,31,4.42E-07
10,43,4.36E-07
9,34,4.32E-07
11,26,4.25E-07
12,47,4.24E-07
10,8,4.04E-07
12,49,3.73E-07
10,50,3.62E-07
11,15,3.58E-07
11,33,3.46E-07
11,25,3.41E-07
11,11,3.40E-07
9,21,3.33E-07
9,30,3.25E-07
10,5,3.17E-07
11,42,3.04E-07
12,39,2.94E-07
9,19,2.91E-07
11,35,2.85E-07
11,70,2.82E-07
12,43,2.77E-07
9,38,2.59E-07
9,41,2.58E-07
12,8,2.57E-07
11,44,2.56E-07
11,29,2.54E-07
9,28,2.32E-07
9,45,2.30E-07
12,50,2.30E-07
9,37,2.28E-07
9,48,2.12E-07
11,40,2.12E-07
9,51,2.08E-07
11,56,2.04E-07
12,5,2.01E-07
11,18,1.86E-07
9,12,1.82E-07
11,36,1.77E-07
9,22,1.74E-07
9,54,1.73E-07
9,26,1.60E-07
11,32,1.36E-07
9,15,1.35E-07
9,33,1.31E-07
9,25,1.29E-07
9,11,1.29E-07
11,47,1.18E-07
9,42,1.15E-07
9,35,1.07E-07
9,70,1.06E-07
11,49,1.03E-07
9,44,9.67E-08
9,29,9.60E-08
7,10,9.14E-08
11,39,8.15E-08
9,40,7.99E-08
9,56,7.69E-08
11,43,7.67E-08
11,8,7.12E-08
7,13,7.11E-08
9,18,7.04E-08
9,36,6.67E-08
11,50,6.37E-08
7,6,6.14E-08
11,5,5.58E-08
7,17,5.20E-08
9,32,5.12E-08
7,20,4.68E-08
9,47,4.44E-08
9,49,3.91E-08
7,7,3.63E-08
7,16,3.33E-08
9,39,3.08E-08
7,24,2.95E-08
9,43,2.90E-08
7,27,2.72E-08
9,8,2.69E-08
7,14,2.57E-08
9,50,2.40E-08
7,9,2.31E-08
9,5,2.11E-08
8,10,2.09E-08
7,3,1.92E-08
7,23,1.90E-08
7,31,1.82E-08
7,34,1.78E-08
8,13,1.63E-08
8,6,1.40E-08
7,21,1.37E-08
7,30,1.34E-08
6,10,1.21E-08
7,19,1.20E-08
8,17,1.19E-08
8,20,1.07E-08
7,38,1.07E-08
7,41,1.06E-08
7,28,9.57E-09
7,45,9.48E-09
6,13,9.40E-09
7,37,9.37E-09
7,48,8.72E-09
7,51,8.57E-09
8,7,8.29E-09
6,6,8.11E-09
8,16,7.61E-09
7,12,7.49E-09
7,22,7.17E-09
7,54,7.11E-09
6,17,6.88E-09
8,24,6.74E-09
7,26,6.60E-09
8,27,6.23E-09
6,20,6.19E-09
8,14,5.88E-09
7,15,5.57E-09
7,33,5.38E-09
7,25,5.30E-09
7,11,5.29E-09
8,9,5.28E-09
6,7,4.79E-09
7,42,4.73E-09
7,35,4.42E-09
6,16,4.40E-09
8,3,4.39E-09
7,70,4.38E-09
8,23,4.34E-09
8,31,4.16E-09
8,34,4.06E-09
7,44,3.98E-09
7,29,3.95E-09
6,24,3.90E-09
6,27,3.60E-09
6,14,3.40E-09
7,40,3.29E-09
7,56,3.16E-09
8,21,3.13E-09
8,30,3.06E-09
6,9,3.05E-09
7,18,2.90E-09
7,36,2.74E-09
8,19,2.74E-09
6,3,2.54E-09
6,23,2.51E-09
8,38,2.44E-09
8,41,2.43E-09
6,31,2.41E-09
6,34,2.35E-09
8,28,2.19E-09
8,45,2.17E-09
8,37,2.14E-09
7,32,2.11E-09
8,48,1.99E-09
8,51,1.96E-09
7,47,1.83E-09
6,21,1.81E-09
6,30,1.77E-09
8,12,1.71E-09
8,22,1.64E-09
8,54,1.63E-09
7,49,1.61E-09
6,19,1.58E-09
8,26,1.51E-09
6,38,1.41E-09
6,41,1.40E-09
8,15,1.27E-09
7,39,1.27E-09
6,28,1.26E-09
6,45,1.25E-09
6,37,1.24E-09
8,33,1.23E-09
8,25,1.21E-09
8,11,1.21E-09
7,43,1.19E-09
6,48,1.15E-09
6,51,1.13E-09
7,8,1.11E-09
8,42,1.08E-09
8,35,1.01E-09
8,70,1.00E-09
6,12,9.90E-10
7,50,9.90E-10
6,22,9.48E-10
6,54,9.41E-10
8,44,9.11E-10
8,29,9.03E-10
6,26,8.73E-10
7,5,8.67E-10
8,40,7.52E-10
6,15,7.36E-10
8,56,7.24E-10
6,33,7.11E-10
6,25,7.01E-10
6,11,6.99E-10
8,18,6.63E-10
8,36,6.27E-10
6,42,6.25E-10
6,35,5.85E-10
6,70,5.79E-10
6,44,5.26E-10
6,29,5.22E-10
8,32,4.82E-10
6,40,4.35E-10
6,56,4.18E-10
8,47,4.18E-10
6,18,3.83E-10
8,49,3.68E-10
6,36,3.63E-10
8,39,2.90E-10
6,32,2.79E-10
8,43,2.73E-10
8,8,2.53E-10
6,47,2.42E-10
8,50,2.26E-10
6,49,2.13E-10
8,5,1.98E-10
6,39,1.68E-10
6,43,1.58E-10
6,8,1.46E-10
6,50,1.31E-10
6,5,1.15E-10
5,10,6.13E-12
5,13,4.77E-12
5,6,4.12E-12
5,17,3.49E-12
5,20,3.14E-12
5,7,2.43E-12
5,16,2.23E-12
5,24,1.98E-12
5,27,1.83E-12
5,14,1.73E-12
5,9,1.55E-12
5,3,1.29E-12
5,23,1.27E-12
5,31,1.22E-12
5,34,1.19E-12
5,21,9.18E-13
5,30,8.98E-13
5,19,8.03E-13
5,38,7.15E-13
5,41,7.11E-13
5,28,6.42E-13
5,45,6.36E-13
5,37,6.28E-13
5,48,5.85E-13
5,51,5.74E-13
5,12,5.02E-13
5,22,4.81E-13
5,54,4.77E-13
5,26,4.43E-13
5,15,3.73E-13
5,33,3.61E-13
5,25,3.56E-13
5,11,3.55E-13
5,42,3.17E-13
5,35,2.97E-13
5,70,2.94E-13
5,44,2.67E-13
5,29,2.65E-13
5,40,2.21E-13
5,56,2.12E-13
5,18,1.94E-13
5,36,1.84E-13
5,32,1.41E-13
5,47,1.23E-13
5,49,1.08E-13
5,39,8.50E-14
5,43,8.00E-14
5,8,7.42E-14
5,50,6.64E-14
5,5,5.81E-14
3,10,2.02E-15
3,13,1.57E-15
3,6,1.36E-15
3,17,1.15E-15
3,20,1.04E-15
3,7,8.02E-16
3,16,7.37E-16
3,24,6.53E-16
3,27,6.03E-16
3,14,5.69E-16
3,9,5.11E-16
3,3,4.24E-16
3,23,4.20E-16
3,31,4.03E-16
3,34,3.93E-16
3,21,3.03E-16
3,30,2.96E-16
3,19,2.65E-16
3,38,2.36E-16
3,41,2.35E-16
3,28,2.12E-16
3,45,2.10E-16
3,37,2.07E-16
3,48,1.93E-16
3,51,1.90E-16
3,12,1.66E-16
3,22,1.59E-16
3,54,1.57E-16
3,26,1.46E-16
3,15,1.23E-16
3,33,1.19E-16
3,25,1.17E-16
3,11,1.17E-16
3,42,1.05E-16
3,35,9.79E-17
3,70,9.69E-17
3,44,8.81E-17
3,29,8.74E-17
3,40,7.28E-17
3,56,7.00E-17
3,18,6.41E-17
3,36,6.07E-17
3,32,4.67E-17
3,47,4.05E-17
3,49,3.56E-17
3,39,2.80E-17
3,43,2.64E-17
3,8,2.45E-17
3,50,2.19E-17
3,5,1.92E-17
