DET,GB,probability
27,13,0.012127189
31,13,0.012100994
34,13,0.011878894
27,10,0.011404885
31,10,0.011380251
34,10,0.011171379
27,17,0.010697226
31,17,0.01067412
34,17,0.010478209
27,20,0.010091758
31,20,0.010069959
34,20,0.009885137
30,13,0.00845238
30,10,0.00794895
30,17,0.007455728
30,20,0.00703373
27,16,0.006636806
31,16,0.00662247
34,16,0.006500922
24,13,0.006431009
27,24,0.006331841
31,24,0.006318164
34,24,0.006202201
24,10,0.006047974
24,17,0.005672705
27,27,0.005640972
31,27,0.005628788
34,27,0.005525477
38,13,0.005424137
24,20,0.005351627
37,13,0.00523126
38,10,0.005101072
28,13,0.004956582
37,10,0.004919683
38,17,0.004784557
27,14,0.004682354
31,14,0.00467224
28,10,0.004661365
30,16,0.004625706
37,17,0.004614422
34,14,0.004586487
38,20,0.004513748
30,24,0.004413152
28,17,0.004372133
37,20,0.004353244
28,20,0.004124668
27,23,0.004104324
31,23,0.004095459
34,23,0.004020291
30,27,0.003931632
41,13,0.003755469
33,13,0.003674936
41,10,0.003531791
24,16,0.003519477
27,31,0.003497223
31,31,0.003489669
33,10,0.003456055
34,31,0.00342562
24,24,0.003357755
41,17,0.003312647
30,14,0.003263496
33,17,0.003241611
27,34,0.00318448
31,34,0.003177601
41,20,0.00312515
34,34,0.00311928
33,20,0.003058134
24,27,0.002991389
38,16,0.002968449
27,21,0.002966867
31,21,0.002960458
23,13,0.002940956
34,21,0.002906122
27,6,0.002888949
31,6,0.002882709
37,16,0.002862894
30,23,0.002860622
35,13,0.00283563
38,24,0.002832047
34,6,0.0028298
23,10,0.002765791
37,24,0.002731342
28,16,0.002712572
35,10,0.002666738
27,30,0.002629134
31,30,0.002623455
23,17,0.002594177
28,24,0.002587928
34,30,0.002575305
27,19,0.002557124
31,19,0.0025516
38,27,0.002523042
34,19,0.002504769
35,17,0.002501271
24,14,0.002483037
27,9,0.002453527
31,9,0.002448227
23,20,0.002447345
30,31,0.002437486
37,27,0.002433325
26,13,0.002427062
27,7,0.002410617
31,7,0.00240541
34,9,0.002403293
34,7,0.002361261
35,20,0.002359697
28,27,0.002305558
29,13,0.002295872
26,10,0.002282505
30,34,0.002219511
24,23,0.00217651
29,10,0.002159128
26,17,0.002140878
38,14,0.00209428
30,21,0.00206784
41,16,0.002055243
29,17,0.002025157
37,14,0.00201981
26,20,0.002019703
30,6,0.002013533
33,16,0.00201117
41,24,0.001960803
27,28,0.001949912
31,28,0.0019457
33,24,0.001918756
28,14,0.001913756
29,20,0.001910532
34,28,0.001909989
24,31,0.001854566
38,23,0.001835744
30,30,0.001832448
30,19,0.001782258
45,13,0.001773021
37,23,0.001770467
41,27,0.00174686
27,38,0.001720099
20,13,0.001719382
31,38,0.001716384
30,9,0.001710053
33,27,0.0017094
24,34,0.001688719
34,38,0.001684882
30,7,0.001680146
28,23,0.001677505
45,10,0.001667418
36,13,0.00165614
20,10,0.001616975
23,16,0.001609487
24,21,0.00157332
27,41,0.001571274
31,41,0.00156788
38,31,0.001564206
45,17,0.001563957
36,10,0.001557499
27,22,0.001555769
27,37,0.001552948
31,22,0.001552408
35,16,0.001551846
31,37,0.001549593
25,13,0.001539899
34,41,0.001539103
23,24,0.00153553
24,6,0.001532
34,22,0.001523915
34,37,0.001521152
20,17,0.001516643
37,31,0.001508584
35,24,0.001480538
45,20,0.001475436
36,17,0.001460858
41,14,0.001450001
42,13,0.001448189
25,10,0.001448181
32,13,0.001438901
20,20,0.001430801
28,31,0.001429373
38,34,0.001424325
33,14,0.001418907
24,30,0.001394222
27,26,0.001386906
31,26,0.001383911
36,20,0.001378173
37,34,0.001373677
23,27,0.001367988
42,10,0.001361934
30,28,0.001359045
34,26,0.001358511
25,17,0.001358323
24,19,0.001356035
32,10,0.001353199
40,13,0.001331538
26,16,0.00132825
38,21,0.001326993
35,27,0.001318996
28,34,0.001301549
24,9,0.001301097
38,6,0.001292142
25,20,0.001281442
37,21,0.001279806
24,7,0.001278342
42,17,0.001277428
41,23,0.001271
32,17,0.001269235
26,24,0.001267216
29,16,0.001256454
40,10,0.00125223
27,45,0.001246771
37,6,0.001246195
31,45,0.001244077
33,23,0.001243745
34,45,0.001221244
28,21,0.001212607
42,20,0.001205125
30,38,0.001198871
29,24,0.001198719
32,20,0.001197396
28,6,0.001180761
27,12,0.001177239
38,30,0.001175935
31,12,0.001174697
40,17,0.001174531
34,12,0.001153136
38,19,0.001143727
23,14,0.001135515
37,30,0.00113412
26,27,0.00112895
27,25,0.001127977
31,25,0.00112554
40,20,0.001108052
34,25,0.001104882
37,19,0.001103057
38,9,0.001097391
30,41,0.001095143
35,14,0.001094848
30,22,0.001084336
41,31,0.001082997
30,37,0.00108237
38,7,0.001078199
28,30,0.001074571
29,27,0.001067927
27,15,0.001066873
31,15,0.001064568
33,31,0.001059773
37,9,0.001058369
27,48,0.001046318
28,19,0.001045139
34,15,0.00104503
31,48,0.001044058
37,7,0.001039859
24,28,0.001034032
34,48,0.001024896
28,9,0.001002797
23,23,0.000995337
27,33,0.000988117
41,34,0.000986149
31,33,0.000985982
28,7,0.000985259
45,16,0.000970315
34,33,0.000967886
30,26,0.000966643
33,34,0.000965002
35,23,0.00095969
20,16,0.000940961
26,14,0.000937098
27,51,0.000936228
31,51,0.000934205
45,24,0.000925728
48,13,0.000924343
41,21,0.00091876
34,51,0.000917059
24,38,0.000912163
36,16,0.00090635
33,21,0.000899058
20,24,0.000897723
41,6,0.000894631
29,14,0.000886445
44,13,0.000886264
21,13,0.000877984
33,6,0.000875446
38,28,0.000872139
48,10,0.000869288
30,45,0.000868971
36,24,0.000864703
23,31,0.000848109
25,16,0.000842735
37,28,0.000841126
44,10,0.000833478
24,41,0.000833242
21,10,0.000825691
24,22,0.000825019
45,27,0.000824722
24,37,0.000823523
26,23,0.000821415
30,12,0.00082051
35,31,0.000817735
48,17,0.00081535
41,30,0.000814173
25,24,0.000804011
20,27,0.000799772
28,28,0.000796961
33,30,0.000796714
42,16,0.000792546
41,19,0.000791873
27,29,0.000790686
31,29,0.000788978
32,16,0.000787463
30,25,0.000786175
44,17,0.000781761
29,23,0.000777014
33,19,0.000774892
34,29,0.000774497
21,17,0.000774458
27,35,0.000772875
23,34,0.000772266
31,35,0.000771206
36,27,0.000770355
38,38,0.00076935
48,20,0.000769201
41,9,0.000759792
34,35,0.000757051
42,24,0.000756128
32,24,0.000751278
27,11,0.000750556
31,11,0.000748935
41,7,0.000746504
35,34,0.000744608
30,15,0.000743587
33,9,0.000743499
37,38,0.000741993
22,13,0.000740935
44,20,0.000737513
24,26,0.000735472
34,11,0.000735189
21,20,0.000730623
33,7,0.000730496
30,48,0.000729261
40,16,0.000728706
23,21,0.000719493
25,27,0.000716285
27,54,0.000707619
31,54,0.000706091
28,38,0.000703033
38,41,0.000702785
23,6,0.000700597
26,31,0.000699913
22,10,0.000696804
38,22,0.00069585
40,24,0.000695222
38,37,0.000694588
35,21,0.000693725
34,54,0.000693131
30,33,0.000688695
45,14,0.00068457
27,42,0.00068005
31,42,0.000678581
37,41,0.000677795
35,6,0.000675506
42,27,0.000673626
37,22,0.000671106
37,37,0.000669889
32,27,0.000669306
34,42,0.000666126
20,14,0.00066386
29,31,0.00066208
24,45,0.000661158
22,17,0.000653568
30,51,0.00065253
28,41,0.000642206
36,14,0.000639442
23,30,0.00063759
26,34,0.000637322
28,22,0.000635868
28,37,0.000634715
24,12,0.000624286
38,26,0.000620323
23,19,0.000620126
40,27,0.000619366
22,20,0.000616576
35,30,0.000614755
27,18,0.000609252
31,18,0.000607936
41,28,0.000603836
29,34,0.000602873
45,23,0.000600061
37,26,0.000598265
24,25,0.000598162
35,19,0.000597917
34,18,0.000596778
23,9,0.000595003
25,14,0.000594561
26,21,0.000593771
33,28,0.000590887
23,7,0.000584597
20,23,0.000581907
39,13,0.000578752
26,6,0.000578177
35,9,0.000573694
28,26,0.000566852
24,15,0.000565759
35,7,0.000563661
29,21,0.000561675
36,23,0.000560504
42,14,0.000559151
38,45,0.000557644
32,14,0.000555565
24,48,0.000554859
30,29,0.00055109
29,6,0.000546924
39,10,0.000544281
27,44,0.000539926
31,44,0.00053876
30,35,0.000538677
37,45,0.000537815
41,38,0.000532669
34,44,0.000528872
38,12,0.000526545
26,30,0.000526179
24,33,0.000523995
30,11,0.000523121
33,38,0.000521247
25,23,0.000521163
40,14,0.000514112
26,19,0.000511767
45,31,0.000511301
39,17,0.000510509
28,45,0.000509576
37,12,0.000507821
48,16,0.000505862
38,25,0.000504511
27,40,0.00050182
31,40,0.000500736
29,30,0.000497737
24,51,0.000496478
20,31,0.000495833
30,54,0.000493195
34,40,0.000491546
26,9,0.000491034
42,23,0.000490125
32,23,0.000486982
41,41,0.000486582
37,25,0.000486571
44,16,0.000485023
51,13,0.00048497
29,19,0.000484105
48,24,0.000482617
26,7,0.000482446
41,22,0.00048178
39,20,0.000481614
28,12,0.000481157
41,37,0.000480907
21,16,0.000480492
36,31,0.000477595
38,15,0.000477181
33,41,0.000476148
30,42,0.000473979
23,28,0.000472872
33,22,0.000471449
33,37,0.000470594
38,48,0.000467988
27,36,0.000467233
31,36,0.000466224
45,34,0.000465578
29,9,0.000464492
44,24,0.000462736
28,25,0.000461023
37,15,0.000460213
21,24,0.000458413
34,36,0.000457667
29,7,0.000456369
51,10,0.000456085
35,28,0.000455937
20,34,0.000451493
37,48,0.000451346
40,23,0.000450645
25,31,0.000444074
38,33,0.000441956
28,15,0.000436049
36,34,0.000434886
45,21,0.000433762
48,27,0.000429959
41,26,0.000429488
51,17,0.000427785
28,48,0.000427648
37,33,0.00042624
30,18,0.000424635
45,6,0.00042237
20,21,0.00042064
33,26,0.000420278
24,29,0.000419298
38,51,0.000418747
42,31,0.000417627
23,38,0.00041714
32,31,0.000414948
44,27,0.000412246
24,35,0.000409853
20,6,0.000409593
21,27,0.000408395
22,16,0.000405489
36,21,0.000405168
25,34,0.000404362
28,33,0.00040386
37,51,0.000403857
51,20,0.000403573
35,38,0.000402201
24,11,0.000398018
27,32,0.000396436
31,32,0.00039558
36,6,0.000394527
26,28,0.000390244
34,32,0.000388319
22,24,0.000386856
41,45,0.000386092
45,30,0.000384385
40,31,0.000383987
28,51,0.000382652
23,41,0.000381049
42,34,0.00038028
32,34,0.000377841
33,45,0.000377812
23,22,0.000377288
25,21,0.00037673
23,37,0.000376604
30,44,0.000376317
24,54,0.000375248
45,19,0.000373857
20,30,0.000372756
29,28,0.00036915
35,41,0.000367402
25,6,0.000366836
41,12,0.00036456
35,22,0.000363776
35,37,0.000363117
20,19,0.000362547
24,42,0.000360628
36,30,0.000359046
45,9,0.000358711
48,14,0.000356892
33,12,0.000356742
42,21,0.000354293
38,29,0.000353651
45,7,0.000352437
32,21,0.000352021
30,40,0.000349758
40,34,0.000349649
41,25,0.000349305
36,19,0.000349212
20,9,0.000347859
38,35,0.000345684
42,6,0.000344989
22,27,0.000344646
26,38,0.00034425
32,6,0.000342776
44,14,0.00034219
33,25,0.000341814
20,7,0.000341775
37,29,0.000341075
21,14,0.000338993
23,26,0.000336338
38,11,0.000335702
36,9,0.000335064
25,30,0.000333845
37,35,0.000333392
41,15,0.000330382
36,7,0.000329204
40,21,0.000325755
30,36,0.000325651
29,38,0.000325642
25,19,0.000324701
35,26,0.000324292
41,48,0.000324017
37,11,0.000323765
33,15,0.000323298
28,29,0.000323166
24,18,0.000323084
40,6,0.0003172
33,48,0.000317069
39,16,0.000316732
38,54,0.000316497
28,35,0.000315887
26,41,0.000314465
42,30,0.000313963
43,13,0.000312929
48,23,0.000312834
32,30,0.000311949
25,9,0.000311546
26,22,0.000311362
26,37,0.000310798
28,11,0.000306765
25,7,0.000306098
41,33,0.000305994
42,19,0.000305363
37,54,0.000305243
38,42,0.000304166
32,19,0.000303405
23,45,0.000302353
39,24,0.000302178
44,23,0.000299947
33,33,0.000299432
29,41,0.000297467
21,23,0.000297145
27,56,0.000295484
31,56,0.000294846
29,22,0.000294532
43,10,0.000294291
29,37,0.000293998
37,42,0.00029335
42,9,0.000292992
35,45,0.000291525
32,9,0.000291113
41,51,0.000289925
34,56,0.000289434
28,54,0.000289216
40,30,0.000288673
42,7,0.000287868
24,44,0.000286321
22,14,0.000286078
32,7,0.000286022
23,12,0.000285492
45,28,0.000285081
33,51,0.000283708
40,19,0.000280766
28,42,0.000277947
26,26,0.000277567
20,28,0.000276457
30,32,0.000276307
43,17,0.00027603
35,12,0.000275267
23,25,0.000273545
38,18,0.000272501
40,9,0.000269392
39,27,0.000269207
48,31,0.000266561
36,28,0.000266288
24,40,0.000266114
51,16,0.000265408
40,7,0.00026468
35,25,0.000263748
27,70,0.000262813
37,18,0.000262811
29,26,0.000262564
31,70,0.000262246
43,20,0.000260407
23,15,0.000258727
34,70,0.000257433
44,31,0.00025558
23,48,0.000253742
51,24,0.000253212
21,31,0.000253192
45,38,0.000251482
22,23,0.000250762
26,45,0.000249521
35,15,0.000249461
28,18,0.000249011
24,36,0.000247772
25,28,0.000247598
41,29,0.000244854
35,48,0.000244655
20,38,0.000243874
48,34,0.000242723
38,44,0.000241493
23,33,0.000239627
33,29,0.000239604
41,35,0.000239339
47,13,0.000236043
29,45,0.000236034
26,12,0.000235606
36,38,0.000234904
33,35,0.000234206
37,44,0.000232906
42,28,0.000232852
44,34,0.000232724
41,11,0.000232427
32,28,0.000231359
35,33,0.000231046
21,34,0.00023055
19,13,0.000229945
45,41,0.000229724
45,22,0.000227457
33,11,0.000227443
45,37,0.000227044
23,51,0.000227044
27,47,0.000226379
48,21,0.000226137
31,47,0.00022589
26,25,0.000225746
51,27,0.000225584
38,40,0.00022445
39,14,0.000223458
29,12,0.00022287
20,41,0.000222774
47,10,0.000221984
34,47,0.000221744
28,44,0.000220677
20,22,0.000220576
48,6,0.000220198
20,37,0.000220176
41,54,0.000219131
35,51,0.000218913
25,38,0.000218417
44,21,0.000216821
37,40,0.000216468
19,10,0.000216249
21,21,0.000214795
36,41,0.00021458
33,54,0.000214432
40,28,0.000214096
22,31,0.00021367
29,25,0.000213544
26,15,0.000213517
36,22,0.000212462
36,37,0.000212077
44,6,0.000211127
41,42,0.000210593
24,32,0.000210229
26,48,0.000209404
21,6,0.000209154
38,36,0.00020898
47,17,0.00020821
33,42,0.000206077
30,56,0.000205946
42,38,0.000205409
54,13,0.0002052
28,40,0.000205102
32,38,0.000204091
19,17,0.000202831
45,26,0.000202769
29,15,0.000201976
37,36,0.000201548
48,30,0.000200394
25,41,0.000199519
27,39,0.000198803
31,39,0.000198373
29,48,0.000198085
26,33,0.000197756
25,22,0.00019755
25,37,0.000197192
20,26,0.000196634
47,20,0.000196426
39,23,0.000195873
17,13,0.000195758
48,19,0.000194906
34,39,0.000194732
22,34,0.000194562
54,10,0.000192979
44,30,0.000192139
23,29,0.000191749
19,20,0.000191351
28,36,0.000190966
21,30,0.000190344
36,26,0.000189402
40,38,0.000188863
41,18,0.000188669
42,41,0.000187636
23,35,0.000187429
26,51,0.000187371
51,14,0.000187249
29,33,0.000187066
27,49,0.000187058
48,9,0.00018701
44,19,0.000186877
31,49,0.000186654
32,41,0.000186433
42,22,0.000185785
42,37,0.000185448
21,19,0.000185131
35,29,0.000184881
33,18,0.000184623
32,22,0.000184593
32,37,0.000184259
17,10,0.000184099
48,7,0.000183739
34,49,0.000183228
30,70,0.000183175
45,45,0.00018228
23,11,0.000182017
22,21,0.000181267
54,17,0.000181005
35,35,0.000180717
44,9,0.000179306
21,9,0.00017763
38,32,0.000177314
29,51,0.000177243
20,45,0.000176766
22,6,0.000176506
44,7,0.00017617
25,26,0.000176108
35,11,0.000175498
21,7,0.000174524
17,17,0.000172676
40,41,0.000172522
45,12,0.000172115
23,54,0.000171604
43,16,0.000171256
37,32,0.000171009
40,22,0.00017082
54,20,0.00017076
40,37,0.00017051
36,45,0.000170264
41,44,0.000167201
20,12,0.000166908
39,31,0.0001669
27,43,0.000166596
31,43,0.000166236
42,26,0.00016562
35,54,0.000165459
23,42,0.000164918
45,25,0.000164913
32,26,0.000164558
51,23,0.000164133
33,44,0.000163615
43,24,0.000163386
34,43,0.000163185
17,20,0.000162902
28,32,0.00016203
36,12,0.000160769
22,30,0.000160632
20,25,0.000159924
35,42,0.000159012
25,45,0.000158314
26,29,0.000158243
30,47,0.000157781
24,56,0.000156694
22,19,0.000156233
45,15,0.000155979
41,40,0.0001554
26,35,0.000154679
36,25,0.000154041
45,48,0.000152974
40,26,0.000152279
33,40,0.000152068
39,34,0.000151975
20,15,0.00015126
26,11,0.000150212
22,9,0.000149903
29,29,0.000149689
25,12,0.000149485
42,45,0.000148885
48,28,0.000148624
20,48,0.000148346
32,45,0.00014793
23,18,0.000147749
22,7,0.000147281
29,35,0.000146318
36,15,0.000145697
43,27,0.000145559
41,36,0.00014469
45,33,0.000144465
25,25,0.000143229
36,48,0.00014289
44,28,0.000142501
35,18,0.000142458
29,11,0.000142092
26,54,0.000141619
39,21,0.000141589
33,36,0.000141587
21,28,0.00014117
42,12,0.000140582
20,33,0.000140094
51,31,0.000139855
32,12,0.00013968
24,70,0.000139369
49,13,0.000139118
30,39,0.000138561
39,6,0.000137871
40,45,0.000136893
45,51,0.000136878
26,42,0.000136101
25,15,0.00013547
36,33,0.000134941
42,25,0.000134699
29,54,0.000133964
32,25,0.000133835
25,48,0.00013286
20,51,0.000132738
38,56,0.000132161
48,38,0.000131107
23,44,0.000130937
49,10,0.000130832
30,49,0.000130375
40,12,0.000129258
47,16,0.000129179
29,42,0.000128744
36,51,0.000127855
37,56,0.000127462
42,15,0.000127402
51,34,0.000127348
32,15,0.000126585
35,44,0.000126248
19,16,0.000125841
44,38,0.000125706
39,30,0.000125472
25,33,0.00012547
42,48,0.000124948
21,38,0.000124532
32,48,0.000124147
40,25,0.000123849
47,24,0.000123243
41,32,0.000122766
49,17,0.000122714
39,19,0.000122035
26,18,0.000121932
23,40,0.000121696
43,14,0.000120823
28,56,0.000120769
33,32,0.000120133
19,24,0.000120059
24,47,0.000120048
48,41,0.000119764
22,28,0.000119134
25,51,0.000118881
51,21,0.000118646
48,22,0.000118582
48,37,0.000118367
42,33,0.000117998
38,70,0.000117549
35,40,0.000117338
32,33,0.000117241
40,15,0.00011714
39,9,0.000117091
30,43,0.000116114
49,20,0.000115769
45,29,0.0001156
51,6,0.00011553
29,18,0.000115341
39,7,0.000115043
40,48,0.000114883
44,41,0.00011483
21,41,0.000113757
44,22,0.000113697
44,37,0.000113491
37,70,0.000113369
23,36,0.000113308
45,35,0.000112996
21,22,0.000112635
21,37,0.00011243
54,16,0.000112299
20,29,0.000112103
42,51,0.000111801
27,50,0.000111623
31,50,0.000111382
32,51,0.000111084
27,3,0.000110577
31,3,0.000110338
47,27,0.000109796
45,11,0.000109733
20,35,0.000109578
34,50,0.000109337
35,36,0.00010925
40,33,0.000108493
34,3,0.000108313
26,44,0.000108058
36,29,0.000107979
28,70,0.000107416
54,24,0.000107139
17,16,0.000107132
19,27,0.000106959
20,11,0.000106413
43,23,0.000105908
48,26,0.000105711
36,35,0.000105547
24,39,0.000105424
51,30,0.00010514
22,38,0.000105093
45,54,0.000103455
40,51,0.000102796
36,11,0.000102499
51,19,0.00010226
29,44,0.000102217
17,24,0.000102209
44,26,0.000101356
38,47,0.000101253
26,40,0.000100431
21,26,0.000100409
25,29,0.000100401
20,54,0.000100326
45,42,9.94E-05
24,49,9.92E-05
25,35,9.81E-05
51,9,9.81E-05
37,47,9.77E-05
36,54,9.66E-05
20,42,9.64E-05
51,7,9.64E-05
23,32,9.61E-05
22,41,9.60E-05
27,8,9.57E-05
31,8,9.55E-05
54,27,9.54E-05
25,11,9.53E-05
22,22,9.51E-05
48,45,9.50E-05
29,40,9.50E-05
22,37,9.49E-05
42,29,9.44E-05
32,29,9.38E-05
34,8,9.38E-05
26,36,9.35E-05
39,28,9.31E-05
36,42,9.29E-05
35,32,9.27E-05
28,47,9.25E-05
42,35,9.23E-05
32,35,9.17E-05
41,56,9.15E-05
47,14,9.11E-05
44,45,9.11E-05
17,27,9.11E-05
21,45,9.03E-05
43,31,9.02E-05
25,54,8.99E-05
48,12,8.97E-05
42,11,8.96E-05
33,56,8.95E-05
45,18,8.91E-05
32,11,8.91E-05
38,39,8.89E-05
19,14,8.88E-05
29,36,8.85E-05
24,43,8.83E-05
40,29,8.68E-05
20,18,8.64E-05
25,42,8.64E-05
44,12,8.60E-05
48,25,8.60E-05
37,39,8.58E-05
21,12,8.52E-05
40,35,8.49E-05
22,26,8.47E-05
42,54,8.45E-05
32,54,8.40E-05
38,49,8.37E-05
36,18,8.32E-05
44,25,8.24E-05
40,11,8.24E-05
43,34,8.22E-05
39,38,8.21E-05
21,25,8.17E-05
41,70,8.14E-05
48,15,8.13E-05
28,39,8.13E-05
42,42,8.12E-05
37,49,8.07E-05
32,42,8.07E-05
47,23,7.99E-05
48,48,7.98E-05
33,70,7.96E-05
26,32,7.93E-05
54,14,7.92E-05
45,44,7.89E-05
51,28,7.80E-05
44,15,7.80E-05
19,23,7.78E-05
30,50,7.78E-05
40,54,7.77E-05
25,18,7.74E-05
21,15,7.72E-05
30,3,7.71E-05
43,21,7.66E-05
20,44,7.66E-05
44,48,7.65E-05
28,49,7.65E-05
22,45,7.62E-05
49,16,7.61E-05
21,48,7.58E-05
17,14,7.56E-05
48,33,7.53E-05
29,32,7.51E-05
39,41,7.50E-05
40,42,7.47E-05
43,6,7.45E-05
38,43,7.45E-05
39,22,7.42E-05
39,37,7.41E-05
36,44,7.37E-05
45,40,7.34E-05
42,18,7.28E-05
49,24,7.26E-05
32,18,7.23E-05
44,33,7.22E-05
22,12,7.19E-05
37,43,7.19E-05
23,56,7.17E-05
21,33,7.15E-05
48,51,7.14E-05
20,40,7.11E-05
41,47,7.01E-05
50,13,6.95E-05
54,23,6.94E-05
35,56,6.91E-05
22,25,6.89E-05
51,38,6.88E-05
33,47,6.86E-05
25,44,6.86E-05
36,40,6.85E-05
44,51,6.84E-05
45,36,6.83E-05
28,43,6.81E-05
47,31,6.81E-05
43,30,6.78E-05
21,51,6.78E-05
40,18,6.69E-05
30,8,6.67E-05
19,31,6.63E-05
17,23,6.63E-05
20,36,6.62E-05
39,26,6.62E-05
43,19,6.60E-05
50,10,6.53E-05
22,15,6.52E-05
49,27,6.47E-05
42,44,6.45E-05
32,44,6.41E-05
22,48,6.39E-05
36,36,6.38E-05
23,70,6.37E-05
25,40,6.37E-05
43,9,6.33E-05
51,41,6.28E-05
51,22,6.22E-05
43,7,6.22E-05
51,37,6.21E-05
47,34,6.20E-05
41,39,6.16E-05
35,70,6.15E-05
50,17,6.13E-05
19,34,6.04E-05
22,33,6.04E-05
48,29,6.03E-05
33,39,6.02E-05
42,40,5.99E-05
32,40,5.95E-05
39,45,5.95E-05
25,36,5.93E-05
40,44,5.93E-05
24,50,5.92E-05
54,31,5.92E-05
26,56,5.91E-05
48,35,5.89E-05
24,3,5.86E-05
45,32,5.80E-05
41,49,5.79E-05
50,20,5.78E-05
44,29,5.78E-05
47,21,5.77E-05
21,29,5.72E-05
48,11,5.72E-05
22,51,5.72E-05
56,13,5.70E-05
33,49,5.67E-05
44,35,5.65E-05
17,31,5.65E-05
19,21,5.63E-05
47,6,5.62E-05
20,32,5.62E-05
39,12,5.62E-05
21,35,5.60E-05
29,56,5.59E-05
42,36,5.58E-05
51,26,5.55E-05
32,36,5.54E-05
40,40,5.51E-05
23,47,5.49E-05
44,11,5.49E-05
19,6,5.48E-05
21,11,5.43E-05
36,32,5.41E-05
48,54,5.39E-05
54,34,5.39E-05
39,25,5.38E-05
49,14,5.37E-05
56,10,5.36E-05
35,47,5.29E-05
26,70,5.26E-05
48,42,5.18E-05
44,54,5.17E-05
41,43,5.16E-05
17,34,5.14E-05
40,36,5.13E-05
21,54,5.12E-05
47,30,5.12E-05
39,15,5.09E-05
24,8,5.08E-05
33,43,5.05E-05
25,32,5.03E-05
43,28,5.03E-05
56,17,5.03E-05
54,21,5.02E-05
39,48,4.99E-05
38,50,4.99E-05
51,45,4.99E-05
19,30,4.99E-05
47,19,4.98E-05
29,70,4.98E-05
44,42,4.97E-05
38,3,4.95E-05
21,42,4.92E-05
54,6,4.89E-05
19,19,4.85E-05
22,29,4.83E-05
23,39,4.82E-05
37,50,4.82E-05
17,21,4.79E-05
47,9,4.78E-05
37,3,4.77E-05
56,20,4.74E-05
42,32,4.73E-05
22,35,4.72E-05
39,33,4.72E-05
49,23,4.71E-05
51,12,4.71E-05
32,32,4.70E-05
47,7,4.69E-05
17,6,4.66E-05
19,9,4.65E-05
35,39,4.65E-05
48,18,4.64E-05
22,11,4.59E-05
19,7,4.57E-05
28,50,4.56E-05
23,49,4.54E-05
26,47,4.53E-05
16,13,4.53E-05
28,3,4.52E-05
51,25,4.51E-05
39,51,4.47E-05
44,18,4.45E-05
54,30,4.45E-05
43,38,4.44E-05
21,18,4.41E-05
35,49,4.37E-05
40,32,4.35E-05
54,19,4.33E-05
22,54,4.32E-05
45,56,4.32E-05
29,47,4.29E-05
38,8,4.28E-05
51,15,4.27E-05
16,10,4.26E-05
17,30,4.24E-05
20,56,4.19E-05
51,48,4.18E-05
22,42,4.15E-05
54,9,4.15E-05
37,8,4.13E-05
17,19,4.13E-05
48,44,4.12E-05
54,7,4.08E-05
43,41,4.05E-05
23,43,4.04E-05
36,56,4.04E-05
43,22,4.01E-05
49,31,4.01E-05
43,37,4.01E-05
16,17,3.99E-05
26,39,3.98E-05
17,9,3.96E-05
51,33,3.95E-05
44,44,3.95E-05
28,8,3.91E-05
21,44,3.91E-05
35,43,3.90E-05
17,7,3.89E-05
45,70,3.84E-05
48,40,3.82E-05
50,16,3.80E-05
47,28,3.80E-05
39,29,3.77E-05
16,20,3.77E-05
29,39,3.76E-05
25,56,3.75E-05
51,51,3.74E-05
26,49,3.74E-05
20,70,3.73E-05
22,18,3.72E-05
19,28,3.70E-05
39,35,3.69E-05
44,40,3.67E-05
49,34,3.65E-05
21,40,3.63E-05
50,24,3.63E-05
36,70,3.59E-05
39,11,3.58E-05
43,26,3.58E-05
48,36,3.56E-05
29,49,3.54E-05
42,56,3.53E-05
32,56,3.51E-05
41,50,3.46E-05
41,3,3.42E-05
44,36,3.41E-05
49,21,3.40E-05
21,36,3.38E-05
33,50,3.38E-05
39,54,3.38E-05
33,3,3.35E-05
47,38,3.35E-05
25,70,3.34E-05
26,43,3.33E-05
49,6,3.31E-05
45,47,3.31E-05
54,28,3.30E-05
22,44,3.30E-05
19,38,3.26E-05
39,42,3.25E-05
40,56,3.24E-05
50,27,3.23E-05
43,45,3.22E-05
20,47,3.21E-05
51,29,3.16E-05
29,43,3.15E-05
17,28,3.15E-05
42,70,3.14E-05
56,16,3.12E-05
32,70,3.12E-05
36,47,3.09E-05
51,35,3.09E-05
22,40,3.07E-05
47,41,3.06E-05
43,12,3.04E-05
47,22,3.03E-05
47,37,3.02E-05
48,32,3.02E-05
49,30,3.02E-05
51,11,3.00E-05
19,41,2.98E-05
56,24,2.98E-05
41,8,2.96E-05
19,22,2.95E-05
19,37,2.94E-05
49,19,2.93E-05
43,25,2.91E-05
54,38,2.91E-05
39,18,2.91E-05
45,39,2.91E-05
33,8,2.90E-05
44,32,2.90E-05
40,70,2.89E-05
25,47,2.87E-05
21,32,2.87E-05
22,36,2.85E-05
51,54,2.83E-05
20,39,2.82E-05
49,9,2.81E-05
17,38,2.78E-05
49,7,2.77E-05
43,15,2.75E-05
45,49,2.73E-05
51,42,2.72E-05
36,39,2.71E-05
23,50,2.71E-05
42,47,2.70E-05
43,48,2.70E-05
47,26,2.70E-05
32,47,2.69E-05
50,14,2.68E-05
23,3,2.68E-05
54,41,2.66E-05
20,49,2.65E-05
56,27,2.65E-05
54,22,2.63E-05
19,26,2.63E-05
54,37,2.63E-05
18,13,2.62E-05
35,50,2.61E-05
35,3,2.59E-05
39,44,2.58E-05
27,5,2.56E-05
31,5,2.56E-05
36,49,2.55E-05
43,33,2.55E-05
17,41,2.54E-05
25,39,2.52E-05
17,22,2.51E-05
34,5,2.51E-05
17,37,2.51E-05
40,47,2.49E-05
16,16,2.48E-05
18,10,2.46E-05
51,18,2.44E-05
45,43,2.44E-05
47,45,2.43E-05
22,32,2.42E-05
43,51,2.42E-05
39,40,2.39E-05
25,49,2.38E-05
42,39,2.37E-05
16,24,2.36E-05
19,45,2.36E-05
20,43,2.36E-05
32,39,2.36E-05
50,23,2.35E-05
54,26,2.35E-05
23,8,2.32E-05
18,17,2.31E-05
47,12,2.29E-05
36,43,2.28E-05
48,56,2.25E-05
17,26,2.24E-05
35,8,2.24E-05
49,28,2.24E-05
26,50,2.23E-05
42,49,2.23E-05
19,12,2.23E-05
39,36,2.23E-05
32,49,2.22E-05
26,3,2.21E-05
56,14,2.20E-05
47,25,2.20E-05
40,39,2.18E-05
18,20,2.18E-05
44,56,2.16E-05
51,44,2.16E-05
21,56,2.14E-05
19,25,2.14E-05
25,43,2.12E-05
29,50,2.11E-05
54,45,2.11E-05
16,27,2.11E-05
29,3,2.09E-05
47,15,2.08E-05
40,49,2.05E-05
43,29,2.04E-05
47,48,2.04E-05
19,15,2.02E-05
17,45,2.01E-05
51,40,2.01E-05
50,31,2.00E-05
48,70,2.00E-05
43,35,1.99E-05
54,12,1.99E-05
42,43,1.99E-05
19,48,1.98E-05
32,43,1.98E-05
49,38,1.97E-05
43,11,1.94E-05
56,23,1.93E-05
47,33,1.92E-05
44,70,1.92E-05
26,8,1.92E-05
54,25,1.91E-05
21,70,1.90E-05
17,12,1.90E-05
39,32,1.89E-05
19,33,1.87E-05
51,36,1.87E-05
40,43,1.83E-05
43,54,1.83E-05
50,34,1.82E-05
47,51,1.82E-05
17,25,1.82E-05
29,8,1.81E-05
22,56,1.81E-05
54,15,1.81E-05
49,41,1.80E-05
30,5,1.78E-05
49,22,1.78E-05
49,37,1.78E-05
19,51,1.78E-05
54,48,1.77E-05
43,42,1.75E-05
16,14,1.75E-05
48,47,1.73E-05
17,15,1.72E-05
50,21,1.70E-05
17,48,1.69E-05
54,33,1.67E-05
50,6,1.66E-05
44,47,1.65E-05
56,31,1.64E-05
21,47,1.64E-05
45,50,1.63E-05
45,3,1.62E-05
22,70,1.61E-05
17,33,1.60E-05
49,26,1.59E-05
51,32,1.59E-05
54,51,1.58E-05
20,50,1.58E-05
43,18,1.57E-05
20,3,1.57E-05
47,29,1.54E-05
16,23,1.53E-05
36,50,1.52E-05
48,39,1.52E-05
17,51,1.51E-05
36,3,1.51E-05
50,30,1.51E-05
47,35,1.50E-05
19,29,1.50E-05
56,34,1.50E-05
19,35,1.47E-05
50,19,1.46E-05
47,11,1.46E-05
44,39,1.45E-05
21,39,1.44E-05
18,16,1.43E-05
49,45,1.43E-05
48,49,1.43E-05
19,11,1.42E-05
25,50,1.42E-05
39,56,1.41E-05
50,9,1.41E-05
25,3,1.40E-05
45,8,1.40E-05
56,21,1.39E-05
43,44,1.39E-05
22,47,1.38E-05
50,7,1.38E-05
47,54,1.38E-05
44,49,1.37E-05
18,24,1.37E-05
24,5,1.36E-05
56,6,1.36E-05
20,8,1.36E-05
21,49,1.35E-05
49,12,1.35E-05
19,54,1.34E-05
54,29,1.34E-05
42,50,1.33E-05
32,50,1.32E-05
47,42,1.32E-05
42,3,1.32E-05
32,3,1.31E-05
54,35,1.31E-05
36,8,1.31E-05
16,31,1.31E-05
43,40,1.29E-05
49,25,1.29E-05
19,42,1.29E-05
17,29,1.28E-05
54,11,1.27E-05
48,43,1.27E-05
39,70,1.25E-05
17,35,1.25E-05
56,30,1.24E-05
40,50,1.23E-05
49,15,1.22E-05
18,27,1.22E-05
44,43,1.22E-05
25,8,1.22E-05
22,39,1.21E-05
40,3,1.21E-05
17,11,1.21E-05
21,43,1.21E-05
43,36,1.21E-05
56,19,1.20E-05
49,48,1.20E-05
54,54,1.20E-05
16,34,1.19E-05
47,18,1.19E-05
51,56,1.18E-05
19,18,1.16E-05
56,9,1.15E-05
54,42,1.15E-05
38,5,1.15E-05
42,8,1.14E-05
22,49,1.14E-05
17,54,1.14E-05
32,8,1.14E-05
49,33,1.13E-05
56,7,1.13E-05
50,28,1.12E-05
16,21,1.11E-05
37,5,1.10E-05
17,42,1.10E-05
39,47,1.08E-05
16,6,1.08E-05
49,51,1.07E-05
40,8,1.05E-05
51,70,1.05E-05
47,44,1.05E-05
28,5,1.05E-05
54,18,1.03E-05
19,44,1.02E-05
43,32,1.02E-05
22,43,1.02E-05
18,14,1.01E-05
50,38,9.85E-06
17,18,9.83E-06
16,30,9.82E-06
47,40,9.77E-06
16,19,9.55E-06
19,40,9.52E-06
39,39,9.49E-06
56,28,9.16E-06
16,9,9.16E-06
54,44,9.14E-06
47,36,9.09E-06
49,29,9.07E-06
51,47,9.05E-06
50,41,9.00E-06
16,7,9.00E-06
39,49,8.93E-06
50,22,8.91E-06
50,37,8.90E-06
49,35,8.87E-06
19,36,8.86E-06
18,23,8.86E-06
17,44,8.72E-06
49,11,8.61E-06
48,50,8.51E-06
54,40,8.49E-06
48,3,8.43E-06
44,50,8.16E-06
49,54,8.12E-06
17,40,8.10E-06
56,38,8.08E-06
21,50,8.08E-06
44,3,8.08E-06
21,3,8.01E-06
39,43,7.95E-06
51,39,7.95E-06
50,26,7.95E-06
41,5,7.93E-06
54,36,7.91E-06
49,42,7.80E-06
33,5,7.76E-06
47,32,7.72E-06
43,56,7.62E-06
18,31,7.55E-06
17,36,7.54E-06
19,32,7.52E-06
51,49,7.48E-06
56,41,7.38E-06
56,22,7.31E-06
56,37,7.30E-06
48,8,7.30E-06
16,28,7.28E-06
50,45,7.14E-06
44,8,7.00E-06
49,18,6.99E-06
21,8,6.93E-06
18,34,6.87E-06
22,50,6.82E-06
43,70,6.78E-06
22,3,6.76E-06
50,12,6.74E-06
54,32,6.71E-06
51,43,6.66E-06
56,26,6.52E-06
50,25,6.46E-06
16,38,6.42E-06
18,21,6.40E-06
17,32,6.40E-06
18,6,6.24E-06
23,5,6.21E-06
49,44,6.19E-06
50,15,6.11E-06
50,48,5.99E-06
35,5,5.99E-06
16,41,5.87E-06
56,45,5.86E-06
22,8,5.85E-06
43,47,5.84E-06
16,22,5.81E-06
16,37,5.80E-06
49,40,5.76E-06
47,56,5.75E-06
18,30,5.67E-06
50,33,5.66E-06
19,56,5.60E-06
56,12,5.53E-06
18,19,5.52E-06
50,51,5.36E-06
49,36,5.36E-06
39,50,5.33E-06
56,25,5.30E-06
18,9,5.30E-06
39,3,5.28E-06
18,7,5.20E-06
16,26,5.18E-06
43,39,5.13E-06
26,5,5.13E-06
47,70,5.12E-06
56,15,5.01E-06
54,56,5.00E-06
19,70,4.98E-06
56,48,4.92E-06
29,5,4.85E-06
43,49,4.83E-06
17,56,4.77E-06
16,45,4.66E-06
56,33,4.64E-06
39,8,4.57E-06
49,32,4.55E-06
50,29,4.53E-06
51,50,4.46E-06
54,70,4.45E-06
50,35,4.43E-06
51,3,4.42E-06
47,47,4.41E-06
56,51,4.40E-06
16,12,4.40E-06
50,11,4.30E-06
43,43,4.30E-06
19,47,4.29E-06
17,70,4.24E-06
16,25,4.21E-06
18,28,4.21E-06
50,54,4.05E-06
16,15,3.98E-06
16,48,3.91E-06
50,42,3.90E-06
47,39,3.87E-06
54,47,3.83E-06
51,8,3.83E-06
19,39,3.77E-06
45,5,3.74E-06
56,29,3.72E-06
18,38,3.71E-06
16,33,3.69E-06
17,47,3.65E-06
47,49,3.64E-06
56,35,3.63E-06
20,5,3.63E-06
19,49,3.55E-06
56,11,3.53E-06
36,5,3.50E-06
16,51,3.50E-06
50,18,3.49E-06
18,41,3.39E-06
49,56,3.39E-06
54,39,3.36E-06
18,22,3.36E-06
18,37,3.35E-06
56,54,3.32E-06
25,5,3.25E-06
47,43,3.24E-06
17,39,3.21E-06
56,42,3.20E-06
54,49,3.17E-06
19,43,3.16E-06
50,44,3.09E-06
42,5,3.06E-06
32,5,3.04E-06
17,49,3.02E-06
49,70,3.01E-06
18,26,2.99E-06
16,29,2.95E-06
16,35,2.89E-06
43,50,2.88E-06
50,40,2.87E-06
56,18,2.86E-06
43,3,2.85E-06
54,43,2.82E-06
40,5,2.81E-06
16,11,2.80E-06
14,13,2.70E-06
18,45,2.69E-06
17,43,2.69E-06
50,36,2.68E-06
16,54,2.64E-06
49,47,2.60E-06
14,10,2.54E-06
18,12,2.54E-06
16,42,2.54E-06
56,44,2.54E-06
43,8,2.47E-06
18,25,2.43E-06
14,17,2.39E-06
56,40,2.36E-06
15,13,2.32E-06
18,15,2.30E-06
49,39,2.28E-06
16,18,2.27E-06
50,32,2.27E-06
18,48,2.26E-06
14,20,2.25E-06
56,36,2.20E-06
15,10,2.18E-06
47,50,2.17E-06
47,3,2.15E-06
49,49,2.15E-06
70,13,2.14E-06
18,33,2.13E-06
19,50,2.12E-06
19,3,2.10E-06
15,17,2.05E-06
18,51,2.02E-06
16,44,2.02E-06
70,10,2.01E-06
48,5,1.95E-06
15,20,1.93E-06
49,43,1.91E-06
70,17,1.89E-06
54,50,1.89E-06
16,40,1.87E-06
44,5,1.87E-06
54,3,1.87E-06
47,8,1.86E-06
56,32,1.86E-06
21,5,1.85E-06
19,8,1.82E-06
17,50,1.80E-06
17,3,1.78E-06
70,20,1.78E-06
16,36,1.74E-06
18,29,1.71E-06
50,56,1.69E-06
18,35,1.67E-06
18,11,1.62E-06
54,8,1.62E-06
22,5,1.56E-06
17,8,1.55E-06
18,54,1.53E-06
50,70,1.51E-06
13,13,1.49E-06
16,32,1.48E-06
14,16,1.48E-06
18,42,1.47E-06
14,24,1.41E-06
13,10,1.40E-06
56,56,1.39E-06
13,17,1.32E-06
18,18,1.31E-06
50,47,1.30E-06
49,50,1.28E-06
15,16,1.27E-06
49,3,1.27E-06
14,27,1.26E-06
13,20,1.24E-06
56,70,1.23E-06
39,5,1.22E-06
15,24,1.21E-06
70,16,1.17E-06
18,44,1.17E-06
50,39,1.14E-06
70,24,1.12E-06
16,56,1.10E-06
49,8,1.10E-06
18,40,1.08E-06
15,27,1.08E-06
50,49,1.07E-06
56,47,1.06E-06
14,14,1.04E-06
51,5,1.02E-06
18,36,1.01E-06
70,27,9.96E-07
16,70,9.81E-07
50,43,9.54E-07
56,39,9.34E-07
14,23,9.15E-07
15,14,8.96E-07
56,49,8.79E-07
18,32,8.56E-07
16,47,8.45E-07
70,14,8.27E-07
13,16,8.17E-07
15,23,7.86E-07
56,43,7.83E-07
14,31,7.80E-07
13,24,7.79E-07
16,39,7.42E-07
70,23,7.25E-07
14,34,7.10E-07
16,49,6.98E-07
13,27,6.94E-07
15,31,6.70E-07
14,21,6.62E-07
43,5,6.61E-07
14,6,6.44E-07
50,50,6.39E-07
18,56,6.38E-07
50,3,6.33E-07
16,43,6.22E-07
70,31,6.18E-07
15,34,6.10E-07
14,30,5.86E-07
13,14,5.76E-07
14,19,5.70E-07
15,21,5.68E-07
18,70,5.67E-07
70,34,5.62E-07
15,6,5.53E-07
50,8,5.48E-07
14,9,5.47E-07
14,7,5.38E-07
56,50,5.24E-07
70,21,5.24E-07
56,3,5.20E-07
70,6,5.10E-07
13,23,5.05E-07
15,30,5.03E-07
47,5,4.98E-07
15,19,4.90E-07
18,47,4.89E-07
19,5,4.86E-07
15,9,4.70E-07
70,30,4.64E-07
15,7,4.62E-07
70,19,4.52E-07
56,8,4.50E-07
14,28,4.35E-07
54,5,4.33E-07
70,9,4.33E-07
13,31,4.30E-07
18,39,4.29E-07
70,7,4.26E-07
16,50,4.17E-07
17,5,4.13E-07
16,3,4.13E-07
18,49,4.04E-07
13,34,3.92E-07
14,38,3.84E-07
15,28,3.73E-07
13,21,3.65E-07
18,43,3.60E-07
16,8,3.57E-07
13,6,3.56E-07
14,41,3.50E-07
14,22,3.47E-07
14,37,3.46E-07
70,28,3.44E-07
15,38,3.29E-07
13,30,3.24E-07
13,19,3.15E-07
14,26,3.09E-07
70,38,3.04E-07
13,9,3.02E-07
15,41,3.01E-07
15,22,2.98E-07
15,37,2.97E-07
13,7,2.97E-07
49,5,2.94E-07
14,45,2.78E-07
70,41,2.77E-07
70,22,2.75E-07
70,37,2.74E-07
15,26,2.66E-07
14,12,2.63E-07
14,25,2.52E-07
70,26,2.45E-07
18,50,2.41E-07
13,28,2.40E-07
15,45,2.39E-07
18,3,2.39E-07
14,15,2.38E-07
14,48,2.33E-07
15,12,2.25E-07
14,33,2.20E-07
70,45,2.20E-07
15,25,2.16E-07
13,38,2.12E-07
14,51,2.09E-07
70,12,2.08E-07
18,8,2.07E-07
15,15,2.04E-07
15,48,2.00E-07
70,25,1.99E-07
13,41,1.93E-07
13,22,1.91E-07
13,37,1.91E-07
15,33,1.89E-07
70,15,1.88E-07
70,48,1.85E-07
15,51,1.79E-07
14,29,1.76E-07
70,33,1.74E-07
14,35,1.72E-07
13,26,1.71E-07
14,11,1.67E-07
70,51,1.65E-07
14,54,1.58E-07
13,45,1.53E-07
14,42,1.52E-07
15,29,1.51E-07
15,35,1.48E-07
50,5,1.47E-07
13,12,1.45E-07
15,11,1.44E-07
70,29,1.40E-07
13,25,1.39E-07
70,35,1.36E-07
14,18,1.36E-07
15,54,1.35E-07
70,11,1.33E-07
13,15,1.31E-07
15,42,1.30E-07
13,48,1.29E-07
70,54,1.25E-07
13,33,1.22E-07
14,44,1.20E-07
56,5,1.20E-07
70,42,1.20E-07
15,18,1.17E-07
13,51,1.15E-07
14,40,1.12E-07
70,18,1.08E-07
14,36,1.04E-07
15,44,1.03E-07
13,29,9.73E-08
15,40,9.61E-08
16,5,9.56E-08
70,44,9.53E-08
13,35,9.51E-08
13,11,9.24E-08
15,36,8.95E-08
70,40,8.86E-08
14,32,8.84E-08
13,54,8.71E-08
13,42,8.37E-08
70,36,8.25E-08
15,32,7.59E-08
13,18,7.50E-08
70,32,7.00E-08
13,44,6.64E-08
14,56,6.59E-08
13,40,6.18E-08
14,70,5.86E-08
13,36,5.75E-08
15,56,5.66E-08
18,5,5.53E-08
70,56,5.22E-08
14,47,5.05E-08
15,70,5.03E-08
13,32,4.88E-08
70,70,4.64E-08
14,39,4.43E-08
15,47,4.33E-08
14,49,4.17E-08
70,47,4.00E-08
15,39,3.81E-08
14,43,3.71E-08
13,56,3.64E-08
15,49,3.58E-08
70,39,3.51E-08
70,49,3.30E-08
13,70,3.23E-08
15,43,3.19E-08
70,43,2.94E-08
13,47,2.79E-08
14,50,2.49E-08
14,3,2.47E-08
13,39,2.45E-08
12,13,2.37E-08
13,49,2.30E-08
12,10,2.23E-08
15,50,2.14E-08
14,8,2.13E-08
15,3,2.12E-08
12,17,2.09E-08
13,43,2.05E-08
12,20,1.97E-08
70,50,1.97E-08
70,3,1.95E-08
15,8,1.83E-08
70,8,1.69E-08
13,50,1.37E-08
13,3,1.36E-08
12,16,1.30E-08
12,24,1.24E-08
13,8,1.18E-08
12,27,1.10E-08
12,14,9.15E-09
12,23,8.02E-09
12,31,6.83E-09
12,34,6.22E-09
12,21,5.80E-09
14,5,5.71E-09
12,6,5.64E-09
12,30,5.14E-09
12,19,5.00E-09
15,5,4.90E-09
12,9,4.79E-09
12,7,4.71E-09
70,5,4.52E-09
12,28,3.81E-09
12,38,3.36E-09
13,5,3.15E-09
12,41,3.07E-09
12,22,3.04E-09
12,37,3.03E-09
12,26,2.71E-09
12,45,2.44E-09
12,12,2.30E-09
12,25,2.20E-09
10,13,2.15E-09
12,15,2.08E-09
12,48,2.04E-09
10,10,2.02E-09
12,33,1.93E-09
10,17,1.90E-09
12,51,1.83E-09
10,20,1.79E-09
11,13,1.79E-09
11,10,1.68E-09
11,17,1.58E-09
12,29,1.54E-09
12,35,1.51E-09
11,20,1.49E-09
12,11,1.47E-09
12,54,1.38E-09
12,42,1.33E-09
12,18,1.19E-09
10,16,1.18E-09
10,24,1.12E-09
12,44,1.05E-09
10,27,1.00E-09
12,40,9.80E-10
11,16,9.78E-10
11,24,9.33E-10
12,36,9.13E-10
11,27,8.31E-10
10,14,8.30E-10
12,32,7.75E-10
10,23,7.28E-10
11,14,6.90E-10
10,31,6.20E-10
11,23,6.05E-10
12,56,5.77E-10
10,34,5.65E-10
10,21,5.26E-10
11,31,5.16E-10
12,70,5.13E-10
10,6,5.12E-10
11,34,4.69E-10
10,30,4.66E-10
10,19,4.53E-10
12,47,4.42E-10
11,21,4.37E-10
10,9,4.35E-10
10,7,4.27E-10
11,6,4.26E-10
12,39,3.88E-10
11,30,3.88E-10
11,19,3.77E-10
12,49,3.65E-10
11,9,3.62E-10
11,7,3.55E-10
10,28,3.46E-10
12,43,3.25E-10
10,38,3.05E-10
11,28,2.87E-10
10,41,2.79E-10
10,22,2.76E-10
10,37,2.75E-10
11,38,2.54E-10
10,26,2.46E-10
11,41,2.32E-10
11,22,2.29E-10
11,37,2.29E-10
10,45,2.21E-10
12,50,2.18E-10
12,3,2.16E-10
10,12,2.09E-10
11,26,2.04E-10
10,25,2.00E-10
10,15,1.89E-10
12,8,1.87E-10
10,48,1.86E-10
11,45,1.84E-10
10,33,1.75E-10
11,12,1.74E-10
11,25,1.66E-10
10,51,1.66E-10
11,15,1.57E-10
11,48,1.54E-10
11,33,1.46E-10
10,29,1.40E-10
11,51,1.38E-10
10,35,1.37E-10
10,11,1.33E-10
10,54,1.25E-10
10,42,1.21E-10
11,29,1.17E-10
11,35,1.14E-10
11,11,1.11E-10
10,18,1.08E-10
11,54,1.04E-10
11,42,1.00E-10
10,44,9.57E-11
11,18,8.98E-11
10,40,8.90E-11
10,36,8.29E-11
11,44,7.96E-11
11,40,7.40E-11
10,32,7.03E-11
11,36,6.89E-11
11,32,5.84E-11
10,56,5.24E-11
12,5,5.00E-11
10,70,4.66E-11
11,56,4.36E-11
10,47,4.01E-11
11,70,3.87E-11
10,39,3.53E-11
11,47,3.34E-11
10,49,3.32E-11
10,43,2.95E-11
11,39,2.93E-11
11,49,2.76E-11
11,43,2.46E-11
9,13,2.20E-11
9,10,2.07E-11
10,50,1.98E-11
10,3,1.96E-11
9,17,1.94E-11
9,20,1.83E-11
10,8,1.70E-11
11,50,1.65E-11
11,3,1.63E-11
11,8,1.41E-11
9,16,1.21E-11
9,24,1.15E-11
9,27,1.02E-11
9,14,8.50E-12
9,23,7.45E-12
9,31,6.35E-12
9,34,5.78E-12
9,21,5.39E-12
9,6,5.25E-12
9,30,4.77E-12
9,19,4.64E-12
10,5,4.54E-12
9,9,4.46E-12
9,7,4.38E-12
11,5,3.77E-12
9,28,3.54E-12
9,38,3.12E-12
9,41,2.85E-12
9,22,2.83E-12
9,37,2.82E-12
9,26,2.52E-12
9,45,2.26E-12
9,12,2.14E-12
9,25,2.05E-12
9,15,1.94E-12
9,48,1.90E-12
9,33,1.79E-12
9,51,1.70E-12
9,29,1.44E-12
9,35,1.40E-12
9,11,1.36E-12
9,54,1.28E-12
9,42,1.23E-12
9,18,1.11E-12
9,44,9.80E-13
9,40,9.11E-13
9,36,8.48E-13
9,32,7.20E-13
9,56,5.37E-13
9,70,4.77E-13
9,47,4.11E-13
9,39,3.61E-13
9,49,3.40E-13
9,43,3.03E-13
9,50,2.03E-13
9,3,2.01E-13
9,8,1.74E-13
9,5,4.65E-14
8,13,2.12E-14
8,10,1.99E-14
8,17,1.87E-14
8,20,1.76E-14
8,16,1.16E-14
8,24,1.10E-14
8,27,9.84E-15
8,14,8.17E-15
8,23,7.16E-15
8,31,6.10E-15
8,34,5.56E-15
7,13,5.45E-15
8,21,5.18E-15
7,10,5.13E-15
8,6,5.04E-15
7,17,4.81E-15
8,30,4.59E-15
7,20,4.54E-15
8,19,4.46E-15
8,9,4.28E-15
8,7,4.21E-15
8,28,3.40E-15
8,38,3.00E-15
7,16,2.98E-15
7,24,2.85E-15
8,41,2.74E-15
8,22,2.71E-15
8,37,2.71E-15
7,27,2.54E-15
8,26,2.42E-15
8,45,2.18E-15
7,14,2.10E-15
8,12,2.05E-15
8,25,1.97E-15
8,15,1.86E-15
7,23,1.85E-15
8,48,1.83E-15
8,33,1.72E-15
8,51,1.63E-15
7,31,1.57E-15
7,34,1.43E-15
8,29,1.38E-15
8,35,1.35E-15
7,21,1.33E-15
8,11,1.31E-15
7,6,1.30E-15
8,54,1.23E-15
8,42,1.19E-15
7,30,1.18E-15
7,19,1.15E-15
7,9,1.10E-15
7,7,1.08E-15
8,18,1.06E-15
8,44,9.42E-16
7,28,8.77E-16
8,40,8.76E-16
8,36,8.15E-16
7,38,7.73E-16
7,41,7.06E-16
7,22,6.99E-16
7,37,6.98E-16
8,32,6.92E-16
7,26,6.23E-16
7,45,5.60E-16
7,12,5.29E-16
8,56,5.16E-16
7,25,5.07E-16
7,15,4.80E-16
7,48,4.70E-16
8,70,4.59E-16
7,33,4.44E-16
7,51,4.21E-16
8,47,3.95E-16
7,29,3.55E-16
7,35,3.47E-16
8,39,3.47E-16
7,11,3.37E-16
8,49,3.26E-16
7,54,3.18E-16
7,42,3.06E-16
8,43,2.91E-16
7,18,2.74E-16
7,44,2.43E-16
7,40,2.26E-16
7,36,2.10E-16
8,50,1.95E-16
8,3,1.93E-16
7,32,1.78E-16
8,8,1.67E-16
7,56,1.33E-16
7,70,1.18E-16
7,47,1.02E-16
7,39,8.94E-17
7,49,8.41E-17
7,43,7.49E-17
7,50,5.02E-17
7,3,4.97E-17
8,5,4.47E-17
7,8,4.30E-17
6,13,1.99E-17
6,10,1.87E-17
6,17,1.75E-17
6,20,1.65E-17
7,5,1.15E-17
6,16,1.09E-17
6,24,1.04E-17
6,27,9.24E-18
6,14,7.67E-18
6,23,6.72E-18
6,31,5.73E-18
6,34,5.21E-18
6,21,4.86E-18
6,6,4.73E-18
6,30,4.31E-18
6,19,4.19E-18
6,9,4.02E-18
6,7,3.95E-18
6,28,3.19E-18
6,38,2.82E-18
6,41,2.57E-18
6,22,2.55E-18
6,37,2.54E-18
6,26,2.27E-18
6,45,2.04E-18
6,12,1.93E-18
6,25,1.85E-18
6,15,1.75E-18
6,48,1.71E-18
6,33,1.62E-18
6,51,1.53E-18
6,29,1.29E-18
6,35,1.27E-18
6,11,1.23E-18
6,54,1.16E-18
6,42,1.11E-18
6,18,9.98E-19
6,44,8.84E-19
6,40,8.22E-19
6,36,7.65E-19
6,32,6.49E-19
6,56,4.84E-19
6,70,4.30E-19
6,47,3.71E-19
6,39,3.26E-19
6,49,3.06E-19
6,43,2.73E-19
6,50,1.83E-19
6,3,1.81E-19
6,8,1.57E-19
6,5,4.19E-20
5,13,9.21E-23
5,10,8.66E-23
5,17,8.13E-23
5,20,7.67E-23
5,16,5.04E-23
5,24,4.81E-23
5,27,4.28E-23
5,14,3.56E-23
5,23,3.12E-23
5,31,2.66E-23
5,34,2.42E-23
5,21,2.25E-23
5,6,2.19E-23
5,30,2.00E-23
5,19,1.94E-23
5,9,1.86E-23
5,7,1.83E-23
5,28,1.48E-23
5,38,1.31E-23
5,41,1.19E-23
5,22,1.18E-23
5,37,1.18E-23
5,26,1.05E-23
5,45,9.47E-24
5,12,8.94E-24
5,25,8.57E-24
5,15,8.10E-24
5,48,7.95E-24
5,33,7.51E-24
5,51,7.11E-24
5,29,6.01E-24
5,35,5.87E-24
5,11,5.70E-24
5,54,5.37E-24
5,42,5.17E-24
5,18,4.63E-24
5,44,4.10E-24
5,40,3.81E-24
5,36,3.55E-24
5,32,3.01E-24
5,56,2.24E-24
5,70,2.00E-24
5,47,1.72E-24
5,39,1.51E-24
5,49,1.42E-24
5,43,1.27E-24
5,50,8.48E-25
5,3,8.40E-25
5,8,7.27E-25
5,5,1.95E-25
3,13,4.48E-33
3,10,4.21E-33
3,17,3.95E-33
3,20,3.72E-33
3,16,2.45E-33
3,24,2.34E-33
3,27,2.08E-33
3,14,1.73E-33
3,23,1.51E-33
3,31,1.29E-33
3,34,1.18E-33
3,21,1.09E-33
3,6,1.07E-33
3,30,9.70E-34
3,19,9.44E-34
3,9,9.05E-34
3,7,8.90E-34
3,28,7.20E-34
3,38,6.35E-34
3,41,5.80E-34
3,22,5.74E-34
3,37,5.73E-34
3,26,5.12E-34
3,45,4.60E-34
3,12,4.34E-34
3,25,4.16E-34
3,15,3.94E-34
3,48,3.86E-34
3,33,3.65E-34
3,51,3.45E-34
3,29,2.92E-34
3,35,2.85E-34
3,11,2.77E-34
3,54,2.61E-34
3,42,2.51E-34
3,18,2.25E-34
3,44,1.99E-34
3,40,1.85E-34
3,36,1.72E-34
3,32,1.46E-34
3,56,1.09E-34
3,70,9.70E-35
3,47,8.35E-35
3,39,7.34E-35
3,49,6.90E-35
3,43,6.15E-35
3,50,4.12E-35
3,3,4.08E-35
3,8,3.53E-35
3,5,9.45E-36
