SEA,SF,probability
13,34,0.015192038
10,34,0.014201193
17,34,0.013279141
13,31,0.013260041
10,31,0.012395203
20,34,0.012365269
17,31,0.01159041
20,31,0.010792757
13,27,0.009432748
10,27,0.008817532
13,30,0.00864236
16,34,0.008266833
17,27,0.008245029
10,30,0.008078694
13,38,0.007718264
20,27,0.007677605
24,34,0.007594216
17,30,0.007554162
13,37,0.007313315
16,31,0.007215526
10,38,0.007214869
20,30,0.007034284
10,37,0.006836331
17,38,0.006746423
27,34,0.006647542
24,31,0.006628446
17,37,0.006392463
20,38,0.006282134
20,37,0.005952533
14,34,0.005860005
27,31,0.005802162
13,41,0.005468486
16,27,0.005132883
14,31,0.005114778
10,41,0.005111824
23,34,0.004950386
17,41,0.004779925
24,27,0.004715254
16,30,0.004702789
13,33,0.004500285
20,41,0.00445097
23,31,0.004320837
24,30,0.004320154
13,28,0.00427442
10,33,0.00420677
16,38,0.004199937
27,27,0.004127464
31,34,0.004021737
10,28,0.003995637
16,37,0.003979582
17,33,0.003933634
24,38,0.003858216
27,30,0.003781616
13,35,0.003760081
17,28,0.003736209
20,33,0.003662921
24,37,0.003655789
14,27,0.003638482
21,34,0.003617047
34,34,0.003594488
10,35,0.003514844
31,31,0.003510286
20,28,0.003479082
6,34,0.003407616
27,38,0.003377261
13,24,0.003360295
14,30,0.003333606
17,35,0.003286632
27,37,0.003200069
21,31,0.003157061
19,34,0.00314805
10,24,0.003141132
34,31,0.003137371
23,27,0.003073699
20,35,0.003060446
30,34,0.003042175
9,34,0.003035045
14,38,0.002977156
16,41,0.002975708
6,31,0.002974263
17,24,0.002937185
7,34,0.002907377
14,37,0.002820956
23,30,0.002816148
19,31,0.002747707
20,24,0.002735048
24,41,0.002733594
30,31,0.002655296
9,31,0.002649073
7,31,0.002537641
23,38,0.002515027
13,45,0.00251322
31,27,0.002497099
16,33,0.002448855
27,41,0.002392832
23,37,0.002383073
10,45,0.002349304
16,28,0.00232595
31,30,0.002287863
28,34,0.00228402
13,36,0.002261825
24,33,0.002249608
21,27,0.002245828
34,27,0.00223182
17,45,0.002196769
13,29,0.002168053
24,28,0.002136703
6,27,0.002115791
10,36,0.002114305
14,41,0.002109352
13,42,0.002106364
21,30,0.002057645
16,35,0.002046069
20,45,0.002045587
34,30,0.002044812
31,38,0.00204323
10,29,0.00202665
28,31,0.001993558
17,36,0.001977028
27,33,0.001969178
10,42,0.001968984
19,27,0.001954627
6,30,0.001938505
31,37,0.001936029
13,40,0.001932991
17,29,0.001895064
38,34,0.001893881
30,27,0.001888889
22,34,0.001886754
9,27,0.001884462
24,35,0.001879594
27,28,0.001870347
17,42,0.001841142
20,36,0.001840969
21,38,0.001837629
16,24,0.001828524
34,38,0.001826168
10,40,0.001806919
7,27,0.001805193
19,30,0.001790845
23,41,0.001781928
20,29,0.001764646
21,37,0.001741215
14,33,0.001735889
6,38,0.001731228
30,30,0.001730615
34,37,0.001730355
9,30,0.001726559
37,34,0.001720484
20,42,0.001714435
41,34,0.001698283
17,40,0.0016896
24,24,0.001679749
13,26,0.001679554
13,32,0.001673987
7,30,0.001653932
38,31,0.001653033
14,28,0.001648766
22,31,0.001646812
27,35,0.001645289
26,34,0.001644164
6,37,0.001640397
19,38,0.001599356
20,40,0.001573321
10,26,0.001570011
10,32,0.001564807
30,38,0.001545567
9,38,0.001541944
19,37,0.001515444
37,31,0.001501687
41,31,0.001482309
7,38,0.001477083
12,34,0.001474352
27,24,0.001470356
17,26,0.001468074
23,33,0.001466436
30,37,0.001464476
17,32,0.001463208
9,37,0.001461044
14,35,0.001450371
31,41,0.001447654
26,31,0.001435072
28,27,0.00141815
7,37,0.001399586
23,28,0.001392837
16,45,0.001367583
20,26,0.001367041
20,32,0.001362509
25,34,0.001345085
15,34,0.001332579
45,34,0.001315102
21,41,0.001301983
13,23,0.001299478
28,30,0.001299321
14,24,0.001296162
34,41,0.001293862
12,31,0.001286856
13,44,0.0012715
24,45,0.001256311
13,48,0.00124098
16,36,0.001230785
6,41,0.001226596
23,35,0.001225237
10,23,0.001214724
31,33,0.001191345
10,44,0.001188571
16,29,0.001179759
38,27,0.001175912
25,31,0.001174028
22,27,0.001171487
15,31,0.001163113
28,38,0.001160389
10,48,0.001160042
45,31,0.001147858
16,42,0.00114619
17,23,0.001135855
19,41,0.001133164
31,28,0.001131553
24,36,0.001130644
33,34,0.0011223
17,44,0.001111399
27,45,0.001099703
28,37,0.001099508
30,41,0.001095053
23,24,0.001094966
9,41,0.001092487
17,48,0.001084723
48,34,0.001083987
24,29,0.001083769
38,30,0.00107738
22,30,0.001073326
21,33,0.001071465
37,27,0.00106825
34,33,0.001064783
20,23,0.001057685
41,27,0.001054465
24,42,0.001052932
16,40,0.001051848
7,41,0.001046532
20,44,0.001034913
26,27,0.001020862
21,28,0.00101769
34,28,0.001011342
20,48,0.001010072
6,33,0.001009426
31,35,0.000995393
27,36,0.000989701
33,31,0.000979575
37,30,0.000978739
14,45,0.000969421
24,40,0.000966266
41,30,0.00096611
38,38,0.00096218
6,28,0.000958764
22,38,0.000958559
51,34,0.000952903
27,29,0.00094867
48,31,0.000946134
11,34,0.000938236
26,30,0.000935322
13,25,0.000933803
19,33,0.000932536
27,42,0.000921676
29,34,0.000920538
12,27,0.000915427
16,26,0.000913939
38,37,0.000911698
16,32,0.000910909
22,37,0.000908267
30,33,0.000901173
9,33,0.000899061
21,35,0.000895231
34,35,0.000889648
31,24,0.00088956
19,28,0.000885733
37,38,0.000874086
10,25,0.000872899
14,36,0.000872451
35,34,0.000866971
41,38,0.000862807
7,33,0.000861242
30,28,0.000855944
9,28,0.000853938
27,40,0.000845814
6,35,0.000843396
24,26,0.000839578
12,30,0.000838721
24,32,0.000836795
14,29,0.00083628
26,38,0.000835312
25,27,0.000835164
13,39,0.000833838
51,31,0.00083172
37,37,0.000828226
15,27,0.000827399
28,41,0.00082215
23,45,0.000818943
11,31,0.000818919
7,28,0.000818017
41,37,0.000817539
45,27,0.000816548
17,25,0.000816223
14,42,0.000812485
29,31,0.000803471
21,24,0.000800047
34,24,0.000795057
26,37,0.000791486
10,39,0.000779454
19,35,0.000779153
25,30,0.000765184
20,25,0.000760051
15,30,0.00075807
35,31,0.000756717
6,24,0.000753723
18,34,0.00075333
30,35,0.000752949
9,35,0.000751184
12,38,0.00074904
45,30,0.000748128
14,40,0.00074561
23,36,0.000737025
27,26,0.000734918
27,32,0.000732482
42,34,0.000730527
17,39,0.000728846
7,35,0.000719586
12,37,0.00070974
54,34,0.000707782
16,23,0.000707118
23,29,0.000706469
33,27,0.000696837
19,24,0.000696311
16,44,0.000691894
23,42,0.000686367
25,38,0.000683366
38,41,0.000681717
22,41,0.000679151
20,39,0.000678687
15,38,0.000677012
28,33,0.000676587
16,48,0.000675286
48,27,0.000673048
30,24,0.000672892
9,24,0.000671315
45,38,0.000668133
31,45,0.000665316
18,31,0.000657527
24,23,0.000649585
14,26,0.000647852
25,37,0.000647512
14,32,0.000645705
7,24,0.000643077
28,28,0.00064263
15,37,0.000641492
33,30,0.000638448
42,31,0.000637624
24,44,0.000635599
45,37,0.000633079
23,40,0.000629873
24,48,0.000620343
37,41,0.000619301
54,31,0.000617772
48,30,0.000616652
41,41,0.000611309
13,51,0.000602482
31,36,0.000598765
21,45,0.000598368
34,45,0.000594636
26,41,0.000591829
51,27,0.000591658
11,27,0.000582552
31,29,0.000573941
44,34,0.000572977
29,27,0.000571563
33,38,0.000570181
27,23,0.000568609
28,35,0.000565303
6,45,0.000563722
10,51,0.000563187
38,33,0.000561018
22,33,0.000558907
31,42,0.000557611
27,44,0.000556367
48,38,0.000550716
23,26,0.000547289
40,34,0.000545731
23,32,0.000545475
27,48,0.000543013
51,30,0.000542082
33,37,0.000540265
21,36,0.000538514
35,27,0.000538303
34,36,0.000535155
11,30,0.000533738
38,28,0.000532861
22,28,0.000530856
12,41,0.000530704
17,51,0.000526621
29,30,0.00052367
48,37,0.000521822
36,34,0.000520866
19,45,0.000520782
21,29,0.000516188
34,29,0.000512969
31,40,0.000511714
37,33,0.000509653
16,25,0.000508134
6,36,0.000507333
28,24,0.000505198
30,45,0.000503267
41,33,0.000503076
9,45,0.000502088
21,42,0.000501501
14,23,0.000501246
44,31,0.00050011
34,42,0.000498373
35,30,0.000493197
14,44,0.000490454
20,51,0.000490378
26,33,0.000487045
6,29,0.0004863
25,41,0.000484173
51,38,0.000484119
37,28,0.000484074
7,45,0.000480968
15,41,0.000479672
14,48,0.000478682
41,28,0.000477828
11,38,0.000476668
40,31,0.000476329
45,41,0.000473381
6,42,0.000472463
38,35,0.000468742
19,36,0.000468689
18,27,0.000467743
29,38,0.000467676
22,35,0.000466978
24,25,0.00046679
26,28,0.000462601
21,40,0.000460223
51,37,0.000458719
34,40,0.000457352
36,31,0.000454627
16,39,0.000453738
42,27,0.000453585
32,34,0.000453077
30,36,0.000452926
13,43,0.000452861
9,36,0.000451864
11,37,0.000451659
19,29,0.000449258
31,26,0.000444623
31,32,0.000443149
29,37,0.000443139
35,38,0.000440462
54,27,0.000439463
12,33,0.000436742
19,42,0.000436475
30,29,0.000434148
6,40,0.000433575
9,29,0.000433131
7,36,0.000432857
18,30,0.00042855
37,35,0.000425826
23,23,0.00042344
10,43,0.000423325
30,42,0.000421795
9,42,0.000420806
41,35,0.000420331
38,24,0.000418904
35,37,0.000417352
22,24,0.000417327
24,39,0.00041682
42,30,0.000415578
7,29,0.000414911
12,28,0.000414823
23,44,0.000414323
27,25,0.000408602
26,35,0.000406936
23,48,0.000404378
33,41,0.00040398
7,42,0.000403106
54,30,0.000402639
13,20,0.00040063
19,40,0.000400549
21,26,0.000399882
21,32,0.000398557
25,33,0.00039845
34,26,0.000397388
34,32,0.000396071
17,43,0.000395839
32,31,0.000395459
15,33,0.000394745
48,41,0.000390189
45,33,0.000389568
30,40,0.000387078
9,40,0.00038617
18,38,0.000382727
37,24,0.00038055
25,28,0.000378452
28,45,0.000377846
6,26,0.000376729
41,24,0.00037564
6,32,0.00037548
15,28,0.000374933
10,20,0.000374501
42,38,0.000371142
45,28,0.000370016
7,40,0.000369926
20,43,0.000368598
12,35,0.000364907
27,39,0.000364861
26,24,0.000363669
18,37,0.000362646
14,25,0.000360194
54,38,0.000359586
44,27,0.000355762
42,37,0.000351669
17,20,0.000350185
19,26,0.000348032
19,32,0.000346879
31,23,0.000344006
51,41,0.000343004
54,37,0.00034072
28,36,0.00034005
40,27,0.000338845
11,41,0.000337725
31,44,0.0003366
30,26,0.000336327
9,26,0.000335539
30,32,0.000335212
9,32,0.000334427
25,35,0.000332913
33,33,0.000332455
29,41,0.000331354
15,35,0.000329818
31,48,0.000328521
16,51,0.000327844
12,24,0.000326109
20,20,0.000326085
28,29,0.000325952
44,30,0.000325952
45,35,0.000325492
13,47,0.000323601
36,27,0.000323406
14,39,0.000321635
7,26,0.000321425
48,33,0.000321106
7,32,0.000320359
28,42,0.000316678
33,28,0.000315769
38,45,0.000313305
22,45,0.000312126
35,41,0.000312072
40,30,0.000310452
21,23,0.000309391
34,23,0.000307461
48,28,0.00030499
23,25,0.000304283
21,44,0.000302729
10,47,0.000302496
24,51,0.000301169
34,44,0.000300841
25,24,0.000297517
36,30,0.000296307
21,48,0.000295463
15,24,0.00029475
34,48,0.00029362
56,34,0.000292187
6,23,0.000291476
44,38,0.000291099
45,24,0.000290885
28,40,0.000290612
6,44,0.000285201
37,45,0.00028462
17,47,0.000282855
51,33,0.000282275
38,36,0.000281965
32,27,0.000281316
41,45,0.000280947
22,36,0.000280904
6,48,0.000278355
11,33,0.00027793
33,35,0.000277773
40,38,0.000277257
44,37,0.000275826
29,33,0.000272688
26,45,0.000271994
23,39,0.00027171
18,41,0.000271167
13,22,0.000271093
38,29,0.000270276
19,23,0.000269274
22,29,0.000269258
48,35,0.00026829
51,28,0.000268108
36,38,0.000264624
11,28,0.000263981
27,51,0.000263626
19,44,0.000263476
20,47,0.000263389
42,41,0.000262958
40,37,0.00026271
38,42,0.000262585
22,42,0.000261597
30,23,0.000260218
13,21,0.000259794
9,23,0.000259608
29,28,0.000259002
32,30,0.000257744
19,48,0.000257152
35,33,0.00025682
37,36,0.000256149
56,31,0.000255029
54,41,0.000254771
30,44,0.000254615
9,44,0.000254018
10,22,0.000253412
41,36,0.000252844
28,26,0.00025251
28,32,0.000251673
36,37,0.00025074
7,23,0.000248688
30,48,0.000248504
33,24,0.000248239
9,48,0.000247921
31,25,0.000247202
16,43,0.000246427
37,29,0.00024553
26,36,0.000244787
35,28,0.00024393
12,45,0.000243902
7,44,0.000243333
10,21,0.00024285
41,29,0.000242362
38,40,0.000240972
70,34,0.000240746
22,40,0.000240065
48,24,0.000239765
37,42,0.000238544
7,48,0.000237493
17,22,0.000236958
47,34,0.000235932
51,35,0.000235847
41,42,0.000235466
26,29,0.000234638
14,51,0.000232394
11,35,0.000232217
13,54,0.000231412
32,38,0.000230184
26,42,0.000227962
29,35,0.000227836
17,21,0.000227083
24,43,0.000226377
18,33,0.000223156
25,45,0.000222517
21,25,0.000222328
34,25,0.000220941
31,39,0.000220739
20,22,0.000220651
15,45,0.000220449
12,36,0.000219505
37,40,0.000218909
32,37,0.000218107
16,20,0.000218005
45,45,0.000217557
39,34,0.000217537
42,33,0.000216401
10,54,0.000216319
41,40,0.000216085
35,35,0.000214578
18,28,0.000211956
20,21,0.000211455
51,24,0.000210771
12,29,0.000210405
70,31,0.00021013
54,33,0.000209664
6,25,0.000209454
38,26,0.000209378
26,40,0.000209199
38,32,0.000208684
22,26,0.00020859
22,32,0.000207898
11,24,0.000207526
44,41,0.000206247
47,31,0.000205928
42,28,0.00020554
12,42,0.000204418
29,24,0.000203612
17,54,0.000202274
24,20,0.000200268
25,36,0.000200259
54,28,0.000199141
21,39,0.000198527
15,36,0.000198397
27,43,0.000198157
34,39,0.000197289
40,41,0.00019644
23,51,0.000196321
45,36,0.000195795
28,23,0.000195368
19,25,0.0001935
49,34,0.000192646
25,29,0.000191957
35,24,0.000191763
28,44,0.000191161
37,26,0.000190208
15,29,0.000190172
39,31,0.000189872
37,32,0.000189577
20,54,0.000188353
41,26,0.000187753
45,29,0.000187678
12,40,0.000187592
36,41,0.00018749
41,32,0.000187131
6,39,0.000187032
30,25,0.000186992
28,48,0.000186573
9,25,0.000186554
25,42,0.000186495
18,35,0.000186452
33,45,0.000185662
15,42,0.000184761
13,49,0.000182435
45,42,0.000182338
26,26,0.00018177
56,27,0.000181419
26,32,0.000181168
42,35,0.000180808
48,45,0.000179324
7,25,0.000178707
43,34,0.000177872
16,47,0.000176089
27,20,0.000175303
54,35,0.000175179
14,43,0.000174682
19,39,0.000172786
25,40,0.000171145
10,49,0.000170537
44,33,0.000169731
15,40,0.000169554
49,31,0.000168146
45,40,0.00016733
33,36,0.000167091
30,39,0.000166974
18,24,0.000166627
9,39,0.000166583
56,30,0.000166218
32,41,0.000163088
12,26,0.000162997
12,32,0.000162457
38,23,0.000161996
24,47,0.000161762
40,33,0.00016166
42,24,0.000161584
22,23,0.000161387
48,36,0.000161386
44,28,0.000161212
33,29,0.000160163
7,39,0.000159576
31,51,0.000159493
17,49,0.000159464
38,44,0.000158509
22,44,0.000157912
51,45,0.000157639
54,24,0.000156553
33,42,0.000155606
43,31,0.000155252
11,45,0.000155212
38,48,0.000154704
48,29,0.000154696
14,20,0.000154535
36,33,0.000154294
22,48,0.000154122
40,28,0.000153546
29,45,0.000152285
48,42,0.000150294
70,27,0.000149479
25,26,0.000148706
20,49,0.00014849
56,38,0.000148444
25,32,0.000148213
23,43,0.000147567
16,22,0.000147517
15,26,0.000147323
37,23,0.000147165
15,32,0.000146835
36,28,0.000146551
47,27,0.000146491
45,26,0.000145391
41,23,0.000145266
45,32,0.000144909
37,44,0.000143996
21,51,0.000143444
35,45,0.000143423
33,40,0.000142798
34,51,0.000142549
41,44,0.000142138
51,36,0.00014187
44,35,0.000141814
27,47,0.000141597
16,21,0.000141369
56,37,0.000140656
26,23,0.000140636
37,48,0.00014054
28,25,0.000140391
11,36,0.000139687
41,48,0.000138726
48,40,0.000137923
26,44,0.000137608
29,36,0.000137052
70,30,0.000136954
51,29,0.000135989
24,22,0.000135514
6,51,0.000135138
40,35,0.00013507
39,27,0.000135069
26,48,0.000134306
47,30,0.000134216
32,33,0.000134213
11,29,0.000133896
51,42,0.000132119
29,29,0.00013137
23,20,0.000130547
11,42,0.000130086
24,21,0.000129866
35,36,0.000129077
36,35,0.000128916
29,42,0.000127632
32,28,0.000127477
44,24,0.000126736
12,23,0.000126111
16,54,0.000125924
28,39,0.000125362
19,51,0.000124844
14,47,0.000124822
18,45,0.000124623
33,26,0.000124076
39,30,0.000123751
35,29,0.000123725
33,32,0.000123664
12,44,0.000123396
70,38,0.00012231
51,40,0.000121245
42,45,0.000120851
40,24,0.000120709
30,51,0.000120646
12,48,0.000120434
9,51,0.000120363
35,42,0.000120205
31,43,0.000119884
47,38,0.000119865
48,26,0.00011984
49,27,0.000119614
48,32,0.000119443
11,40,0.000119378
27,22,0.000118621
8,34,0.000117212
29,40,0.000117127
54,45,0.000117088
38,25,0.00011641
22,25,0.000115972
70,37,0.000115893
24,54,0.000115678
7,51,0.0001153
36,24,0.000115209
25,23,0.000115054
50,34,0.00011428
15,23,0.000113985
27,21,0.000113678
47,37,0.000113576
25,44,0.000112577
45,23,0.00011249
18,36,0.000112157
32,35,0.000112138
15,44,0.00011153
3,34,0.0001108
39,38,0.000110519
43,27,0.000110441
35,40,0.000110311
45,44,0.000110068
25,48,0.000109875
49,30,0.000109591
15,48,0.000108853
42,36,0.000108762
21,43,0.000107821
18,29,0.000107508
45,48,0.000107426
34,43,0.000107149
31,20,0.000106057
37,25,0.000105752
23,47,0.000105447
54,36,0.000105376
51,26,0.000105348
56,41,0.000105175
51,32,0.000104999
39,37,0.00010472
14,22,0.000104568
18,42,0.000104449
41,25,0.000104388
42,29,0.000104253
38,39,0.000103949
11,26,0.000103727
22,39,0.000103557
11,32,0.000103383
8,31,0.000102306
29,26,0.00010177
6,43,0.000101578
29,32,0.000101433
42,42,0.000101287
27,54,0.000101258
43,30,0.000101187
26,25,0.000101061
54,29,0.000101008
32,24,0.000100215
14,21,0.00010021
50,31,9.97E-05
16,49,9.93E-05
54,42,9.81E-05
49,38,9.79E-05
3,31,9.67E-05
33,23,9.60E-05
18,40,9.59E-05
35,26,9.58E-05
35,32,9.55E-05
21,20,9.54E-05
34,20,9.48E-05
44,45,9.48E-05
37,39,9.44E-05
33,44,9.39E-05
19,43,9.38E-05
41,39,9.32E-05
42,40,9.30E-05
49,37,9.27E-05
48,23,9.27E-05
33,48,9.17E-05
24,49,9.12E-05
48,44,9.07E-05
30,43,9.07E-05
12,25,9.06E-05
28,51,9.06E-05
9,43,9.05E-05
43,38,9.04E-05
40,45,9.03E-05
26,39,9.02E-05
54,40,9.01E-05
6,20,8.99E-05
14,54,8.93E-05
13,50,8.88E-05
48,48,8.85E-05
23,22,8.83E-05
7,43,8.67E-05
70,41,8.67E-05
56,33,8.66E-05
36,45,8.62E-05
31,47,8.57E-05
43,37,8.56E-05
44,36,8.53E-05
47,41,8.49E-05
23,21,8.47E-05
18,26,8.33E-05
19,20,8.30E-05
18,32,8.30E-05
10,50,8.30E-05
25,25,8.27E-05
56,28,8.22E-05
15,25,8.19E-05
44,29,8.18E-05
51,23,8.15E-05
40,36,8.12E-05
12,39,8.09E-05
45,25,8.08E-05
42,26,8.08E-05
42,32,8.05E-05
11,23,8.03E-05
30,20,8.02E-05
9,20,8.00E-05
27,49,7.98E-05
51,44,7.98E-05
44,42,7.94E-05
29,23,7.87E-05
11,44,7.85E-05
39,41,7.83E-05
54,26,7.82E-05
54,32,7.80E-05
40,29,7.79E-05
51,48,7.78E-05
17,50,7.76E-05
36,36,7.75E-05
21,47,7.70E-05
29,44,7.70E-05
7,20,7.67E-05
11,48,7.66E-05
34,47,7.66E-05
40,42,7.57E-05
23,54,7.54E-05
29,48,7.52E-05
38,51,7.51E-05
32,45,7.50E-05
22,51,7.48E-05
36,29,7.43E-05
35,23,7.42E-05
25,39,7.38E-05
15,39,7.31E-05
44,40,7.29E-05
8,27,7.28E-05
6,47,7.26E-05
35,44,7.26E-05
56,35,7.23E-05
20,50,7.23E-05
36,42,7.22E-05
45,39,7.22E-05
31,22,7.18E-05
70,33,7.13E-05
50,27,7.10E-05
35,48,7.08E-05
14,49,7.04E-05
47,33,6.99E-05
40,40,6.94E-05
49,41,6.93E-05
33,25,6.90E-05
3,27,6.88E-05
31,21,6.88E-05
37,51,6.82E-05
28,43,6.81E-05
70,28,6.77E-05
32,36,6.75E-05
41,51,6.74E-05
19,47,6.71E-05
8,30,6.67E-05
48,25,6.66E-05
47,28,6.64E-05
36,40,6.63E-05
26,51,6.52E-05
50,30,6.50E-05
30,47,6.48E-05
32,29,6.47E-05
9,47,6.46E-05
56,24,6.46E-05
21,22,6.45E-05
39,33,6.44E-05
18,23,6.44E-05
34,22,6.41E-05
43,41,6.40E-05
44,26,6.33E-05
44,32,6.31E-05
18,44,6.31E-05
3,30,6.30E-05
32,42,6.28E-05
42,23,6.25E-05
7,47,6.19E-05
21,21,6.19E-05
33,39,6.16E-05
18,48,6.15E-05
34,21,6.15E-05
31,54,6.13E-05
39,28,6.12E-05
42,44,6.11E-05
6,22,6.08E-05
54,23,6.05E-05
40,26,6.03E-05
28,20,6.02E-05
40,32,6.01E-05
13,56,5.97E-05
42,48,5.97E-05
70,35,5.96E-05
8,38,5.95E-05
48,39,5.95E-05
23,49,5.94E-05
54,44,5.92E-05
51,25,5.86E-05
12,51,5.85E-05
47,35,5.84E-05
6,21,5.83E-05
50,38,5.81E-05
54,48,5.78E-05
11,25,5.77E-05
32,40,5.76E-05
36,26,5.76E-05
36,32,5.74E-05
49,33,5.71E-05
29,25,5.66E-05
38,43,5.65E-05
8,37,5.64E-05
3,38,5.63E-05
22,43,5.62E-05
19,22,5.62E-05
10,56,5.58E-05
21,54,5.51E-05
50,37,5.50E-05
34,54,5.48E-05
30,22,5.43E-05
49,28,5.42E-05
9,22,5.42E-05
39,35,5.38E-05
19,21,5.38E-05
25,51,5.33E-05
3,37,5.33E-05
35,25,5.33E-05
70,24,5.33E-05
15,51,5.28E-05
43,33,5.27E-05
51,39,5.23E-05
17,56,5.22E-05
47,24,5.22E-05
45,51,5.22E-05
30,21,5.20E-05
6,54,5.19E-05
9,21,5.19E-05
7,22,5.19E-05
11,39,5.15E-05
37,43,5.13E-05
41,43,5.06E-05
29,39,5.05E-05
32,26,5.01E-05
43,28,5.00E-05
38,20,4.99E-05
32,32,4.99E-05
22,20,4.98E-05
7,21,4.97E-05
26,43,4.90E-05
44,23,4.90E-05
28,47,4.87E-05
20,56,4.86E-05
56,45,4.83E-05
16,50,4.83E-05
31,49,4.83E-05
39,24,4.81E-05
44,44,4.80E-05
19,54,4.80E-05
49,35,4.77E-05
35,39,4.76E-05
44,48,4.68E-05
40,23,4.67E-05
30,54,4.63E-05
18,25,4.63E-05
9,54,4.62E-05
40,44,4.57E-05
37,20,4.54E-05
42,25,4.49E-05
41,20,4.48E-05
40,48,4.46E-05
36,23,4.46E-05
33,51,4.45E-05
24,50,4.44E-05
7,54,4.43E-05
43,35,4.40E-05
12,43,4.39E-05
36,44,4.36E-05
54,25,4.35E-05
56,36,4.35E-05
21,49,4.34E-05
26,20,4.34E-05
34,49,4.32E-05
48,51,4.30E-05
49,24,4.26E-05
36,48,4.25E-05
8,41,4.22E-05
56,29,4.17E-05
18,39,4.13E-05
50,41,4.11E-05
13,19,4.09E-05
6,49,4.09E-05
28,22,4.08E-05
56,42,4.05E-05
38,47,4.03E-05
22,47,4.02E-05
42,39,4.01E-05
25,43,4.01E-05
3,41,3.99E-05
70,45,3.98E-05
15,43,3.97E-05
43,24,3.93E-05
45,43,3.92E-05
28,21,3.91E-05
47,45,3.90E-05
12,20,3.89E-05
54,39,3.88E-05
27,50,3.88E-05
32,23,3.88E-05
10,19,3.83E-05
32,44,3.79E-05
19,49,3.78E-05
51,51,3.78E-05
11,51,3.72E-05
56,40,3.72E-05
32,48,3.70E-05
37,47,3.66E-05
30,49,3.65E-05
29,51,3.65E-05
9,49,3.64E-05
41,47,3.62E-05
39,45,3.60E-05
70,36,3.58E-05
17,19,3.58E-05
25,20,3.55E-05
44,25,3.52E-05
15,20,3.51E-05
47,36,3.51E-05
26,47,3.50E-05
7,49,3.49E-05
28,54,3.48E-05
8,33,3.47E-05
45,20,3.47E-05
35,51,3.44E-05
70,29,3.44E-05
14,50,3.42E-05
50,33,3.39E-05
38,22,3.38E-05
47,29,3.37E-05
22,22,3.37E-05
40,25,3.35E-05
33,43,3.35E-05
70,42,3.34E-05
20,19,3.33E-05
8,28,3.30E-05
3,33,3.28E-05
47,42,3.27E-05
16,56,3.25E-05
39,36,3.24E-05
38,21,3.24E-05
48,43,3.23E-05
56,26,3.23E-05
22,21,3.23E-05
56,32,3.22E-05
50,28,3.22E-05
36,25,3.20E-05
49,45,3.19E-05
44,39,3.14E-05
12,47,3.14E-05
3,28,3.12E-05
39,29,3.10E-05
37,22,3.07E-05
70,40,3.06E-05
41,22,3.03E-05
39,42,3.02E-05
47,40,3.00E-05
40,39,3.00E-05
18,51,2.99E-05
24,56,2.98E-05
33,20,2.96E-05
43,45,2.94E-05
37,21,2.94E-05
26,22,2.93E-05
5,34,2.92E-05
41,21,2.90E-05
8,35,2.90E-05
42,51,2.90E-05
23,50,2.89E-05
38,54,2.88E-05
22,54,2.87E-05
49,36,2.87E-05
25,47,2.87E-05
36,39,2.86E-05
48,20,2.86E-05
51,43,2.84E-05
15,47,2.84E-05
50,35,2.83E-05
26,21,2.81E-05
54,51,2.81E-05
45,47,2.80E-05
11,43,2.80E-05
32,25,2.78E-05
39,40,2.77E-05
49,29,2.75E-05
29,43,2.74E-05
28,49,2.74E-05
3,35,2.74E-05
49,42,2.67E-05
70,26,2.66E-05
70,32,2.65E-05
43,36,2.65E-05
12,22,2.63E-05
37,54,2.62E-05
27,56,2.61E-05
47,26,2.61E-05
47,32,2.60E-05
8,24,2.59E-05
41,54,2.59E-05
35,43,2.58E-05
5,31,2.55E-05
43,29,2.54E-05
50,24,2.53E-05
12,21,2.52E-05
51,20,2.51E-05
26,54,2.50E-05
56,23,2.50E-05
32,39,2.49E-05
11,20,2.47E-05
43,42,2.47E-05
49,40,2.45E-05
3,24,2.45E-05
56,44,2.45E-05
29,20,2.43E-05
39,26,2.40E-05
25,22,2.40E-05
39,32,2.40E-05
33,47,2.39E-05
56,48,2.39E-05
15,22,2.38E-05
31,50,2.35E-05
45,22,2.35E-05
48,47,2.31E-05
14,56,2.30E-05
25,21,2.30E-05
35,20,2.29E-05
15,21,2.28E-05
38,49,2.27E-05
44,51,2.27E-05
22,49,2.27E-05
43,40,2.26E-05
45,21,2.25E-05
12,54,2.25E-05
18,43,2.25E-05
16,19,2.23E-05
42,43,2.18E-05
40,51,2.16E-05
49,26,2.13E-05
49,32,2.12E-05
21,50,2.11E-05
54,43,2.11E-05
34,50,2.10E-05
37,49,2.07E-05
36,51,2.07E-05
70,23,2.06E-05
25,54,2.05E-05
24,19,2.05E-05
41,49,2.04E-05
15,54,2.03E-05
51,47,2.03E-05
47,23,2.02E-05
70,44,2.01E-05
45,54,2.00E-05
33,22,2.00E-05
11,47,2.00E-05
6,50,1.99E-05
18,20,1.99E-05
47,44,1.97E-05
26,49,1.97E-05
70,48,1.97E-05
43,26,1.97E-05
29,47,1.96E-05
43,32,1.96E-05
23,56,1.95E-05
8,45,1.94E-05
48,22,1.93E-05
47,48,1.93E-05
42,20,1.93E-05
33,21,1.92E-05
50,45,1.89E-05
54,20,1.87E-05
39,23,1.86E-05
48,21,1.85E-05
35,47,1.85E-05
19,50,1.84E-05
3,45,1.83E-05
13,17,1.82E-05
39,44,1.82E-05
5,27,1.81E-05
32,51,1.80E-05
56,25,1.80E-05
27,19,1.79E-05
30,50,1.78E-05
39,48,1.78E-05
9,50,1.77E-05
12,49,1.77E-05
8,36,1.75E-05
33,54,1.71E-05
44,43,1.71E-05
10,17,1.71E-05
50,36,1.70E-05
51,22,1.70E-05
7,50,1.70E-05
11,22,1.67E-05
8,29,1.67E-05
5,30,1.66E-05
48,54,1.65E-05
3,36,1.65E-05
49,23,1.65E-05
29,22,1.64E-05
50,29,1.63E-05
51,21,1.63E-05
40,43,1.63E-05
8,42,1.63E-05
25,49,1.62E-05
49,44,1.61E-05
18,47,1.60E-05
11,21,1.60E-05
56,39,1.60E-05
15,49,1.60E-05
17,17,1.59E-05
50,42,1.58E-05
3,29,1.58E-05
31,56,1.58E-05
45,49,1.58E-05
14,19,1.58E-05
29,21,1.57E-05
49,48,1.57E-05
42,47,1.56E-05
36,43,1.55E-05
35,22,1.55E-05
3,42,1.54E-05
43,23,1.52E-05
44,20,1.51E-05
54,47,1.51E-05
8,40,1.49E-05
43,44,1.49E-05
20,17,1.49E-05
5,38,1.48E-05
35,21,1.48E-05
70,25,1.48E-05
50,40,1.45E-05
43,48,1.45E-05
51,54,1.45E-05
47,25,1.45E-05
40,20,1.44E-05
11,54,1.43E-05
21,56,1.42E-05
34,56,1.41E-05
3,40,1.41E-05
5,37,1.41E-05
29,54,1.40E-05
36,20,1.37E-05
32,43,1.35E-05
33,49,1.35E-05
18,22,1.34E-05
6,56,1.34E-05
39,25,1.34E-05
28,50,1.33E-05
23,19,1.33E-05
70,39,1.32E-05
35,54,1.32E-05
42,22,1.30E-05
48,49,1.30E-05
8,26,1.30E-05
47,39,1.29E-05
8,32,1.29E-05
18,21,1.29E-05
50,26,1.26E-05
54,22,1.26E-05
50,32,1.26E-05
42,21,1.25E-05
19,56,1.24E-05
3,26,1.22E-05
3,32,1.22E-05
44,47,1.22E-05
54,21,1.21E-05
30,56,1.20E-05
32,20,1.19E-05
39,39,1.19E-05
9,56,1.19E-05
49,25,1.18E-05
40,47,1.16E-05
56,51,1.16E-05
18,54,1.15E-05
51,49,1.14E-05
7,56,1.14E-05
11,49,1.13E-05
42,54,1.11E-05
36,47,1.11E-05
38,50,1.11E-05
29,49,1.11E-05
22,50,1.10E-05
43,25,1.09E-05
31,19,1.08E-05
54,54,1.08E-05
49,39,1.06E-05
5,41,1.05E-05
35,49,1.04E-05
44,22,1.02E-05
37,50,1.01E-05
8,23,1.00E-05
16,17,9.93E-06
41,50,9.92E-06
8,44,9.81E-06
44,21,9.80E-06
50,23,9.78E-06
43,39,9.76E-06
21,19,9.75E-06
40,22,9.74E-06
34,19,9.69E-06
32,47,9.65E-06
26,50,9.61E-06
8,48,9.57E-06
50,44,9.56E-06
70,51,9.55E-06
3,23,9.48E-06
47,51,9.36E-06
50,48,9.34E-06
40,21,9.33E-06
36,22,9.29E-06
3,44,9.27E-06
6,19,9.18E-06
24,17,9.12E-06
3,48,9.05E-06
18,49,9.05E-06
28,56,8.98E-06
36,21,8.91E-06
42,49,8.77E-06
44,54,8.73E-06
56,43,8.71E-06
5,33,8.66E-06
39,51,8.63E-06
12,50,8.62E-06
54,49,8.50E-06
19,19,8.48E-06
40,54,8.31E-06
5,28,8.22E-06
30,19,8.20E-06
9,19,8.18E-06
32,22,8.08E-06
27,17,7.98E-06
36,54,7.93E-06
25,50,7.86E-06
7,19,7.83E-06
15,50,7.79E-06
32,21,7.75E-06
56,20,7.71E-06
45,50,7.68E-06
49,51,7.64E-06
38,56,7.44E-06
22,56,7.42E-06
5,35,7.23E-06
8,25,7.20E-06
70,43,7.18E-06
43,51,7.05E-06
14,17,7.04E-06
47,43,7.03E-06
50,25,7.02E-06
32,54,6.90E-06
44,49,6.88E-06
3,25,6.81E-06
37,56,6.76E-06
41,56,6.67E-06
33,50,6.56E-06
40,49,6.55E-06
39,43,6.48E-06
5,24,6.46E-06
26,56,6.46E-06
8,39,6.43E-06
70,20,6.35E-06
48,50,6.33E-06
50,39,6.27E-06
36,49,6.25E-06
56,47,6.22E-06
47,20,6.22E-06
28,19,6.15E-06
3,39,6.08E-06
23,17,5.95E-06
12,56,5.79E-06
49,43,5.74E-06
39,20,5.74E-06
51,50,5.57E-06
11,50,5.48E-06
32,49,5.44E-06
29,50,5.38E-06
43,43,5.30E-06
25,56,5.29E-06
15,56,5.24E-06
56,22,5.21E-06
45,56,5.17E-06
70,47,5.13E-06
38,19,5.10E-06
22,19,5.08E-06
49,20,5.08E-06
35,50,5.07E-06
47,47,5.03E-06
56,21,5.00E-06
5,45,4.84E-06
31,17,4.83E-06
43,20,4.69E-06
8,51,4.65E-06
37,19,4.64E-06
39,47,4.63E-06
41,19,4.58E-06
50,51,4.53E-06
56,54,4.45E-06
26,19,4.43E-06
33,56,4.41E-06
18,50,4.40E-06
3,51,4.39E-06
5,36,4.35E-06
21,17,4.34E-06
34,17,4.32E-06
70,22,4.30E-06
42,50,4.27E-06
48,56,4.26E-06
47,22,4.21E-06
5,29,4.17E-06
54,50,4.14E-06
70,21,4.12E-06
49,47,4.10E-06
6,17,4.09E-06
5,42,4.05E-06
47,21,4.03E-06
12,19,3.97E-06
39,22,3.88E-06
43,47,3.79E-06
19,17,3.78E-06
51,56,3.75E-06
39,21,3.72E-06
5,40,3.72E-06
11,56,3.69E-06
70,54,3.67E-06
30,17,3.65E-06
9,17,3.65E-06
25,19,3.62E-06
29,56,3.62E-06
47,54,3.59E-06
15,19,3.59E-06
45,19,3.54E-06
56,49,3.51E-06
8,43,3.49E-06
7,17,3.49E-06
13,18,3.44E-06
49,22,3.44E-06
35,56,3.41E-06
50,43,3.41E-06
44,50,3.35E-06
39,54,3.31E-06
3,43,3.30E-06
49,21,3.29E-06
5,26,3.23E-06
5,32,3.22E-06
10,18,3.21E-06
40,50,3.19E-06
43,22,3.17E-06
8,20,3.09E-06
36,50,3.04E-06
43,21,3.04E-06
33,19,3.02E-06
50,20,3.01E-06
17,18,3.01E-06
18,56,2.96E-06
49,54,2.93E-06
3,20,2.92E-06
48,19,2.92E-06
70,49,2.89E-06
42,56,2.87E-06
13,16,2.86E-06
47,49,2.83E-06
20,18,2.80E-06
54,56,2.78E-06
28,17,2.74E-06
43,54,2.71E-06
10,16,2.67E-06
32,50,2.65E-06
39,49,2.61E-06
51,19,2.57E-06
11,19,2.53E-06
5,23,2.50E-06
17,16,2.50E-06
8,47,2.50E-06
29,19,2.48E-06
5,44,2.45E-06
50,47,2.43E-06
5,48,2.39E-06
3,47,2.36E-06
35,19,2.34E-06
20,16,2.33E-06
49,49,2.31E-06
38,17,2.27E-06
22,17,2.27E-06
44,56,2.25E-06
40,56,2.14E-06
43,49,2.14E-06
8,22,2.09E-06
37,17,2.07E-06
36,56,2.05E-06
41,17,2.04E-06
50,22,2.04E-06
18,19,2.03E-06
8,21,2.00E-06
3,22,1.98E-06
26,17,1.97E-06
42,19,1.97E-06
50,21,1.95E-06
54,19,1.91E-06
3,21,1.89E-06
16,18,1.87E-06
5,25,1.80E-06
8,54,1.79E-06
32,56,1.78E-06
12,17,1.77E-06
50,54,1.74E-06
24,18,1.72E-06
56,50,1.71E-06
3,54,1.69E-06
25,17,1.62E-06
5,39,1.60E-06
15,17,1.60E-06
45,17,1.58E-06
16,16,1.56E-06
44,19,1.54E-06
27,18,1.50E-06
40,19,1.47E-06
24,16,1.43E-06
8,49,1.41E-06
70,50,1.41E-06
36,19,1.40E-06
47,50,1.38E-06
50,49,1.37E-06
33,17,1.35E-06
3,49,1.33E-06
14,18,1.33E-06
48,17,1.30E-06
39,50,1.27E-06
27,16,1.25E-06
32,19,1.22E-06
13,70,1.17E-06
5,51,1.16E-06
56,56,1.15E-06
51,17,1.14E-06
11,17,1.13E-06
49,50,1.13E-06
23,18,1.12E-06
29,17,1.11E-06
14,16,1.10E-06
10,70,1.09E-06
35,17,1.04E-06
43,50,1.04E-06
17,70,1.02E-06
20,70,9.50E-07
70,56,9.46E-07
23,16,9.32E-07
47,56,9.27E-07
31,18,9.10E-07
18,17,9.05E-07
42,17,8.77E-07
5,43,8.71E-07
39,56,8.55E-07
54,17,8.50E-07
21,18,8.19E-07
34,18,8.14E-07
56,19,7.87E-07
6,18,7.71E-07
5,20,7.71E-07
49,56,7.57E-07
31,16,7.57E-07
19,18,7.13E-07
43,56,6.99E-07
30,18,6.89E-07
44,17,6.88E-07
9,18,6.87E-07
8,50,6.85E-07
21,16,6.81E-07
34,16,6.77E-07
50,50,6.68E-07
7,18,6.58E-07
40,17,6.55E-07
70,19,6.49E-07
3,50,6.47E-07
6,16,6.41E-07
47,19,6.36E-07
16,70,6.35E-07
36,17,6.26E-07
5,47,6.23E-07
19,16,5.93E-07
39,19,5.86E-07
24,70,5.83E-07
30,16,5.73E-07
9,16,5.71E-07
7,16,5.47E-07
32,17,5.44E-07
5,22,5.22E-07
49,19,5.19E-07
28,18,5.17E-07
27,70,5.11E-07
5,21,5.00E-07
43,19,4.79E-07
8,56,4.61E-07
14,70,4.50E-07
50,56,4.49E-07
5,54,4.45E-07
3,56,4.35E-07
28,16,4.30E-07
38,18,4.29E-07
22,18,4.27E-07
37,18,3.89E-07
41,18,3.84E-07
23,70,3.80E-07
26,18,3.72E-07
38,16,3.56E-07
22,16,3.55E-07
5,49,3.51E-07
56,17,3.51E-07
12,18,3.34E-07
37,16,3.24E-07
41,16,3.20E-07
8,19,3.16E-07
26,16,3.09E-07
31,70,3.09E-07
50,19,3.08E-07
25,18,3.04E-07
15,18,3.02E-07
3,19,2.99E-07
45,18,2.98E-07
70,17,2.89E-07
47,17,2.83E-07
21,70,2.78E-07
12,16,2.78E-07
34,70,2.76E-07
6,70,2.62E-07
39,17,2.61E-07
33,18,2.54E-07
25,16,2.53E-07
15,16,2.51E-07
45,16,2.48E-07
48,18,2.45E-07
19,70,2.42E-07
30,70,2.34E-07
9,70,2.33E-07
49,17,2.31E-07
7,70,2.23E-07
51,18,2.16E-07
43,17,2.14E-07
11,18,2.12E-07
33,16,2.11E-07
29,18,2.08E-07
48,16,2.04E-07
35,18,1.96E-07
51,16,1.79E-07
11,16,1.77E-07
28,70,1.75E-07
29,16,1.73E-07
5,50,1.71E-07
18,18,1.71E-07
42,18,1.65E-07
35,16,1.63E-07
54,18,1.60E-07
38,70,1.45E-07
22,70,1.45E-07
18,16,1.42E-07
8,17,1.41E-07
42,16,1.38E-07
50,17,1.37E-07
54,16,1.33E-07
3,17,1.33E-07
37,70,1.32E-07
41,70,1.30E-07
44,18,1.30E-07
26,70,1.26E-07
40,18,1.24E-07
36,18,1.18E-07
5,56,1.15E-07
12,70,1.13E-07
44,16,1.08E-07
25,70,1.03E-07
40,16,1.03E-07
32,18,1.03E-07
15,70,1.02E-07
45,70,1.01E-07
36,16,9.80E-08
13,15,9.42E-08
10,15,8.80E-08
33,70,8.62E-08
32,16,8.53E-08
48,70,8.33E-08
17,15,8.23E-08
5,19,7.88E-08
20,15,7.67E-08
51,70,7.32E-08
11,70,7.21E-08
29,70,7.07E-08
35,70,6.66E-08
13,14,6.62E-08
56,18,6.61E-08
10,14,6.19E-08
18,70,5.79E-08
17,14,5.78E-08
42,70,5.61E-08
56,16,5.50E-08
70,18,5.45E-08
54,70,5.44E-08
20,14,5.39E-08
47,18,5.34E-08
16,15,5.13E-08
39,18,4.92E-08
24,15,4.71E-08
70,16,4.53E-08
47,16,4.44E-08
44,70,4.40E-08
49,18,4.36E-08
40,70,4.19E-08
27,15,4.12E-08
39,16,4.09E-08
43,18,4.03E-08
36,70,4.00E-08
14,15,3.63E-08
49,16,3.63E-08
16,14,3.60E-08
5,17,3.51E-08
32,70,3.48E-08
43,16,3.35E-08
24,14,3.31E-08
23,15,3.07E-08
27,14,2.90E-08
8,18,2.65E-08
50,18,2.59E-08
14,14,2.55E-08
3,18,2.51E-08
31,15,2.49E-08
56,70,2.24E-08
21,15,2.24E-08
34,15,2.23E-08
8,16,2.21E-08
23,14,2.16E-08
50,16,2.15E-08
6,15,2.11E-08
3,16,2.09E-08
13,13,2.04E-08
19,15,1.95E-08
10,13,1.91E-08
30,15,1.89E-08
9,15,1.88E-08
70,70,1.85E-08
47,70,1.81E-08
7,15,1.80E-08
17,13,1.79E-08
31,14,1.75E-08
39,70,1.67E-08
20,13,1.66E-08
21,14,1.58E-08
34,14,1.57E-08
6,14,1.48E-08
49,70,1.48E-08
28,15,1.42E-08
19,14,1.37E-08
43,70,1.37E-08
30,14,1.33E-08
9,14,1.32E-08
7,14,1.27E-08
38,15,1.17E-08
22,15,1.17E-08
16,13,1.11E-08
37,15,1.07E-08
41,15,1.05E-08
24,13,1.02E-08
26,15,1.02E-08
28,14,9.95E-09
12,15,9.14E-09
8,70,9.00E-09
27,13,8.95E-09
50,70,8.78E-09
3,70,8.51E-09
25,15,8.34E-09
15,15,8.26E-09
38,14,8.25E-09
22,14,8.22E-09
45,15,8.15E-09
14,13,7.89E-09
37,14,7.49E-09
41,14,7.40E-09
26,14,7.16E-09
33,15,6.96E-09
48,15,6.72E-09
23,13,6.66E-09
5,18,6.62E-09
12,14,6.42E-09
51,15,5.91E-09
25,14,5.86E-09
11,15,5.82E-09
15,14,5.80E-09
45,14,5.73E-09
29,15,5.71E-09
5,16,5.50E-09
31,13,5.41E-09
35,15,5.38E-09
33,14,4.89E-09
21,13,4.87E-09
34,13,4.84E-09
48,14,4.72E-09
18,15,4.67E-09
6,13,4.59E-09
42,15,4.53E-09
54,15,4.39E-09
19,13,4.24E-09
51,14,4.15E-09
30,13,4.09E-09
11,14,4.09E-09
9,13,4.08E-09
29,14,4.01E-09
7,13,3.91E-09
35,14,3.78E-09
44,15,3.55E-09
40,15,3.38E-09
18,14,3.28E-09
36,15,3.23E-09
42,14,3.18E-09
54,14,3.08E-09
28,13,3.07E-09
32,15,2.81E-09
38,13,2.55E-09
22,13,2.54E-09
44,14,2.50E-09
40,14,2.38E-09
37,13,2.32E-09
41,13,2.29E-09
36,14,2.27E-09
5,70,2.25E-09
26,13,2.21E-09
12,13,1.98E-09
32,14,1.97E-09
56,15,1.81E-09
25,13,1.81E-09
15,13,1.79E-09
45,13,1.77E-09
33,13,1.51E-09
70,15,1.49E-09
47,15,1.46E-09
48,13,1.46E-09
39,15,1.35E-09
51,13,1.28E-09
56,14,1.27E-09
11,13,1.26E-09
29,13,1.24E-09
49,15,1.19E-09
35,13,1.17E-09
43,15,1.10E-09
70,14,1.05E-09
47,14,1.03E-09
18,13,1.01E-09
42,13,9.83E-10
54,13,9.53E-10
39,14,9.48E-10
49,14,8.39E-10
43,14,7.75E-10
44,13,7.71E-10
40,13,7.34E-10
8,15,7.27E-10
50,15,7.09E-10
36,13,7.01E-10
3,15,6.87E-10
32,13,6.10E-10
8,14,5.11E-10
50,14,4.98E-10
3,14,4.83E-10
56,13,3.93E-10
70,13,3.24E-10
47,13,3.18E-10
39,13,2.93E-10
49,13,2.59E-10
43,13,2.39E-10
5,15,1.81E-10
13,12,1.66E-10
8,13,1.58E-10
10,12,1.55E-10
50,13,1.54E-10
3,13,1.49E-10
17,12,1.45E-10
20,12,1.35E-10
5,14,1.27E-10
16,12,9.04E-11
24,12,8.30E-11
27,12,7.27E-11
14,12,6.41E-11
23,12,5.41E-11
31,12,4.40E-11
21,12,3.96E-11
5,13,3.93E-11
34,12,3.93E-11
6,12,3.73E-11
19,12,3.44E-11
30,12,3.33E-11
9,12,3.32E-11
7,12,3.18E-11
28,12,2.50E-11
38,12,2.07E-11
22,12,2.06E-11
37,12,1.88E-11
41,12,1.86E-11
26,12,1.80E-11
12,12,1.61E-11
25,12,1.47E-11
15,12,1.46E-11
45,12,1.44E-11
33,12,1.23E-11
48,12,1.19E-11
51,12,1.04E-11
11,12,1.03E-11
29,12,1.01E-11
35,12,9.48E-12
18,12,8.24E-12
42,12,7.99E-12
54,12,7.74E-12
44,12,6.27E-12
40,12,5.97E-12
13,11,5.75E-12
36,12,5.70E-12
10,11,5.38E-12
17,11,5.03E-12
32,12,4.95E-12
20,11,4.68E-12
56,12,3.20E-12
16,11,3.13E-12
24,11,2.87E-12
13,10,2.77E-12
70,12,2.63E-12
10,10,2.59E-12
47,12,2.58E-12
27,11,2.52E-12
17,10,2.42E-12
39,12,2.38E-12
20,10,2.26E-12
14,11,2.22E-12
49,12,2.11E-12
43,12,1.95E-12
23,11,1.87E-12
31,11,1.52E-12
16,10,1.51E-12
24,10,1.39E-12
21,11,1.37E-12
34,11,1.36E-12
6,11,1.29E-12
8,12,1.28E-12
50,12,1.25E-12
27,10,1.21E-12
3,12,1.21E-12
19,11,1.19E-12
30,11,1.15E-12
9,11,1.15E-12
7,11,1.10E-12
14,10,1.07E-12
23,10,9.04E-13
28,11,8.65E-13
31,10,7.34E-13
38,11,7.17E-13
22,11,7.14E-13
21,10,6.60E-13
34,10,6.56E-13
37,11,6.51E-13
41,11,6.43E-13
26,11,6.22E-13
6,10,6.22E-13
19,10,5.75E-13
12,11,5.58E-13
30,10,5.55E-13
9,10,5.54E-13
7,10,5.31E-13
25,11,5.09E-13
15,11,5.04E-13
45,11,4.98E-13
33,11,4.25E-13
28,10,4.17E-13
48,11,4.10E-13
51,11,3.61E-13
11,11,3.55E-13
29,11,3.48E-13
38,10,3.46E-13
22,10,3.44E-13
35,11,3.28E-13
5,12,3.20E-13
37,10,3.14E-13
41,10,3.10E-13
26,10,3.00E-13
18,11,2.85E-13
42,11,2.77E-13
12,10,2.69E-13
54,11,2.68E-13
25,10,2.46E-13
15,10,2.43E-13
45,10,2.40E-13
44,11,2.17E-13
40,11,2.07E-13
33,10,2.05E-13
48,10,1.98E-13
36,11,1.97E-13
51,10,1.74E-13
32,11,1.72E-13
11,10,1.71E-13
29,10,1.68E-13
35,10,1.58E-13
18,10,1.38E-13
42,10,1.33E-13
54,10,1.29E-13
56,11,1.11E-13
44,10,1.05E-13
40,10,9.96E-14
36,10,9.51E-14
70,11,9.11E-14
47,11,8.93E-14
32,10,8.27E-14
39,11,8.24E-14
49,11,7.29E-14
43,11,6.73E-14
56,10,5.33E-14
8,11,4.44E-14
70,10,4.39E-14
50,11,4.33E-14
47,10,4.31E-14
3,11,4.19E-14
39,10,3.97E-14
49,10,3.52E-14
43,10,3.25E-14
8,10,2.14E-14
50,10,2.09E-14
3,10,2.02E-14
5,11,1.11E-14
13,9,9.60E-15
10,9,8.97E-15
17,9,8.39E-15
20,9,7.81E-15
5,10,5.34E-15
16,9,5.22E-15
24,9,4.80E-15
27,9,4.20E-15
14,9,3.70E-15
23,9,3.13E-15
31,9,2.54E-15
21,9,2.29E-15
34,9,2.27E-15
6,9,2.15E-15
19,9,1.99E-15
30,9,1.92E-15
9,9,1.92E-15
7,9,1.84E-15
28,9,1.44E-15
38,9,1.20E-15
22,9,1.19E-15
37,9,1.09E-15
41,9,1.07E-15
26,9,1.04E-15
12,9,9.31E-16
25,9,8.50E-16
15,9,8.42E-16
45,9,8.31E-16
33,9,7.09E-16
48,9,6.85E-16
51,9,6.02E-16
11,9,5.93E-16
29,9,5.82E-16
35,9,5.48E-16
18,9,4.76E-16
42,9,4.62E-16
54,9,4.47E-16
44,9,3.62E-16
40,9,3.45E-16
36,9,3.29E-16
32,9,2.86E-16
56,9,1.85E-16
70,9,1.52E-16
47,9,1.49E-16
39,9,1.37E-16
49,9,1.22E-16
43,9,1.12E-16
8,9,7.41E-17
50,9,7.22E-17
3,9,7.00E-17
5,9,1.85E-17
13,8,2.50E-18
10,8,2.34E-18
17,8,2.19E-18
20,8,2.04E-18
16,8,1.36E-18
24,8,1.25E-18
27,8,1.09E-18
14,8,9.65E-19
23,8,8.15E-19
31,8,6.62E-19
21,8,5.96E-19
34,8,5.92E-19
6,8,5.61E-19
19,8,5.18E-19
30,8,5.01E-19
9,8,5.00E-19
7,8,4.79E-19
28,8,3.76E-19
38,8,3.12E-19
22,8,3.11E-19
37,8,2.83E-19
41,8,2.80E-19
26,8,2.71E-19
12,8,2.43E-19
25,8,2.21E-19
15,8,2.19E-19
45,8,2.17E-19
33,8,1.85E-19
48,8,1.78E-19
51,8,1.57E-19
11,8,1.54E-19
29,8,1.52E-19
35,8,1.43E-19
13,7,1.31E-19
18,8,1.24E-19
10,7,1.22E-19
42,8,1.20E-19
54,8,1.17E-19
17,7,1.14E-19
20,7,1.06E-19
44,8,9.43E-20
40,8,8.98E-20
36,8,8.58E-20
32,8,7.46E-20
16,7,7.10E-20
24,7,6.53E-20
27,7,5.71E-20
14,7,5.04E-20
56,8,4.81E-20
23,7,4.25E-20
70,8,3.96E-20
47,8,3.88E-20
39,8,3.58E-20
31,7,3.46E-20
49,8,3.17E-20
21,7,3.11E-20
34,7,3.09E-20
43,8,2.93E-20
6,7,2.93E-20
19,7,2.70E-20
30,7,2.61E-20
9,7,2.61E-20
7,7,2.50E-20
28,7,1.96E-20
8,8,1.93E-20
50,8,1.88E-20
3,8,1.82E-20
38,7,1.63E-20
22,7,1.62E-20
37,7,1.48E-20
41,7,1.46E-20
26,7,1.41E-20
12,7,1.27E-20
25,7,1.16E-20
15,7,1.14E-20
45,7,1.13E-20
33,7,9.64E-21
48,7,9.31E-21
51,7,8.19E-21
11,7,8.06E-21
29,7,7.91E-21
35,7,7.45E-21
18,7,6.47E-21
42,7,6.28E-21
54,7,6.08E-21
44,7,4.92E-21
5,8,4.81E-21
40,7,4.69E-21
36,7,4.48E-21
32,7,3.89E-21
56,7,2.51E-21
70,7,2.07E-21
47,7,2.03E-21
39,7,1.87E-21
49,7,1.66E-21
43,7,1.53E-21
8,7,1.01E-21
50,7,9.82E-22
3,7,9.52E-22
5,7,2.51E-22
13,6,6.44E-23
10,6,6.02E-23
17,6,5.63E-23
20,6,5.24E-23
16,6,3.51E-23
24,6,3.22E-23
27,6,2.82E-23
14,6,2.49E-23
23,6,2.10E-23
31,6,1.71E-23
21,6,1.53E-23
34,6,1.52E-23
6,6,1.45E-23
19,6,1.34E-23
30,6,1.29E-23
9,6,1.29E-23
7,6,1.23E-23
28,6,9.69E-24
38,6,8.03E-24
22,6,8.00E-24
37,6,7.30E-24
41,6,7.20E-24
26,6,6.97E-24
12,6,6.25E-24
25,6,5.70E-24
15,6,5.65E-24
45,6,5.58E-24
33,6,4.76E-24
48,6,4.60E-24
51,6,4.04E-24
11,6,3.98E-24
29,6,3.90E-24
35,6,3.68E-24
18,6,3.19E-24
42,6,3.10E-24
54,6,3.00E-24
44,6,2.43E-24
40,6,2.31E-24
36,6,2.21E-24
32,6,1.92E-24
56,6,1.24E-24
70,6,1.02E-24
47,6,1.00E-24
39,6,9.23E-25
49,6,8.17E-25
43,6,7.54E-25
8,6,4.97E-25
50,6,4.85E-25
3,6,4.70E-25
5,6,1.24E-25
13,5,2.27E-29
10,5,2.12E-29
17,5,1.98E-29
20,5,1.84E-29
16,5,1.23E-29
24,5,1.13E-29
27,5,9.92E-30
14,5,8.74E-30
23,5,7.39E-30
31,5,6.00E-30
21,5,5.40E-30
34,5,5.36E-30
6,5,5.08E-30
19,5,4.70E-30
30,5,4.54E-30
9,5,4.53E-30
7,5,4.34E-30
28,5,3.41E-30
38,5,2.83E-30
22,5,2.81E-30
37,5,2.57E-30
41,5,2.53E-30
26,5,2.45E-30
12,5,2.20E-30
25,5,2.01E-30
15,5,1.99E-30
45,5,1.96E-30
33,5,1.67E-30
48,5,1.62E-30
51,5,1.42E-30
11,5,1.40E-30
29,5,1.37E-30
35,5,1.29E-30
18,5,1.12E-30
42,5,1.09E-30
54,5,1.06E-30
44,5,8.55E-31
40,5,8.14E-31
36,5,7.77E-31
32,5,6.76E-31
56,5,4.36E-31
70,5,3.59E-31
47,5,3.52E-31
39,5,3.25E-31
49,5,2.87E-31
43,5,2.65E-31
8,5,1.75E-31
50,5,1.70E-31
3,5,1.65E-31
5,5,4.36E-32
13,3,2.32E-43
10,3,2.17E-43
17,3,2.02E-43
20,3,1.89E-43
16,3,1.26E-43
24,3,1.16E-43
27,3,1.01E-43
14,3,8.93E-44
23,3,7.55E-44
31,3,6.13E-44
21,3,5.51E-44
34,3,5.48E-44
6,3,5.20E-44
19,3,4.80E-44
30,3,4.64E-44
9,3,4.63E-44
7,3,4.43E-44
28,3,3.48E-44
38,3,2.89E-44
22,3,2.88E-44
37,3,2.62E-44
41,3,2.59E-44
26,3,2.51E-44
12,3,2.25E-44
25,3,2.05E-44
15,3,2.03E-44
45,3,2.01E-44
33,3,1.71E-44
48,3,1.65E-44
51,3,1.45E-44
11,3,1.43E-44
29,3,1.40E-44
35,3,1.32E-44
18,3,1.15E-44
42,3,1.11E-44
54,3,1.08E-44
44,3,8.74E-45
40,3,8.32E-45
36,3,7.94E-45
32,3,6.91E-45
56,3,4.45E-45
70,3,3.67E-45
47,3,3.60E-45
39,3,3.32E-45
49,3,2.94E-45
43,3,2.71E-45
8,3,1.79E-45
50,3,1.74E-45
3,3,1.69E-45
5,3,4.46E-46
