MSST,MISS,probability
3,38,0.013387687
3,31,0.013297669
3,34,0.010561086
7,38,0.010521464
3,45,0.010482749
7,31,0.010450718
3,24,0.00928927
10,38,0.00917152
10,31,0.009109851
3,27,0.009082346
3,41,0.008379701
7,34,0.008300021
7,45,0.008238456
3,35,0.00775465
7,24,0.007300493
10,34,0.007235097
10,45,0.007181431
7,27,0.00713787
3,28,0.006627289
7,41,0.006585657
10,24,0.006363812
3,42,0.006247331
10,27,0.006222055
3,52,0.006200856
7,35,0.006094426
10,41,0.005740692
3,48,0.005402284
10,35,0.005312488
7,28,0.005208426
7,42,0.004909815
7,52,0.00487329
3,49,0.004691303
6,38,0.004614112
6,31,0.004583087
10,28,0.004540165
17,38,0.004320447
17,31,0.004291397
10,42,0.004279867
10,52,0.004248028
7,48,0.004245687
3,30,0.00412762
3,59,0.003961197
10,48,0.003700949
7,49,0.003686923
6,34,0.003639914
6,45,0.003612915
3,37,0.003612143
17,34,0.003408252
13,38,0.003396224
17,45,0.003382972
13,31,0.003373388
14,38,0.003369259
14,31,0.003346604
7,30,0.003243922
10,49,0.003213877
3,20,0.003201754
6,24,0.003201578
3,21,0.003149023
6,27,0.003130262
7,59,0.003113129
17,24,0.002997814
3,56,0.002963194
17,27,0.002931036
6,41,0.002888092
7,37,0.002838805
10,30,0.002827714
3,55,0.002765452
10,59,0.002713703
17,41,0.00270428
13,34,0.002679164
6,35,0.002672667
13,45,0.002659292
14,34,0.002657892
14,45,0.002638178
7,20,0.002516277
17,35,0.002502565
24,38,0.002489046
7,21,0.002474836
10,37,0.002474576
24,31,0.002472309
3,44,0.002360493
13,24,0.002356527
14,24,0.002337816
7,56,0.002328792
13,27,0.002304034
14,27,0.00228574
6,28,0.002284118
20,38,0.00223104
20,31,0.002216039
10,20,0.002193429
7,55,0.002173385
10,21,0.002157305
6,42,0.002153164
17,28,0.002138745
6,52,0.002137146
13,41,0.002125785
14,41,0.002108907
3,17,0.002036355
10,56,0.002029999
17,42,0.002016126
17,52,0.002001128
13,35,0.00196722
24,34,0.001963523
14,35,0.001951601
24,45,0.001948958
3,33,0.001947171
3,66,0.001911296
10,55,0.001894532
3,23,0.001885181
6,48,0.001861915
7,44,0.001855126
20,34,0.001759991
20,45,0.001746936
17,48,0.001743414
24,24,0.001727066
24,27,0.001688594
13,28,0.001681228
3,63,0.00167423
14,28,0.00166788
21,38,0.001648233
21,31,0.00163715
10,44,0.001617106
6,49,0.001616873
7,17,0.001600383
13,42,0.00158484
13,52,0.00157305
14,42,0.001572256
31,38,0.001572075
31,31,0.001561505
14,52,0.00156056
24,41,0.001557958
20,24,0.001548044
27,38,0.001547882
27,31,0.001537474
7,33,0.001530293
3,40,0.001518739
17,49,0.001513968
20,27,0.001513561
7,66,0.001502099
7,23,0.001481575
24,35,0.001441749
6,30,0.001422598
20,41,0.001396466
10,17,0.001395048
13,48,0.001370466
6,59,0.00136524
14,48,0.001359585
3,32,0.001350211
10,33,0.001333951
17,30,0.001332057
7,63,0.001315788
10,66,0.001309374
21,34,0.001300234
20,35,0.001292302
10,23,0.001291483
21,45,0.00129059
17,59,0.00127835
38,38,0.001277354
3,62,0.001274333
38,31,0.001268766
6,37,0.001244937
31,34,0.001240156
24,28,0.001232149
31,45,0.001230957
27,34,0.001221071
27,45,0.001212014
7,40,0.001193586
13,49,0.001190102
14,49,0.001180653
17,37,0.001165703
3,39,0.001163844
24,42,0.001161507
24,52,0.001152866
10,63,0.001146967
21,24,0.001143654
3,26,0.001134725
45,38,0.001123215
21,27,0.001118178
45,31,0.001115663
20,28,0.001104429
6,20,0.001103495
31,24,0.001090811
6,21,0.001085322
34,38,0.001079816
27,24,0.001074024
34,31,0.001072555
31,27,0.001066512
7,32,0.001061139
27,27,0.001050099
3,29,0.001049349
13,30,0.001047106
3,73,0.001046299
20,42,0.001041109
10,40,0.001040444
14,30,0.001038792
20,52,0.001033364
17,20,0.001033263
21,41,0.001031672
6,56,0.001021275
3,51,0.001018137
17,21,0.001016246
28,38,0.001008231
38,34,0.001007661
13,59,0.001004887
24,48,0.001004395
7,62,0.001001506
28,31,0.001001451
38,45,0.001000187
14,59,0.000996909
31,41,0.000984003
27,41,0.00096886
17,56,0.000956276
21,35,0.000954718
6,55,0.000953122
10,32,0.000924991
13,37,0.000916338
7,39,0.000914672
31,35,0.000910605
14,37,0.000909063
3,36,0.000908095
52,38,0.000906611
52,31,0.000900515
20,48,0.000900283
27,35,0.000896591
17,55,0.000892461
7,26,0.000891787
59,38,0.00089131
38,24,0.000886314
45,34,0.000886066
59,31,0.000885317
45,45,0.000879494
10,62,0.000873009
24,49,0.000872209
38,27,0.00086657
34,34,0.00085183
34,45,0.000845511
7,29,0.00082469
7,73,0.000822293
3,70,0.000819734
21,28,0.000815922
41,38,0.000814972
6,44,0.000813552
13,20,0.000812229
41,31,0.000809492
14,20,0.00080578
7,51,0.00080016
38,41,0.000799529
13,21,0.000798853
10,39,0.000797316
28,34,0.000795358
14,21,0.00079251
28,45,0.000789459
20,49,0.000781799
45,24,0.000779362
31,28,0.000778222
10,26,0.000777368
35,38,0.000770096
21,42,0.000769144
24,30,0.000767409
16,38,0.000766561
27,28,0.000766246
35,31,0.000764918
21,52,0.000763422
45,27,0.000762001
17,44,0.000761774
16,31,0.000761407
13,56,0.000751711
34,24,0.000749248
3,43,0.000749192
14,56,0.000745742
38,35,0.000739892
24,59,0.000736468
31,42,0.000733605
34,27,0.000732558
31,52,0.000728148
27,42,0.000722315
10,29,0.000718879
27,52,0.000716942
3,69,0.000716936
10,73,0.00071679
52,34,0.000715194
66,38,0.000714355
7,36,0.000713677
52,45,0.000709889
66,31,0.000709552
59,34,0.000703124
45,41,0.00070305
81,38,0.000702355
6,17,0.000701837
13,55,0.000701547
28,24,0.000699578
59,45,0.000697909
81,31,0.000697633
10,51,0.000697496
14,55,0.000695977
20,30,0.000687862
28,27,0.000683994
73,38,0.000682158
73,31,0.000677571
34,41,0.000675885
24,37,0.000671572
6,33,0.000671099
21,48,0.000665105
20,59,0.000660128
6,66,0.000658735
3,47,0.000658317
17,17,0.000657168
9,38,0.000654207
3,25,0.000653721
45,35,0.000650608
9,31,0.000649808
6,23,0.000649734
48,38,0.000649158
48,31,0.000644793
7,70,0.000644234
41,34,0.000642903
41,45,0.000638134
31,48,0.000634374
38,28,0.000632327
28,41,0.000631078
52,24,0.000629067
17,33,0.000628387
34,35,0.00062547
27,48,0.000624611
10,36,0.00062211
59,24,0.00061845
42,38,0.000618203
17,66,0.000616809
52,27,0.000615054
23,38,0.000614102
42,31,0.000614046
23,31,0.000609973
17,23,0.000608382
35,34,0.000607502
16,34,0.000604714
59,27,0.000604674
35,45,0.000602996
20,37,0.000601959
16,45,0.000600228
3,77,0.000599108
13,44,0.000598816
38,42,0.000596074
24,20,0.000595272
14,44,0.000594062
38,52,0.00059164
49,38,0.000589563
7,43,0.000588795
49,31,0.000585599
24,21,0.000585468
28,35,0.000584005
21,49,0.000577572
6,63,0.000577029
52,41,0.000567471
41,24,0.000565482
66,34,0.00056353
7,69,0.000563444
10,70,0.000561576
66,45,0.00055935
59,41,0.000557894
45,28,0.000556024
81,34,0.000554064
41,27,0.000552885
24,56,0.000550918
31,49,0.000550885
81,45,0.000549954
3,81,0.000549407
56,38,0.000547972
77,38,0.000544849
56,31,0.000544288
27,49,0.000542408
77,31,0.000541185
17,63,0.000540304
73,34,0.000538131
34,28,0.00053454
35,24,0.000534344
73,45,0.000534139
20,20,0.000533568
16,24,0.000531891
52,35,0.000525143
20,21,0.00052478
45,42,0.000524146
30,38,0.000523718
6,40,0.000523438
35,27,0.000522441
45,52,0.000520246
30,31,0.000520197
16,27,0.000520043
7,47,0.000517375
13,17,0.000516588
59,35,0.00051628
9,34,0.000516082
38,48,0.000515446
24,55,0.000514154
7,25,0.000513763
10,43,0.00051325
14,17,0.000512486
9,45,0.000512254
48,34,0.000512098
41,41,0.000510112
48,45,0.0005083
21,30,0.000508174
34,42,0.000503894
34,52,0.000500145
63,38,0.000499776
28,28,0.000499103
63,31,0.000496415
66,24,0.000495667
13,33,0.000493963
20,56,0.000493812
10,69,0.000491152
17,40,0.000490124
14,33,0.000490041
21,59,0.000487685
42,34,0.000487679
81,24,0.000487341
13,66,0.000484863
31,30,0.000484694
66,27,0.000484626
23,34,0.000484444
42,45,0.000484061
35,41,0.000482023
3,54,0.00048191
14,66,0.000481013
23,45,0.00048085
55,38,0.000480739
16,41,0.00047981
13,23,0.000478238
55,31,0.000477507
27,30,0.000477235
81,27,0.000476485
14,23,0.000474441
73,24,0.000473326
41,35,0.000472062
7,77,0.000470843
28,42,0.000470488
28,52,0.000466988
6,32,0.000465355
31,59,0.000465151
49,34,0.000465086
3,22,0.000463249
73,27,0.000462783
49,45,0.000461636
20,55,0.000460859
3,50,0.000458681
27,59,0.000457993
9,24,0.000453933
45,48,0.000453247
10,47,0.000450994
48,24,0.000450429
52,28,0.000448798
10,25,0.000447845
38,49,0.00044761
66,41,0.000447133
35,35,0.000446068
21,37,0.000444711
16,35,0.000444021
9,27,0.000443821
59,28,0.000441224
48,27,0.000440395
81,41,0.000439622
6,62,0.000439203
24,44,0.000438864
17,32,0.000435737
34,48,0.000435734
3,46,0.000435383
56,34,0.000432277
7,81,0.000431782
3,58,0.000431349
77,34,0.000429813
56,45,0.00042907
42,24,0.00042895
73,41,0.00042698
77,45,0.000426624
23,24,0.000426105
13,63,0.000424723
31,37,0.000424163
52,42,0.000423068
14,63,0.000421351
52,52,0.00041992
42,27,0.000419395
70,38,0.000419087
27,37,0.000417635
23,27,0.000416613
70,31,0.000416269
59,42,0.000415928
66,35,0.000413781
30,34,0.000413143
59,52,0.000412834
17,62,0.00041125
10,77,0.000410432
30,45,0.000410079
9,41,0.000409485
49,24,0.000409078
28,48,0.000406848
81,35,0.000406831
48,41,0.000406325
41,28,0.000403434
6,39,0.000401123
49,27,0.000399966
73,35,0.000395131
63,34,0.000394256
21,20,0.000394186
38,30,0.000393827
45,49,0.000393596
20,44,0.000393373
63,45,0.000391332
6,26,0.000391087
21,21,0.000387694
42,41,0.000386949
13,40,0.000385278
23,41,0.000384382
14,40,0.000382219
35,28,0.00038122
41,42,0.000380305
56,24,0.00038022
16,28,0.00037947
55,34,0.000379238
9,35,0.000378941
7,54,0.000378736
24,17,0.0003786
34,49,0.000378388
77,24,0.000378052
38,59,0.000377948
41,52,0.000377475
55,45,0.000376426
10,81,0.000376383
48,35,0.000376016
31,20,0.000375972
17,39,0.000375593
56,27,0.00037175
27,20,0.000370186
31,21,0.00036978
77,27,0.000369631
49,41,0.000369023
3,53,0.000366936
17,26,0.000366196
52,48,0.000365841
21,56,0.000364815
27,21,0.00036409
7,22,0.00036407
30,24,0.000363391
24,33,0.000362019
6,29,0.000361662
6,73,0.000360611
7,50,0.00036048
59,48,0.000359667
35,42,0.000359363
42,35,0.000358086
16,42,0.000357714
35,52,0.00035669
23,35,0.000355711
24,66,0.000355349
30,27,0.000355296
16,52,0.000355053
62,38,0.000353746
66,28,0.000353626
28,49,0.000353303
62,31,0.000351368
6,51,0.000350904
24,23,0.000350494
31,56,0.000347959
81,28,0.000347686
63,24,0.000346778
37,38,0.000346739
45,30,0.000346304
38,37,0.000344644
37,31,0.000344407
56,41,0.00034299
27,56,0.000342604
13,32,0.000342525
7,46,0.00034217
49,35,0.000341497
77,41,0.000341035
21,55,0.00034047
14,32,0.000339806
20,17,0.000339356
63,27,0.000339053
7,58,0.000338999
17,29,0.000338644
69,38,0.000338491
73,28,0.000337688
17,73,0.00033766
69,31,0.000336215
55,24,0.000333569
66,42,0.000333352
34,30,0.000332923
45,59,0.000332341
66,52,0.000330872
70,34,0.000330603
10,54,0.000330142
41,48,0.000328863
17,51,0.000328571
70,45,0.000328151
30,41,0.000327809
81,42,0.000327752
55,27,0.000326138
81,52,0.000325314
31,55,0.000324739
20,33,0.000324493
9,28,0.000323851
13,62,0.000323276
48,28,0.000321352
14,62,0.000320709
27,55,0.000319741
34,59,0.0003195
20,66,0.000318515
73,42,0.000318327
52,49,0.000317694
56,35,0.000317406
10,22,0.000317359
73,52,0.000315959
77,35,0.000315597
10,50,0.000314229
20,23,0.000314163
6,36,0.000312978
63,41,0.000312823
59,49,0.000312332
24,63,0.000311274
28,30,0.000310852
35,48,0.000310754
16,48,0.000309328
42,28,0.000306028
38,20,0.000305488
9,42,0.000305284
23,28,0.000303998
3,14,0.000303974
30,35,0.000303357
45,37,0.000303056
9,52,0.000303013
48,42,0.000302928
3,65,0.000301298
55,41,0.000300907
48,52,0.000300674
38,21,0.000300457
28,59,0.000298319
10,46,0.000298268
10,58,0.000295504
13,39,0.000295247
17,36,0.000293059
14,39,0.000292903
49,28,0.00029185
34,37,0.000291346
70,24,0.000290791
21,44,0.000290613
63,35,0.000289489
42,42,0.000288483
7,53,0.000288377
66,48,0.000288261
13,26,0.00028786
23,42,0.000286569
42,52,0.000286337
41,49,0.000285582
14,26,0.000285575
23,52,0.000284437
70,27,0.000284313
81,48,0.000283419
38,56,0.000282726
6,70,0.000282524
24,40,0.000282365
12,38,0.000281925
12,31,0.000280029
52,30,0.000279521
62,34,0.000279058
20,63,0.000279008
55,35,0.000278462
31,44,0.000277186
62,45,0.000276989
73,48,0.000275269
49,42,0.000275118
59,30,0.000274804
37,34,0.00027353
49,52,0.000273071
27,44,0.00027292
28,37,0.000272032
37,45,0.000271502
56,28,0.000271262
35,49,0.000269856
77,28,0.000269716
45,20,0.000268624
16,49,0.000268618
52,59,0.000268251
69,34,0.000267024
13,29,0.000266202
13,73,0.000265428
69,45,0.000265043
17,70,0.000264543
45,21,0.0002642
14,29,0.000264088
9,48,0.00026399
38,55,0.000263859
59,59,0.000263724
14,73,0.000263321
70,41,0.000262317
48,48,0.000261952
30,28,0.000259255
13,51,0.000258284
34,20,0.000258245
6,43,0.000258212
3,19,0.00025713
14,51,0.000256233
56,42,0.00025571
77,42,0.000254252
34,21,0.000253992
56,52,0.000253808
20,40,0.000253096
77,52,0.000252361
10,53,0.000251378
41,30,0.000251268
24,32,0.000251032
21,17,0.000250707
66,49,0.000250324
42,48,0.000249461
45,56,0.000248609
19,38,0.000247929
23,48,0.000247806
63,28,0.000247403
6,69,0.000247095
19,31,0.000246262
81,49,0.000246119
62,24,0.000245453
44,38,0.000245255
52,37,0.000244613
30,42,0.000244392
44,31,0.000243606
70,35,0.000242751
30,52,0.000242574
17,43,0.000241778
41,59,0.000241137
28,20,0.000241125
37,24,0.000240591
59,37,0.000240485
62,27,0.000239985
21,33,0.000239727
31,17,0.000239123
73,49,0.000239041
34,56,0.000239003
7,14,0.000238895
55,28,0.00023798
49,48,0.000237904
35,30,0.000237432
28,21,0.000237154
24,62,0.000236925
7,65,0.000236792
16,30,0.000236342
27,17,0.000235443
21,66,0.00023531
37,27,0.000235231
69,24,0.000234868
63,42,0.000233219
21,23,0.000232095
45,55,0.000232019
63,52,0.000231484
17,69,0.000231368
13,36,0.000230368
69,27,0.000229636
9,49,0.000229247
31,33,0.00022865
14,36,0.000228539
35,59,0.000227859
48,49,0.000227477
6,47,0.000226891
16,59,0.000226813
6,25,0.000225307
38,44,0.000225221
27,33,0.000225132
20,32,0.000225011
31,66,0.000224438
55,42,0.000224336
3,16,0.000223911
28,56,0.000223159
34,55,0.000223054
55,52,0.000222667
12,34,0.000222401
62,41,0.000221419
31,23,0.000221371
56,48,0.000221121
27,66,0.000220984
12,45,0.000220751
26,38,0.000220432
66,30,0.000220246
41,37,0.000219888
77,48,0.000219861
26,31,0.00021895
27,23,0.000217964
37,41,0.000217033
52,20,0.000216822
42,49,0.00021663
81,30,0.000216546
24,39,0.000216382
23,49,0.000215193
52,21,0.000213251
59,20,0.000213163
17,47,0.000212451
20,62,0.000212366
69,41,0.00021187
66,59,0.000211366
30,48,0.000211334
24,26,0.000210969
17,25,0.000210967
73,30,0.000210319
59,21,0.000209652
28,55,0.000208267
10,14,0.000208244
13,70,0.000207952
81,59,0.000207815
35,37,0.00020778
70,28,0.00020746
33,38,0.000206843
16,37,0.000206826
49,49,0.000206594
6,77,0.000206485
10,65,0.000206411
14,70,0.000206301
21,63,0.000206124
33,31,0.000205452
62,35,0.000204903
7,19,0.00020208
73,59,0.000201839
9,30,0.000201702
63,48,0.000201673
37,35,0.000200844
52,56,0.000200667
48,30,0.000200145
45,44,0.000198043
59,56,0.00019728
31,63,0.0001966
69,35,0.000196067
12,24,0.000195618
19,34,0.000195583
70,42,0.000195566
24,29,0.000195096
41,20,0.000194906
24,73,0.000194528
38,17,0.000194294
19,45,0.000194132
70,52,0.000194111
55,48,0.000193991
20,39,0.000193953
27,63,0.000193574
9,59,0.000193569
44,34,0.000193473
17,77,0.000193343
66,37,0.000192741
48,59,0.000192075
44,45,0.000192038
56,49,0.00019202
41,21,0.000191696
12,27,0.000191261
77,49,0.000190926
42,30,0.000190601
34,44,0.000190391
13,43,0.000190057
81,37,0.000189503
6,81,0.000189355
23,30,0.000189337
24,51,0.000189292
20,26,0.0001891
3,60,0.000188854
14,43,0.000188548
22,38,0.000188429
52,55,0.000187276
22,31,0.000187162
21,40,0.00018698
38,33,0.000185785
35,20,0.000184173
59,55,0.000184115
73,37,0.000184054
30,49,0.000183521
16,20,0.000183328
42,59,0.000182916
38,66,0.000182362
13,69,0.000181874
49,30,0.000181771
23,59,0.000181703
35,21,0.00018114
14,69,0.00018043
41,56,0.000180384
16,21,0.000180309
38,23,0.00017987
31,40,0.000178341
28,44,0.000177769
17,81,0.000177303
9,37,0.000176512
12,41,0.000176464
10,19,0.000176152
7,16,0.000175973
27,40,0.000175596
48,37,0.00017515
63,49,0.000175131
62,28,0.000175115
20,29,0.000174873
49,59,0.000174442
20,73,0.000174364
26,34,0.000173892
26,45,0.000172602
19,24,0.00017203
37,28,0.000171646
45,17,0.000170848
66,20,0.000170843
35,56,0.000170451
44,24,0.000170174
20,51,0.000169671
16,56,0.000169668
70,48,0.000169113
56,30,0.000168948
24,36,0.000168833
55,49,0.00016846
41,55,0.000168346
19,27,0.000168198
66,21,0.000168029
77,30,0.000167985
81,20,0.000167973
69,28,0.000167563
13,47,0.000167004
42,37,0.000166798
44,27,0.000166383
21,32,0.000166232
6,54,0.000166092
13,25,0.000165838
23,37,0.000165691
14,47,0.000165678
81,21,0.000165207
62,42,0.000165075
14,25,0.000164521
34,17,0.000164247
62,52,0.000163847
45,33,0.000163366
12,35,0.000163301
33,34,0.000163172
73,20,0.000163142
56,59,0.000162136
33,45,0.000161961
37,42,0.000161805
30,30,0.00016147
77,59,0.000161212
37,52,0.000160601
73,21,0.000160456
45,66,0.000160356
52,44,0.000159852
18,38,0.000159765
38,63,0.000159743
6,22,0.00015966
35,55,0.000159076
49,37,0.00015907
18,31,0.000158691
31,32,0.000158551
16,55,0.000158346
45,23,0.000158165
66,56,0.000158113
6,50,0.000158086
69,42,0.000157956
59,44,0.000157154
34,33,0.000157054
21,62,0.00015689
69,52,0.000156781
9,20,0.000156458
27,32,0.000156111
17,54,0.000155521
81,56,0.000155457
48,20,0.00015525
19,41,0.000155185
30,59,0.00015496
34,66,0.00015416
63,30,0.000154088
11,38,0.000154079
9,21,0.000153881
44,41,0.000153511
10,16,0.000153395
28,17,0.000153358
11,31,0.000153043
26,24,0.000152951
48,21,0.000152693
24,70,0.000152405
34,23,0.000152054
13,77,0.000151983
20,36,0.000151333
73,56,0.000150987
14,77,0.000150777
32,38,0.000150497
6,46,0.000150056
31,62,0.000149641
26,27,0.000149544
17,22,0.000149499
32,31,0.000149485
6,58,0.000148666
22,34,0.000148645
3,13,0.000148576
7,60,0.000148421
55,30,0.000148219
17,50,0.000148025
63,59,0.000147875
56,37,0.000147849
42,20,0.000147847
66,55,0.000147562
25,38,0.00014756
22,45,0.000147543
27,62,0.000147338
77,37,0.000147006
23,20,0.000146867
70,49,0.000146856
28,33,0.000146642
25,31,0.000146568
40,38,0.000145925
42,21,0.000145412
81,55,0.000145083
40,31,0.000144944
38,40,0.000144907
9,56,0.0001448
29,38,0.000144757
23,21,0.000144448
28,66,0.00014394
29,31,0.000143784
41,44,0.000143694
48,56,0.000143683
19,35,0.00014361
33,24,0.000143522
21,39,0.000143287
62,48,0.000142746
55,59,0.000142243
44,35,0.000142061
28,23,0.000141974
30,37,0.000141305
51,38,0.000141163
49,20,0.000140998
73,55,0.000140911
17,46,0.000140506
45,63,0.000140466
33,27,0.000140325
51,31,0.000140214
37,48,0.000139918
21,26,0.000139702
12,28,0.000139561
13,81,0.000139375
24,43,0.00013929
17,58,0.000139204
49,21,0.000138676
14,81,0.000138268
26,41,0.000137974
52,17,0.000137901
42,56,0.000136831
31,39,0.000136667
20,70,0.000136608
69,48,0.00013659
23,56,0.000135924
35,44,0.000135782
59,17,0.000135574
16,44,0.000135159
9,55,0.000135137
34,63,0.000135039
63,37,0.000134845
27,39,0.000134563
48,55,0.000134094
15,38,0.000133767
24,69,0.000133293
31,26,0.000133247
3,76,0.000133113
15,31,0.000132868
52,33,0.000131862
12,42,0.000131559
27,26,0.000131197
56,20,0.000131051
22,24,0.000130745
12,52,0.000130581
49,56,0.000130492
77,20,0.000130304
55,37,0.000129709
59,33,0.000129636
33,41,0.000129469
52,66,0.000129432
10,60,0.000129378
70,30,0.000129211
21,29,0.000129191
56,21,0.000128893
38,32,0.000128827
21,73,0.000128816
77,21,0.000128158
22,27,0.000127832
42,55,0.0001277
26,35,0.000127683
52,23,0.000127664
45,40,0.000127421
59,66,0.000127248
23,55,0.000126853
6,53,0.000126466
28,63,0.000126087
18,34,0.000126033
66,44,0.000125954
59,23,0.000125509
21,51,0.000125348
30,20,0.000125251
18,45,0.000125098
20,43,0.000124852
70,59,0.000124001
41,17,0.000123963
62,49,0.00012396
81,44,0.000123838
31,29,0.000123222
30,21,0.000123188
31,73,0.000122864
19,28,0.000122732
34,40,0.000122498
24,47,0.000122395
13,54,0.000122252
49,55,0.000121784
38,62,0.000121587
11,34,0.000121547
24,25,0.00012154
37,49,0.000121504
44,28,0.000121408
27,29,0.000121326
56,56,0.000121287
14,54,0.000121281
27,73,0.000120973
11,45,0.000120646
77,56,0.000120595
73,44,0.000120277
33,35,0.000119811
31,51,0.000119557
63,20,0.000119525
20,69,0.000119476
32,34,0.000118722
69,49,0.000118614
41,33,0.000118533
17,53,0.000118417
22,41,0.000117943
32,45,0.000117841
27,51,0.000117717
63,21,0.000117556
13,22,0.000117518
35,17,0.000117137
7,13,0.000116766
16,17,0.000116599
14,22,0.000116585
25,34,0.000116405
13,50,0.000116359
41,66,0.00011635
30,56,0.000115918
19,42,0.000115696
25,45,0.000115542
14,50,0.000115435
9,44,0.000115349
40,34,0.000115115
55,20,0.000114972
19,52,0.000114835
41,23,0.00011476
3,18,0.000114572
48,44,0.000114458
44,42,0.000114448
28,40,0.000114377
40,45,0.000114262
29,34,0.000114194
12,48,0.000113764
44,52,0.000113596
52,63,0.000113378
29,45,0.000113347
45,32,0.000113282
56,55,0.000113193
55,21,0.000113078
70,37,0.000113074
77,55,0.000112548
35,33,0.000112006
21,36,0.000111801
16,33,0.000111492
59,63,0.000111465
24,77,0.000111387
51,34,0.000111359
76,38,0.000111302
39,38,0.000111099
38,39,0.000111045
18,24,0.000110856
63,56,0.000110619
76,31,0.000110554
51,45,0.000110533
13,46,0.000110449
39,31,0.000110351
35,66,0.000109943
20,47,0.000109708
14,46,0.000109572
16,66,0.000109438
13,58,0.000109426
22,35,0.000109145
26,28,0.00010912
62,30,0.000109065
42,44,0.000109
20,25,0.000108942
34,32,0.000108905
66,17,0.000108658
14,58,0.000108557
35,23,0.000108441
18,27,0.000108386
23,44,0.000108277
38,26,0.000108267
30,55,0.000108183
3,61,0.000108009
16,23,0.000107943
3,78,0.00010783
45,62,0.000106915
11,24,0.00010691
37,30,0.000106905
81,17,0.000106833
78,38,0.00010671
31,36,0.000106635
55,56,0.000106405
78,31,0.000105992
15,34,0.000105524
27,36,0.000104994
3,64,0.000104905
6,14,0.000104766
15,45,0.000104741
62,59,0.000104668
7,76,0.000104614
11,27,0.000104529
32,24,0.000104425
65,38,0.00010437
69,30,0.000104362
49,44,0.000103951
66,33,0.000103899
6,65,0.000103843
73,17,0.000103761
65,31,0.000103668
63,55,0.000103237
26,42,0.000102864
52,40,0.000102849
34,62,0.000102784
37,59,0.000102594
33,28,0.000102393
25,24,0.000102387
81,33,0.000102154
24,81,0.000102146
26,52,0.000102099
32,27,0.000102098
66,66,0.000101985
41,63,0.000101918
10,13,0.000101785
28,32,0.000101685
40,24,0.000101253
59,40,0.000101113
21,70,0.000100922
66,23,0.000100592
29,24,0.000100442
81,66,0.000100272
70,20,0.000100227
69,59,0.000100154
38,29,0.000100121
25,27,0.000100106
19,48,0.000100046
18,41,0.000100001
20,77,9.98E-05
38,73,9.98E-05
9,17,9.95E-05
55,55,9.93E-05
73,33,9.92E-05
40,27,9.90E-05
44,48,9.90E-05
81,23,9.89E-05
12,49,9.88E-05
48,17,9.87E-05
70,21,9.86E-05
29,27,9.82E-05
17,14,9.81E-05
51,24,9.79E-05
45,39,9.76E-05
73,66,9.74E-05
17,65,9.72E-05
38,51,9.71E-05
3,57,9.69E-05
56,44,9.66E-05
33,42,9.65E-05
11,41,9.64E-05
35,63,9.63E-05
31,70,9.63E-05
77,44,9.61E-05
73,23,9.61E-05
28,62,9.60E-05
16,63,9.59E-05
33,52,9.58E-05
51,27,9.58E-05
62,37,9.54E-05
45,26,9.52E-05
9,33,9.52E-05
27,70,9.48E-05
48,33,9.44E-05
32,41,9.42E-05
42,17,9.40E-05
34,39,9.39E-05
37,37,9.36E-05
23,17,9.34E-05
9,66,9.34E-05
22,28,9.33E-05
13,53,9.31E-05
15,24,9.28E-05
70,56,9.28E-05
48,66,9.27E-05
18,35,9.25E-05
3,72,9.25E-05
41,40,9.25E-05
25,41,9.24E-05
14,53,9.23E-05
30,44,9.23E-05
21,43,9.22E-05
9,23,9.21E-05
20,81,9.16E-05
34,26,9.15E-05
52,32,9.14E-05
48,23,9.14E-05
40,41,9.13E-05
69,37,9.13E-05
10,76,9.12E-05
58,38,9.08E-05
15,27,9.07E-05
29,41,9.06E-05
58,31,9.02E-05
7,18,9.00E-05
42,33,8.99E-05
59,32,8.99E-05
49,17,8.97E-05
24,54,8.96E-05
66,63,8.93E-05
23,33,8.93E-05
11,35,8.92E-05
26,48,8.90E-05
6,19,8.86E-05
51,41,8.84E-05
36,38,8.83E-05
21,69,8.83E-05
42,66,8.83E-05
63,44,8.81E-05
45,29,8.80E-05
31,43,8.80E-05
22,42,8.79E-05
81,63,8.78E-05
76,34,8.78E-05
45,73,8.78E-05
36,31,8.77E-05
23,66,8.77E-05
28,39,8.76E-05
39,34,8.76E-05
35,40,8.74E-05
22,52,8.73E-05
32,35,8.72E-05
76,45,8.72E-05
42,23,8.71E-05
39,45,8.70E-05
16,40,8.70E-05
12,30,8.69E-05
19,49,8.69E-05
38,36,8.66E-05
27,43,8.66E-05
70,55,8.66E-05
23,23,8.65E-05
52,62,8.63E-05
24,22,8.61E-05
44,49,8.59E-05
49,33,8.57E-05
25,35,8.55E-05
28,26,8.55E-05
45,51,8.54E-05
73,63,8.53E-05
24,50,8.53E-05
7,61,8.49E-05
59,62,8.48E-05
55,44,8.48E-05
7,78,8.47E-05
34,29,8.46E-05
62,20,8.46E-05
40,35,8.45E-05
34,73,8.44E-05
31,69,8.42E-05
78,34,8.42E-05
49,66,8.42E-05
29,35,8.38E-05
15,41,8.37E-05
78,45,8.36E-05
33,48,8.35E-05
12,59,8.34E-05
56,17,8.34E-05
62,21,8.32E-05
49,23,8.30E-05
17,19,8.30E-05
37,20,8.29E-05
27,69,8.29E-05
77,17,8.29E-05
7,64,8.24E-05
65,34,8.23E-05
41,32,8.22E-05
34,51,8.21E-05
9,63,8.18E-05
51,35,8.18E-05
65,45,8.17E-05
37,21,8.16E-05
48,63,8.12E-05
21,47,8.10E-05
66,40,8.10E-05
69,20,8.10E-05
24,46,8.09E-05
21,25,8.05E-05
20,54,8.03E-05
24,58,8.02E-05
56,33,7.97E-05
81,40,7.97E-05
30,17,7.97E-05
69,21,7.96E-05
77,33,7.92E-05
18,28,7.91E-05
28,29,7.90E-05
54,38,7.89E-05
52,39,7.88E-05
28,73,7.88E-05
10,18,7.85E-05
54,31,7.84E-05
62,56,7.83E-05
56,66,7.82E-05
38,70,7.82E-05
77,66,7.78E-05
35,32,7.77E-05
41,62,7.76E-05
59,39,7.75E-05
15,35,7.75E-05
73,40,7.74E-05
16,32,7.73E-05
42,63,7.73E-05
31,47,7.73E-05
26,49,7.72E-05
76,24,7.72E-05
20,22,7.72E-05
6,16,7.72E-05
56,23,7.72E-05
13,14,7.71E-05
39,24,7.71E-05
52,26,7.68E-05
23,63,7.68E-05
31,25,7.68E-05
37,56,7.67E-05
77,23,7.67E-05
28,51,7.67E-05
14,14,7.65E-05
19,30,7.64E-05
20,50,7.64E-05
13,65,7.64E-05
11,28,7.63E-05
45,36,7.62E-05
30,33,7.62E-05
7,57,7.61E-05
27,47,7.61E-05
12,37,7.61E-05
22,48,7.60E-05
63,17,7.60E-05
47,38,7.59E-05
14,65,7.58E-05
43,38,7.58E-05
44,30,7.56E-05
27,25,7.56E-05
59,26,7.55E-05
76,27,7.55E-05
39,27,7.54E-05
47,31,7.54E-05
43,31,7.53E-05
69,56,7.49E-05
30,66,7.48E-05
18,42,7.46E-05
32,28,7.45E-05
9,40,7.42E-05
78,24,7.40E-05
18,52,7.40E-05
10,61,7.40E-05
70,44,7.39E-05
10,78,7.39E-05
21,77,7.38E-05
30,23,7.37E-05
49,63,7.37E-05
48,40,7.36E-05
19,59,7.34E-05
35,62,7.33E-05
34,36,7.32E-05
55,17,7.31E-05
62,55,7.31E-05
25,28,7.30E-05
16,62,7.30E-05
7,72,7.27E-05
63,33,7.27E-05
44,59,7.26E-05
20,46,7.26E-05
33,49,7.25E-05
65,24,7.24E-05
78,27,7.24E-05
17,16,7.23E-05
40,28,7.22E-05
66,32,7.20E-05
11,42,7.19E-05
20,58,7.19E-05
10,64,7.19E-05
29,28,7.17E-05
37,55,7.16E-05
58,34,7.16E-05
38,43,7.15E-05
11,52,7.14E-05
63,66,7.14E-05
58,45,7.11E-05
52,29,7.11E-05
52,73,7.09E-05
41,39,7.08E-05
81,32,7.08E-05
65,27,7.08E-05
63,23,7.04E-05
31,77,7.04E-05
32,42,7.02E-05
42,40,7.01E-05
69,55,6.99E-05
55,33,6.99E-05
51,28,6.99E-05
59,29,6.99E-05
32,52,6.97E-05
36,34,6.97E-05
76,41,6.97E-05
23,40,6.97E-05
59,73,6.97E-05
39,41,6.95E-05
27,77,6.93E-05
36,45,6.92E-05
41,26,6.91E-05
52,51,6.89E-05
25,42,6.89E-05
73,32,6.88E-05
45,70,6.88E-05
55,66,6.86E-05
56,63,6.85E-05
38,69,6.84E-05
28,36,6.84E-05
25,52,6.83E-05
24,53,6.82E-05
77,63,6.81E-05
40,42,6.81E-05
66,62,6.80E-05
26,30,6.80E-05
59,51,6.78E-05
55,23,6.77E-05
21,81,6.76E-05
40,52,6.76E-05
29,42,6.76E-05
8,38,6.75E-05
12,20,6.74E-05
29,52,6.70E-05
8,31,6.70E-05
35,39,6.69E-05
19,37,6.69E-05
49,40,6.69E-05
81,62,6.69E-05
78,41,6.68E-05
16,39,6.66E-05
10,57,6.64E-05
12,21,6.63E-05
15,28,6.62E-05
44,37,6.62E-05
34,70,6.61E-05
22,49,6.60E-05
9,32,6.60E-05
51,42,6.59E-05
30,63,6.55E-05
48,32,6.55E-05
51,52,6.54E-05
65,41,6.53E-05
35,26,6.53E-05
13,19,6.52E-05
26,59,6.52E-05
6,60,6.51E-05
16,26,6.50E-05
73,62,6.49E-05
14,19,6.47E-05
31,81,6.45E-05
76,35,6.45E-05
18,48,6.45E-05
39,35,6.44E-05
41,29,6.39E-05
33,30,6.38E-05
70,17,6.37E-05
41,73,6.37E-05
27,81,6.35E-05
10,72,6.34E-05
58,24,6.30E-05
45,43,6.29E-05
38,47,6.28E-05
63,63,6.25E-05
15,42,6.24E-05
12,56,6.24E-05
38,25,6.24E-05
62,44,6.24E-05
42,32,6.23E-05
9,62,6.23E-05
54,34,6.22E-05
11,48,6.22E-05
56,40,6.22E-05
66,39,6.21E-05
41,51,6.20E-05
15,52,6.20E-05
23,32,6.19E-05
78,35,6.18E-05
77,40,6.18E-05
48,62,6.18E-05
54,45,6.18E-05
28,70,6.17E-05
58,27,6.16E-05
52,36,6.15E-05
36,24,6.13E-05
33,59,6.12E-05
20,53,6.11E-05
37,44,6.11E-05
81,39,6.11E-05
3,71,6.10E-05
70,33,6.10E-05
17,60,6.09E-05
32,48,6.07E-05
66,26,6.05E-05
50,38,6.05E-05
59,36,6.05E-05
65,35,6.05E-05
34,43,6.04E-05
35,29,6.04E-05
35,73,6.02E-05
45,69,6.02E-05
55,63,6.01E-05
16,29,6.01E-05
50,31,6.01E-05
36,27,5.99E-05
16,73,5.99E-05
47,34,5.99E-05
70,66,5.98E-05
43,34,5.98E-05
69,44,5.97E-05
25,48,5.95E-05
81,26,5.95E-05
26,37,5.95E-05
49,32,5.95E-05
47,45,5.94E-05
30,40,5.94E-05
43,45,5.93E-05
21,54,5.93E-05
73,39,5.93E-05
19,20,5.93E-05
70,23,5.90E-05
40,48,5.89E-05
42,62,5.88E-05
44,20,5.87E-05
35,51,5.86E-05
23,62,5.85E-05
29,48,5.84E-05
19,21,5.83E-05
16,51,5.83E-05
12,55,5.82E-05
22,30,5.81E-05
34,69,5.78E-05
73,26,5.78E-05
44,21,5.77E-05
3,68,5.73E-05
38,77,5.72E-05
21,22,5.70E-05
51,48,5.70E-05
9,39,5.69E-05
58,41,5.68E-05
13,16,5.68E-05
53,38,5.67E-05
63,40,5.67E-05
31,54,5.66E-05
24,14,5.65E-05
21,50,5.65E-05
48,39,5.64E-05
28,43,5.64E-05
14,16,5.64E-05
53,31,5.63E-05
49,62,5.61E-05
24,65,5.60E-05
66,29,5.60E-05
18,49,5.60E-05
66,73,5.58E-05
33,37,5.58E-05
22,59,5.58E-05
27,54,5.57E-05
72,38,5.56E-05
52,70,5.55E-05
9,26,5.54E-05
36,41,5.53E-05
41,36,5.53E-05
56,32,5.53E-05
45,47,5.52E-05
72,31,5.52E-05
76,28,5.51E-05
81,29,5.51E-05
48,26,5.50E-05
39,28,5.50E-05
77,32,5.50E-05
81,73,5.49E-05
19,56,5.49E-05
45,25,5.48E-05
54,24,5.48E-05
59,70,5.46E-05
55,40,5.45E-05
31,22,5.44E-05
66,51,5.43E-05
44,56,5.43E-05
28,69,5.40E-05
11,49,5.40E-05
15,48,5.40E-05
31,50,5.39E-05
62,17,5.38E-05
42,39,5.37E-05
21,46,5.36E-05
27,22,5.36E-05
54,27,5.35E-05
73,29,5.35E-05
81,51,5.34E-05
23,39,5.34E-05
73,73,5.33E-05
8,34,5.32E-05
21,58,5.31E-05
34,47,5.31E-05
27,50,5.30E-05
8,45,5.28E-05
78,28,5.28E-05
30,32,5.28E-05
37,17,5.27E-05
32,49,5.27E-05
34,25,5.27E-05
26,20,5.27E-05
47,24,5.26E-05
43,24,5.26E-05
58,35,5.26E-05
38,81,5.24E-05
70,63,5.24E-05
42,26,5.24E-05
35,36,5.22E-05
56,62,5.22E-05
23,26,5.21E-05
16,36,5.20E-05
76,42,5.19E-05
73,51,5.19E-05
77,62,5.19E-05
26,21,5.18E-05
39,42,5.18E-05
25,49,5.17E-05
65,28,5.17E-05
76,52,5.16E-05
69,17,5.15E-05
47,27,5.15E-05
39,52,5.15E-05
62,33,5.15E-05
43,27,5.14E-05
9,29,5.13E-05
49,39,5.13E-05
19,55,5.12E-05
6,13,5.12E-05
36,35,5.12E-05
40,49,5.11E-05
9,73,5.11E-05
31,46,5.11E-05
48,29,5.09E-05
22,37,5.08E-05
52,43,5.07E-05
48,73,5.07E-05
29,49,5.07E-05
44,55,5.07E-05
20,14,5.07E-05
31,58,5.07E-05
62,66,5.05E-05
37,33,5.04E-05
63,32,5.04E-05
27,46,5.03E-05
45,77,5.03E-05
20,65,5.02E-05
49,26,5.00E-05
41,70,4.99E-05
59,43,4.99E-05
27,58,4.99E-05
30,62,4.99E-05
62,23,4.98E-05
78,42,4.98E-05
9,51,4.98E-05
12,44,4.97E-05
28,47,4.96E-05
37,66,4.95E-05
33,20,4.95E-05
51,49,4.95E-05
78,52,4.94E-05
54,41,4.94E-05
48,51,4.94E-05
18,30,4.93E-05
28,25,4.92E-05
69,33,4.92E-05
37,23,4.88E-05
26,56,4.88E-05
65,42,4.87E-05
33,21,4.87E-05
52,69,4.86E-05
55,32,4.85E-05
42,29,4.85E-05
66,36,4.85E-05
65,52,4.83E-05
69,66,4.83E-05
34,77,4.83E-05
42,73,4.83E-05
46,38,4.83E-05
23,29,4.81E-05
23,73,4.80E-05
46,31,4.80E-05
17,13,4.79E-05
7,71,4.79E-05
13,60,4.79E-05
24,19,4.78E-05
59,69,4.77E-05
50,34,4.77E-05
69,23,4.77E-05
81,36,4.76E-05
56,39,4.76E-05
63,62,4.76E-05
70,40,4.75E-05
14,60,4.75E-05
11,30,4.75E-05
47,41,4.75E-05
43,41,4.74E-05
77,39,4.74E-05
50,45,4.73E-05
18,59,4.73E-05
35,70,4.72E-05
42,51,4.70E-05
16,70,4.69E-05
15,49,4.69E-05
8,24,4.68E-05
23,51,4.67E-05
56,26,4.64E-05
32,30,4.64E-05
73,36,4.63E-05
49,29,4.62E-05
77,26,4.62E-05
45,81,4.61E-05
49,73,4.61E-05
38,54,4.60E-05
6,76,4.59E-05
33,56,4.58E-05
8,27,4.58E-05
55,62,4.58E-05
54,35,4.57E-05
41,43,4.56E-05
11,59,4.56E-05
26,55,4.55E-05
30,39,4.55E-05
60,38,4.55E-05
25,30,4.55E-05
60,31,4.52E-05
21,53,4.52E-05
28,77,4.51E-05
22,20,4.51E-05
7,68,4.50E-05
40,30,4.50E-05
58,28,4.49E-05
76,48,4.49E-05
49,51,4.48E-05
39,48,4.48E-05
53,34,4.47E-05
29,30,4.46E-05
52,47,4.46E-05
32,59,4.45E-05
53,45,4.44E-05
30,26,4.44E-05
9,36,4.44E-05
22,21,4.43E-05
34,81,4.43E-05
52,25,4.43E-05
62,63,4.42E-05
38,22,4.42E-05
48,36,4.40E-05
47,35,4.40E-05
43,35,4.39E-05
72,34,4.39E-05
59,47,4.38E-05
38,50,4.38E-05
66,70,4.37E-05
36,28,4.37E-05
19,44,4.37E-05
25,59,4.37E-05
41,69,4.36E-05
72,45,4.35E-05
59,25,4.35E-05
51,30,4.35E-05
63,39,4.34E-05
37,63,4.34E-05
44,44,4.32E-05
40,59,4.32E-05
18,37,4.31E-05
35,43,4.31E-05
31,53,4.31E-05
78,48,4.31E-05
81,70,4.30E-05
17,76,4.30E-05
56,29,4.30E-05
16,43,4.29E-05
12,17,4.29E-05
20,19,4.29E-05
29,59,4.28E-05
56,73,4.28E-05
33,55,4.27E-05
77,29,4.27E-05
77,73,4.26E-05
27,53,4.24E-05
63,26,4.24E-05
58,42,4.24E-05
69,63,4.23E-05
70,32,4.23E-05
8,41,4.22E-05
65,48,4.21E-05
58,52,4.20E-05
50,24,4.20E-05
42,36,4.19E-05
55,39,4.18E-05
10,71,4.18E-05
73,70,4.18E-05
51,59,4.18E-05
22,56,4.17E-05
56,51,4.17E-05
23,36,4.17E-05
24,16,4.16E-05
11,37,4.16E-05
38,46,4.15E-05
77,51,4.14E-05
28,81,4.14E-05
15,30,4.12E-05
35,69,4.12E-05
36,42,4.12E-05
38,58,4.12E-05
16,69,4.11E-05
30,29,4.10E-05
50,27,4.10E-05
12,33,4.10E-05
30,73,4.09E-05
36,52,4.09E-05
55,26,4.07E-05
32,37,4.06E-05
52,77,4.06E-05
45,54,4.04E-05
12,66,4.02E-05
62,40,4.01E-05
41,47,4.01E-05
9,70,4.01E-05
49,36,4.00E-05
66,43,4.00E-05
70,62,3.99E-05
59,77,3.99E-05
30,51,3.98E-05
25,37,3.98E-05
41,25,3.98E-05
48,70,3.97E-05
12,23,3.97E-05
15,59,3.96E-05
6,18,3.95E-05
40,37,3.94E-05
53,24,3.93E-05
37,40,3.93E-05
81,43,3.93E-05
10,68,3.92E-05
63,29,3.92E-05
8,35,3.91E-05
54,28,3.91E-05
63,73,3.91E-05
29,37,3.91E-05
76,49,3.90E-05
39,49,3.89E-05
22,55,3.89E-05
34,54,3.89E-05
26,44,3.89E-05
45,22,3.89E-05
72,24,3.86E-05
45,50,3.85E-05
53,27,3.85E-05
69,40,3.84E-05
66,69,3.83E-05
18,20,3.82E-05
73,43,3.82E-05
46,34,3.81E-05
51,37,3.81E-05
63,51,3.80E-05
35,47,3.79E-05
42,70,3.79E-05
50,41,3.78E-05
46,45,3.78E-05
72,27,3.77E-05
19,17,3.77E-05
16,47,3.77E-05
13,13,3.77E-05
55,29,3.77E-05
81,69,3.76E-05
35,25,3.76E-05
23,70,3.76E-05
18,21,3.76E-05
55,73,3.76E-05
47,28,3.76E-05
43,28,3.75E-05
16,25,3.74E-05
21,14,3.74E-05
78,49,3.74E-05
14,13,3.74E-05
34,22,3.74E-05
20,16,3.73E-05
44,17,3.73E-05
6,61,3.72E-05
52,81,3.72E-05
56,36,3.72E-05
6,78,3.72E-05
21,65,3.71E-05
34,50,3.70E-05
17,18,3.70E-05
77,36,3.70E-05
11,20,3.68E-05
54,42,3.68E-05
58,48,3.66E-05
9,43,3.66E-05
59,81,3.66E-05
65,49,3.66E-05
55,51,3.66E-05
54,52,3.65E-05
73,69,3.65E-05
45,46,3.65E-05
41,77,3.65E-05
33,44,3.65E-05
70,39,3.64E-05
48,43,3.63E-05
28,54,3.63E-05
11,21,3.62E-05
45,58,3.62E-05
6,64,3.62E-05
49,70,3.61E-05
15,37,3.61E-05
19,33,3.61E-05
32,20,3.60E-05
60,34,3.59E-05
31,14,3.57E-05
62,32,3.57E-05
44,33,3.57E-05
36,48,3.56E-05
60,45,3.56E-05
30,36,3.55E-05
70,26,3.55E-05
53,41,3.55E-05
47,42,3.54E-05
32,21,3.54E-05
19,66,3.54E-05
31,65,3.54E-05
43,42,3.54E-05
18,56,3.54E-05
25,20,3.53E-05
12,63,3.53E-05
27,14,3.51E-05
47,52,3.51E-05
66,47,3.51E-05
34,46,3.51E-05
24,60,3.51E-05
43,52,3.51E-05
9,69,3.50E-05
50,35,3.50E-05
44,66,3.50E-05
38,53,3.50E-05
37,32,3.50E-05
19,23,3.49E-05
40,20,3.49E-05
28,22,3.49E-05
66,25,3.49E-05
17,61,3.49E-05
27,65,3.48E-05
72,41,3.48E-05
17,78,3.48E-05
34,58,3.48E-05
48,69,3.48E-05
25,21,3.47E-05
29,20,3.46E-05
42,43,3.46E-05
28,50,3.45E-05
81,47,3.45E-05
44,23,3.45E-05
35,77,3.45E-05
23,43,3.44E-05
40,21,3.43E-05
76,30,3.43E-05
16,77,3.43E-05
81,25,3.43E-05
39,30,3.43E-05
69,32,3.41E-05
11,56,3.41E-05
29,21,3.40E-05
63,36,3.39E-05
17,64,3.39E-05
71,38,3.38E-05
13,76,3.38E-05
51,20,3.38E-05
64,38,3.37E-05
62,62,3.37E-05
71,31,3.36E-05
56,70,3.36E-05
73,47,3.35E-05
26,17,3.35E-05
46,24,3.35E-05
14,76,3.35E-05
64,31,3.35E-05
41,81,3.34E-05
8,28,3.34E-05
6,57,3.34E-05
77,70,3.34E-05
32,56,3.33E-05
73,25,3.33E-05
22,44,3.32E-05
51,21,3.32E-05
42,69,3.31E-05
37,62,3.30E-05
18,55,3.30E-05
49,43,3.30E-05
76,59,3.29E-05
78,30,3.29E-05
23,69,3.29E-05
39,59,3.29E-05
70,29,3.28E-05
53,35,3.28E-05
28,46,3.28E-05
46,27,3.28E-05
70,73,3.28E-05
25,56,3.27E-05
52,54,3.26E-05
55,36,3.26E-05
28,58,3.25E-05
40,56,3.23E-05
69,62,3.22E-05
72,35,3.22E-05
65,30,3.22E-05
9,47,3.22E-05
59,54,3.21E-05
30,70,3.21E-05
26,33,3.21E-05
29,56,3.20E-05
15,20,3.20E-05
12,40,3.20E-05
66,77,3.20E-05
9,25,3.19E-05
48,47,3.19E-05
6,72,3.19E-05
70,51,3.19E-05
54,48,3.18E-05
11,55,3.18E-05
58,49,3.18E-05
48,25,3.17E-05
21,19,3.17E-05
35,81,3.16E-05
60,24,3.16E-05
78,59,3.16E-05
49,69,3.16E-05
8,42,3.15E-05
20,60,3.15E-05
26,66,3.15E-05
15,21,3.15E-05
33,17,3.15E-05
16,81,3.15E-05
81,77,3.14E-05
52,22,3.14E-05
17,57,3.13E-05
8,52,3.12E-05
51,56,3.12E-05
32,55,3.11E-05
52,50,3.11E-05
26,23,3.10E-05
19,63,3.10E-05
36,49,3.10E-05
65,59,3.09E-05
60,27,3.09E-05
59,22,3.08E-05
45,53,3.08E-05
62,39,3.08E-05
44,63,3.07E-05
56,43,3.07E-05
47,48,3.06E-05
63,70,3.06E-05
43,48,3.06E-05
59,50,3.05E-05
73,77,3.05E-05
77,43,3.05E-05
25,55,3.05E-05
42,47,3.04E-05
46,41,3.02E-05
23,47,3.02E-05
31,19,3.02E-05
42,25,3.02E-05
37,39,3.01E-05
40,55,3.01E-05
33,33,3.01E-05
76,37,3.00E-05
23,25,3.00E-05
62,26,3.00E-05
39,37,3.00E-05
50,28,2.99E-05
29,55,2.99E-05
17,72,2.99E-05
27,19,2.97E-05
15,56,2.96E-05
34,53,2.96E-05
33,66,2.95E-05
52,46,2.95E-05
55,70,2.94E-05
69,39,2.94E-05
37,26,2.94E-05
56,69,2.93E-05
41,54,2.93E-05
66,81,2.93E-05
30,43,2.93E-05
9,77,2.93E-05
52,58,2.92E-05
77,69,2.92E-05
51,55,2.92E-05
33,23,2.91E-05
13,18,2.91E-05
48,77,2.91E-05
38,14,2.90E-05
49,47,2.90E-05
59,46,2.90E-05
14,18,2.88E-05
81,81,2.88E-05
78,37,2.88E-05
49,25,2.88E-05
38,65,2.87E-05
59,58,2.87E-05
69,26,2.87E-05
22,17,2.87E-05
60,41,2.85E-05
12,32,2.84E-05
70,36,2.84E-05
50,42,2.82E-05
41,22,2.82E-05
18,44,2.82E-05
65,37,2.82E-05
19,40,2.81E-05
53,28,2.81E-05
30,69,2.80E-05
50,52,2.80E-05
73,81,2.80E-05
58,30,2.80E-05
46,35,2.80E-05
63,43,2.80E-05
41,50,2.79E-05
61,38,2.79E-05
44,40,2.78E-05
61,31,2.77E-05
62,29,2.77E-05
35,54,2.77E-05
42,77,2.77E-05
54,49,2.77E-05
62,73,2.76E-05
28,53,2.76E-05
15,55,2.76E-05
24,13,2.76E-05
16,54,2.76E-05
21,16,2.76E-05
26,63,2.76E-05
72,28,2.75E-05
23,77,2.75E-05
22,33,2.74E-05
13,61,2.74E-05
13,78,2.74E-05
36,30,2.72E-05
8,48,2.72E-05
14,61,2.72E-05
37,29,2.72E-05
11,44,2.72E-05
14,78,2.71E-05
37,73,2.71E-05
56,47,2.69E-05
55,43,2.69E-05
62,51,2.69E-05
22,66,2.69E-05
58,59,2.69E-05
9,81,2.68E-05
12,62,2.68E-05
77,47,2.68E-05
63,69,2.68E-05
56,25,2.68E-05
71,34,2.67E-05
35,22,2.66E-05
48,81,2.66E-05
76,20,2.66E-05
13,64,2.66E-05
77,25,2.66E-05
64,34,2.66E-05
47,49,2.66E-05
39,20,2.66E-05
43,49,2.66E-05
32,44,2.65E-05
22,23,2.65E-05
69,29,2.65E-05
16,22,2.65E-05
41,46,2.65E-05
71,45,2.65E-05
53,42,2.65E-05
69,73,2.65E-05
14,64,2.64E-05
64,45,2.64E-05
35,50,2.64E-05
49,77,2.64E-05
37,51,2.64E-05
60,35,2.64E-05
31,16,2.63E-05
53,52,2.63E-05
16,50,2.63E-05
41,58,2.63E-05
76,21,2.62E-05
36,59,2.61E-05
39,21,2.61E-05
25,44,2.60E-05
72,42,2.59E-05
27,16,2.59E-05
33,63,2.59E-05
30,47,2.58E-05
72,52,2.58E-05
55,69,2.57E-05
69,51,2.57E-05
40,44,2.57E-05
66,54,2.57E-05
70,70,2.57E-05
30,25,2.56E-05
29,44,2.55E-05
78,20,2.55E-05
45,14,2.55E-05
42,81,2.54E-05
81,54,2.53E-05
45,65,2.53E-05
23,81,2.52E-05
78,21,2.51E-05
35,46,2.50E-05
26,40,2.50E-05
19,32,2.50E-05
68,38,2.50E-05
65,20,2.50E-05
16,46,2.49E-05
51,44,2.49E-05
52,53,2.48E-05
68,31,2.48E-05
35,58,2.48E-05
20,13,2.48E-05
24,76,2.47E-05
44,32,2.47E-05
66,22,2.47E-05
16,58,2.47E-05
76,56,2.46E-05
39,56,2.46E-05
13,57,2.46E-05
63,47,2.46E-05
73,54,2.46E-05
65,21,2.45E-05
38,19,2.45E-05
56,77,2.45E-05
34,14,2.45E-05
12,39,2.45E-05
58,37,2.45E-05
66,50,2.45E-05
59,53,2.44E-05
63,25,2.44E-05
50,48,2.44E-05
77,77,2.44E-05
14,57,2.44E-05
54,30,2.43E-05
81,22,2.43E-05
34,65,2.43E-05
18,17,2.43E-05
49,81,2.42E-05
81,50,2.41E-05
62,36,2.40E-05
46,28,2.39E-05
12,26,2.39E-05
36,37,2.38E-05
8,49,2.36E-05
55,47,2.36E-05
78,56,2.36E-05
73,22,2.36E-05
19,62,2.36E-05
15,44,2.36E-05
22,63,2.36E-05
9,54,2.35E-05
37,36,2.35E-05
13,72,2.35E-05
55,25,2.35E-05
33,40,2.35E-05
70,43,2.35E-05
71,24,2.35E-05
30,77,2.34E-05
11,17,2.34E-05
47,30,2.34E-05
64,24,2.34E-05
73,50,2.34E-05
43,30,2.34E-05
48,54,2.34E-05
54,59,2.33E-05
44,62,2.33E-05
14,72,2.33E-05
21,60,2.33E-05
18,33,2.32E-05
66,46,2.32E-05
65,56,2.31E-05
66,58,2.30E-05
76,55,2.30E-05
69,36,2.30E-05
39,55,2.29E-05
71,27,2.29E-05
28,14,2.29E-05
32,17,2.29E-05
53,48,2.29E-05
64,27,2.29E-05
81,46,2.28E-05
18,66,2.28E-05
28,65,2.27E-05
9,22,2.26E-05
81,58,2.26E-05
3,15,2.26E-05
46,42,2.25E-05
60,28,2.25E-05
18,23,2.25E-05
56,81,2.25E-05
48,22,2.25E-05
47,59,2.25E-05
25,17,2.24E-05
70,69,2.24E-05
72,48,2.24E-05
43,59,2.24E-05
9,50,2.24E-05
11,33,2.24E-05
46,52,2.24E-05
63,77,2.24E-05
77,81,2.24E-05
41,53,2.23E-05
42,54,2.23E-05
48,50,2.22E-05
26,32,2.22E-05
40,17,2.22E-05
73,46,2.22E-05
20,76,2.22E-05
31,60,2.22E-05
23,54,2.21E-05
12,29,2.21E-05
78,55,2.20E-05
12,73,2.20E-05
61,34,2.20E-05
29,17,2.20E-05
11,66,2.20E-05
73,58,2.20E-05
32,33,2.19E-05
61,45,2.19E-05
27,60,2.18E-05
58,20,2.17E-05
11,23,2.17E-05
62,70,2.17E-05
45,19,2.16E-05
65,55,2.16E-05
19,39,2.16E-05
55,77,2.15E-05
30,81,2.15E-05
32,66,2.15E-05
51,17,2.15E-05
25,33,2.15E-05
12,51,2.14E-05
42,22,2.14E-05
22,40,2.14E-05
38,16,2.14E-05
58,21,2.13E-05
44,39,2.13E-05
24,18,2.13E-05
54,37,2.13E-05
9,46,2.13E-05
23,22,2.12E-05
60,42,2.12E-05
37,70,2.12E-05
40,33,2.12E-05
49,54,2.12E-05
32,23,2.12E-05
50,49,2.12E-05
42,50,2.12E-05
71,41,2.12E-05
36,20,2.11E-05
48,46,2.11E-05
35,53,2.11E-05
64,41,2.11E-05
60,52,2.11E-05
9,58,2.11E-05
25,66,2.11E-05
29,33,2.11E-05
23,50,2.10E-05
6,71,2.10E-05
19,26,2.10E-05
16,53,2.10E-05
26,62,2.10E-05
48,58,2.09E-05
33,32,2.09E-05
40,66,2.08E-05
8,30,2.08E-05
44,26,2.08E-05
25,23,2.08E-05
36,21,2.08E-05
34,19,2.07E-05
69,70,2.07E-05
29,66,2.07E-05
70,47,2.06E-05
52,14,2.06E-05
40,23,2.05E-05
51,33,2.05E-05
63,81,2.05E-05
3,10,2.05E-05
47,37,2.05E-05
70,25,2.05E-05
43,37,2.05E-05
52,65,2.04E-05
49,22,2.04E-05
29,23,2.04E-05
15,17,2.03E-05
59,14,2.02E-05
49,50,2.02E-05
51,66,2.02E-05
42,46,2.01E-05
58,56,2.01E-05
24,61,2.01E-05
59,65,2.01E-05
24,78,2.00E-05
18,63,2.00E-05
23,46,2.00E-05
8,59,2.00E-05
42,58,1.99E-05
51,23,1.99E-05
53,49,1.99E-05
62,43,1.98E-05
23,58,1.98E-05
6,68,1.97E-05
55,81,1.97E-05
56,54,1.97E-05
68,34,1.97E-05
33,62,1.97E-05
17,71,1.97E-05
76,44,1.96E-05
77,54,1.96E-05
39,44,1.96E-05
66,53,1.96E-05
71,35,1.96E-05
68,45,1.96E-05
36,56,1.95E-05
64,35,1.95E-05
24,64,1.95E-05
46,48,1.95E-05
72,49,1.95E-05
15,33,1.95E-05
19,29,1.94E-05
37,43,1.94E-05
19,73,1.94E-05
61,24,1.94E-05
28,19,1.94E-05
11,63,1.93E-05
81,53,1.93E-05
44,29,1.92E-05
49,46,1.92E-05
44,73,1.92E-05
26,39,1.92E-05
12,36,1.91E-05
15,66,1.91E-05
57,38,1.91E-05
20,18,1.91E-05
22,32,1.90E-05
49,58,1.90E-05
57,31,1.90E-05
56,22,1.90E-05
62,69,1.89E-05
69,43,1.89E-05
61,27,1.89E-05
54,20,1.89E-05
19,51,1.89E-05
77,22,1.89E-05
30,54,1.89E-05
15,23,1.88E-05
32,63,1.88E-05
78,44,1.88E-05
45,16,1.88E-05
56,50,1.88E-05
70,77,1.88E-05
58,55,1.87E-05
73,53,1.87E-05
26,26,1.87E-05
77,50,1.87E-05
44,51,1.87E-05
50,30,1.86E-05
37,69,1.86E-05
54,21,1.86E-05
41,14,1.85E-05
17,68,1.85E-05
25,63,1.85E-05
65,44,1.84E-05
60,48,1.84E-05
41,65,1.83E-05
21,13,1.83E-05
40,63,1.82E-05
36,55,1.82E-05
8,37,1.82E-05
47,20,1.81E-05
43,20,1.81E-05
69,69,1.81E-05
18,40,1.81E-05
30,22,1.81E-05
29,63,1.81E-05
34,16,1.81E-05
38,60,1.80E-05
24,57,1.80E-05
20,61,1.80E-05
63,54,1.80E-05
33,39,1.80E-05
20,78,1.80E-05
30,50,1.79E-05
22,62,1.79E-05
9,53,1.79E-05
50,59,1.79E-05
47,21,1.78E-05
43,21,1.78E-05
56,46,1.78E-05
48,53,1.78E-05
7,15,1.78E-05
77,46,1.77E-05
56,58,1.77E-05
51,63,1.77E-05
77,58,1.76E-05
33,26,1.75E-05
35,14,1.75E-05
53,30,1.75E-05
20,64,1.75E-05
11,40,1.75E-05
61,41,1.75E-05
54,56,1.75E-05
31,13,1.74E-05
52,19,1.74E-05
16,14,1.74E-05
62,47,1.74E-05
68,24,1.73E-05
35,65,1.73E-05
55,54,1.73E-05
63,22,1.73E-05
26,29,1.73E-05
62,25,1.73E-05
12,70,1.73E-05
16,65,1.73E-05
26,73,1.72E-05
24,72,1.72E-05
70,81,1.72E-05
27,13,1.72E-05
72,30,1.71E-05
63,50,1.71E-05
59,19,1.71E-05
32,40,1.71E-05
37,47,1.71E-05
30,46,1.70E-05
68,27,1.69E-05
42,53,1.69E-05
37,25,1.69E-05
76,17,1.69E-05
46,49,1.69E-05
39,17,1.69E-05
30,58,1.69E-05
28,16,1.69E-05
23,53,1.68E-05
19,36,1.68E-05
47,56,1.68E-05
53,59,1.68E-05
43,56,1.68E-05
26,51,1.68E-05
25,40,1.67E-05
71,28,1.67E-05
15,63,1.67E-05
64,28,1.67E-05
69,47,1.66E-05
44,36,1.66E-05
55,22,1.66E-05
40,40,1.66E-05
69,25,1.65E-05
55,50,1.65E-05
72,59,1.64E-05
29,40,1.64E-05
21,76,1.64E-05
22,39,1.64E-05
50,37,1.63E-05
54,55,1.63E-05
63,46,1.63E-05
78,17,1.62E-05
66,14,1.62E-05
33,29,1.62E-05
76,33,1.62E-05
61,35,1.62E-05
33,73,1.62E-05
49,53,1.62E-05
39,33,1.62E-05
20,57,1.61E-05
8,20,1.61E-05
18,32,1.61E-05
7,10,1.61E-05
63,58,1.61E-05
66,65,1.61E-05
51,40,1.60E-05
58,44,1.60E-05
22,26,1.60E-05
60,49,1.59E-05
81,14,1.59E-05
76,66,1.59E-05
65,17,1.59E-05
8,21,1.59E-05
39,66,1.59E-05
45,60,1.58E-05
62,77,1.58E-05
81,65,1.58E-05
12,43,1.58E-05
71,42,1.58E-05
64,42,1.57E-05
33,51,1.57E-05
47,55,1.57E-05
76,23,1.57E-05
43,55,1.57E-05
71,52,1.57E-05
41,19,1.57E-05
39,23,1.56E-05
68,41,1.56E-05
55,46,1.56E-05
31,76,1.56E-05
64,52,1.56E-05
36,44,1.56E-05
11,32,1.55E-05
78,33,1.55E-05
37,77,1.55E-05
10,15,1.55E-05
55,58,1.55E-05
73,14,1.55E-05
13,71,1.55E-05
20,72,1.54E-05
27,76,1.54E-05
14,71,1.54E-05
73,65,1.54E-05
53,37,1.53E-05
78,66,1.52E-05
34,60,1.52E-05
18,62,1.52E-05
19,70,1.52E-05
65,33,1.52E-05
32,32,1.52E-05
15,40,1.52E-05
52,16,1.52E-05
69,77,1.51E-05
12,69,1.51E-05
70,54,1.51E-05
57,34,1.51E-05
78,23,1.50E-05
56,53,1.50E-05
44,70,1.50E-05
72,37,1.50E-05
26,36,1.50E-05
57,45,1.50E-05
77,53,1.49E-05
8,56,1.49E-05
59,16,1.49E-05
65,66,1.49E-05
46,30,1.49E-05
25,32,1.49E-05
9,14,1.49E-05
35,19,1.48E-05
22,29,1.48E-05
48,14,1.47E-05
22,73,1.47E-05
9,65,1.47E-05
16,19,1.47E-05
40,32,1.47E-05
65,23,1.47E-05
11,62,1.47E-05
48,65,1.46E-05
29,32,1.46E-05
13,68,1.45E-05
62,81,1.45E-05
70,22,1.45E-05
68,35,1.45E-05
50,20,1.45E-05
14,68,1.44E-05
70,50,1.44E-05
30,53,1.44E-05
22,51,1.43E-05
32,62,1.43E-05
46,59,1.43E-05
51,32,1.42E-05
37,81,1.42E-05
28,60,1.42E-05
50,21,1.42E-05
38,13,1.42E-05
21,18,1.41E-05
25,62,1.40E-05
10,10,1.40E-05
42,14,1.40E-05
60,30,1.40E-05
33,36,1.40E-05
23,14,1.39E-05
8,55,1.39E-05
76,63,1.39E-05
42,65,1.39E-05
54,44,1.39E-05
39,63,1.39E-05
69,81,1.39E-05
40,62,1.39E-05
18,39,1.39E-05
19,43,1.39E-05
12,47,1.39E-05
23,65,1.38E-05
61,28,1.38E-05
58,17,1.38E-05
29,62,1.38E-05
12,25,1.38E-05
44,43,1.37E-05
66,19,1.37E-05
63,53,1.37E-05
71,48,1.36E-05
41,16,1.36E-05
70,46,1.36E-05
64,48,1.36E-05
53,20,1.36E-05
18,26,1.35E-05
70,58,1.35E-05
26,70,1.35E-05
15,32,1.35E-05
81,19,1.35E-05
60,59,1.35E-05
31,18,1.35E-05
51,62,1.34E-05
36,17,1.34E-05
11,39,1.34E-05
49,14,1.34E-05
50,56,1.34E-05
47,44,1.34E-05
43,44,1.34E-05
78,63,1.33E-05
53,21,1.33E-05
21,61,1.33E-05
72,20,1.33E-05
19,69,1.33E-05
21,78,1.33E-05
49,65,1.33E-05
57,24,1.32E-05
27,18,1.32E-05
58,33,1.32E-05
55,53,1.32E-05
44,69,1.31E-05
73,19,1.31E-05
32,39,1.31E-05
72,21,1.31E-05
11,26,1.31E-05
65,63,1.31E-05
46,37,1.30E-05
61,42,1.30E-05
58,66,1.30E-05
57,27,1.30E-05
61,52,1.29E-05
21,64,1.29E-05
35,16,1.29E-05
36,33,1.28E-05
25,39,1.28E-05
16,16,1.28E-05
52,60,1.28E-05
22,36,1.28E-05
58,23,1.28E-05
32,26,1.28E-05
62,54,1.27E-05
15,62,1.27E-05
38,76,1.27E-05
40,39,1.27E-05
31,61,1.27E-05
33,70,1.27E-05
31,78,1.27E-05
76,40,1.26E-05
12,77,1.26E-05
36,66,1.26E-05
39,40,1.26E-05
29,39,1.26E-05
59,60,1.26E-05
9,19,1.26E-05
53,56,1.26E-05
18,29,1.25E-05
25,26,1.25E-05
50,55,1.25E-05
27,61,1.25E-05
18,73,1.25E-05
37,54,1.25E-05
48,19,1.25E-05
27,78,1.25E-05
45,13,1.25E-05
56,14,1.24E-05
36,23,1.24E-05
77,14,1.24E-05
40,26,1.24E-05
68,28,1.24E-05
26,43,1.23E-05
56,65,1.23E-05
31,64,1.23E-05
72,56,1.23E-05
60,37,1.23E-05
51,39,1.23E-05
29,26,1.23E-05
77,65,1.23E-05
62,22,1.22E-05
19,47,1.22E-05
69,54,1.22E-05
18,51,1.22E-05
27,64,1.21E-05
62,50,1.21E-05
19,25,1.21E-05
78,40,1.21E-05
11,29,1.21E-05
44,47,1.21E-05
11,73,1.20E-05
54,17,1.20E-05
37,22,1.20E-05
34,13,1.20E-05
44,25,1.20E-05
51,26,1.20E-05
57,41,1.20E-05
66,16,1.19E-05
21,57,1.19E-05
8,44,1.19E-05
30,14,1.19E-05
37,50,1.19E-05
42,19,1.19E-05
71,49,1.18E-05
65,40,1.18E-05
64,49,1.18E-05
26,69,1.18E-05
32,29,1.18E-05
23,19,1.18E-05
30,65,1.18E-05
32,73,1.18E-05
81,16,1.17E-05
11,51,1.17E-05
53,55,1.17E-05
69,22,1.17E-05
68,42,1.17E-05
15,39,1.16E-05
69,50,1.16E-05
33,43,1.16E-05
68,52,1.16E-05
12,81,1.16E-05
25,29,1.16E-05
46,20,1.16E-05
47,17,1.15E-05
22,70,1.15E-05
25,73,1.15E-05
43,17,1.15E-05
62,46,1.15E-05
41,60,1.15E-05
70,53,1.15E-05
72,55,1.15E-05
54,33,1.15E-05
32,51,1.14E-05
40,29,1.14E-05
73,16,1.14E-05
40,73,1.14E-05
62,58,1.14E-05
21,72,1.14E-05
31,57,1.14E-05
46,21,1.14E-05
58,63,1.14E-05
63,14,1.13E-05
29,29,1.13E-05
24,71,1.13E-05
15,26,1.13E-05
49,19,1.13E-05
29,73,1.13E-05
37,46,1.13E-05
61,48,1.13E-05
54,66,1.13E-05
63,65,1.12E-05
76,32,1.12E-05
25,51,1.12E-05
39,32,1.12E-05
27,57,1.12E-05
28,13,1.12E-05
37,58,1.12E-05
45,76,1.12E-05
54,23,1.11E-05
40,51,1.11E-05
19,77,1.11E-05
33,69,1.11E-05
51,29,1.11E-05
57,35,1.11E-05
36,63,1.10E-05
47,33,1.10E-05
51,73,1.10E-05
43,33,1.10E-05
29,51,1.10E-05
69,46,1.10E-05
44,77,1.10E-05
9,16,1.09E-05
38,18,1.09E-05
55,14,1.09E-05
69,58,1.09E-05
60,20,1.09E-05
31,72,1.09E-05
35,60,1.09E-05
48,16,1.09E-05
26,47,1.08E-05
18,36,1.08E-05
47,66,1.08E-05
43,66,1.08E-05
55,65,1.08E-05
16,60,1.08E-05
26,25,1.08E-05
78,32,1.08E-05
34,76,1.07E-05
51,51,1.07E-05
60,21,1.07E-05
27,72,1.07E-05
46,56,1.07E-05
47,23,1.07E-05
43,23,1.07E-05
50,44,1.07E-05
24,68,1.06E-05
76,62,1.06E-05
39,62,1.06E-05
22,43,1.05E-05
65,32,1.05E-05
56,19,1.05E-05
15,29,1.05E-05
77,19,1.05E-05
15,73,1.05E-05
11,36,1.05E-05
71,30,1.04E-05
64,30,1.04E-05
42,16,1.03E-05
38,61,1.03E-05
58,40,1.03E-05
38,78,1.03E-05
23,16,1.03E-05
8,17,1.03E-05
32,36,1.02E-05
19,81,1.02E-05
15,51,1.02E-05
33,47,1.02E-05
20,71,1.02E-05
78,62,1.02E-05
12,54,1.01E-05
33,25,1.01E-05
22,69,1.01E-05
68,48,1.01E-05
66,60,1.01E-05
60,56,1.01E-05
44,81,1.01E-05
52,13,1.01E-05
30,19,1.01E-05
28,76,1.00E-05
36,40,1.00E-05
38,64,1.00E-05
25,36,1.00E-05
71,59,1.00E-05
53,44,1.00E-05
46,55,9.98E-06
64,59,9.98E-06
65,62,9.93E-06
81,60,9.91E-06
40,36,9.90E-06
59,13,9.89E-06
54,63,9.87E-06
26,77,9.86E-06
49,16,9.86E-06
29,36,9.82E-06
8,33,9.81E-06
72,44,9.80E-06
61,49,9.78E-06
18,70,9.78E-06
12,22,9.76E-06
62,53,9.70E-06
76,39,9.68E-06
12,50,9.66E-06
39,39,9.66E-06
8,66,9.63E-06
73,60,9.62E-06
45,18,9.61E-06
63,19,9.60E-06
51,36,9.58E-06
20,68,9.54E-06
70,14,9.52E-06
37,53,9.50E-06
8,23,9.50E-06
47,63,9.49E-06
43,63,9.48E-06
57,28,9.45E-06
11,70,9.43E-06
76,26,9.43E-06
70,65,9.43E-06
39,26,9.42E-06
60,55,9.40E-06
69,53,9.28E-06
78,39,9.28E-06
22,47,9.27E-06
33,77,9.26E-06
38,57,9.24E-06
34,18,9.24E-06
55,19,9.23E-06
9,60,9.23E-06
32,70,9.21E-06
22,25,9.20E-06
50,17,9.20E-06
12,46,9.17E-06
56,16,9.16E-06
48,60,9.16E-06
58,32,9.15E-06
71,37,9.12E-06
77,16,9.11E-06
64,37,9.10E-06
12,58,9.08E-06
15,36,9.07E-06
65,39,9.07E-06
45,61,9.06E-06
45,78,9.05E-06
26,81,9.05E-06
78,26,9.04E-06
41,13,9.04E-06
25,70,9.04E-06
52,76,9.01E-06
54,40,8.95E-06
18,43,8.94E-06
40,70,8.94E-06
19,54,8.92E-06
57,42,8.91E-06
36,32,8.91E-06
29,70,8.86E-06
59,76,8.86E-06
65,26,8.85E-06
57,52,8.84E-06
38,72,8.83E-06
44,54,8.83E-06
45,64,8.80E-06
50,33,8.79E-06
30,16,8.76E-06
68,49,8.75E-06
76,29,8.72E-06
42,60,8.72E-06
34,61,8.71E-06
39,29,8.71E-06
76,73,8.70E-06
34,78,8.70E-06
39,73,8.68E-06
23,60,8.66E-06
51,70,8.64E-06
58,62,8.64E-06
50,66,8.63E-06
28,18,8.63E-06
53,17,8.63E-06
11,43,8.62E-06
47,40,8.61E-06
61,30,8.61E-06
43,40,8.60E-06
19,22,8.58E-06
18,69,8.56E-06
35,13,8.55E-06
46,44,8.52E-06
50,23,8.51E-06
16,13,8.51E-06
19,50,8.49E-06
33,81,8.49E-06
44,22,8.49E-06
76,51,8.46E-06
34,64,8.46E-06
72,17,8.46E-06
39,51,8.45E-06
8,63,8.44E-06
22,77,8.43E-06
32,43,8.42E-06
36,62,8.41E-06
44,50,8.40E-06
78,29,8.36E-06
63,16,8.36E-06
78,73,8.34E-06
49,60,8.32E-06
61,59,8.26E-06
25,43,8.26E-06
11,69,8.25E-06
53,33,8.25E-06
15,70,8.19E-06
65,29,8.18E-06
40,43,8.17E-06
65,73,8.16E-06
28,61,8.13E-06
45,57,8.13E-06
28,78,8.12E-06
78,51,8.12E-06
41,76,8.10E-06
29,43,8.10E-06
53,66,8.10E-06
72,33,8.09E-06
71,20,8.08E-06
64,20,8.06E-06
19,46,8.06E-06
32,69,8.06E-06
70,19,8.05E-06
55,16,8.04E-06
62,14,8.03E-06
60,44,8.02E-06
19,58,7.99E-06
53,23,7.99E-06
44,46,7.98E-06
62,65,7.96E-06
54,32,7.96E-06
71,21,7.95E-06
65,51,7.94E-06
72,66,7.94E-06
26,54,7.93E-06
64,21,7.93E-06
66,13,7.93E-06
25,69,7.90E-06
44,58,7.90E-06
28,64,7.90E-06
51,43,7.90E-06
58,39,7.89E-06
37,14,7.87E-06
18,47,7.86E-06
72,23,7.83E-06
40,69,7.81E-06
34,57,7.81E-06
37,65,7.80E-06
18,25,7.80E-06
81,13,7.79E-06
6,15,7.79E-06
45,72,7.76E-06
52,18,7.76E-06
29,69,7.75E-06
22,81,7.73E-06
56,60,7.73E-06
12,53,7.73E-06
57,48,7.71E-06
68,30,7.70E-06
58,26,7.69E-06
77,60,7.69E-06
69,14,7.69E-06
36,39,7.68E-06
35,76,7.66E-06
8,40,7.65E-06
47,32,7.65E-06
43,32,7.64E-06
59,18,7.63E-06
26,22,7.63E-06
16,76,7.62E-06
69,65,7.62E-06
11,47,7.58E-06
73,13,7.57E-06
50,63,7.56E-06
51,69,7.56E-06
26,50,7.55E-06
76,36,7.55E-06
39,36,7.54E-06
61,37,7.53E-06
11,25,7.52E-06
54,62,7.51E-06
21,71,7.51E-06
36,26,7.49E-06
15,43,7.49E-06
71,56,7.48E-06
34,72,7.46E-06
64,56,7.46E-06
33,54,7.45E-06
32,47,7.40E-06
68,59,7.39E-06
30,60,7.39E-06
32,25,7.35E-06
46,17,7.35E-06
52,61,7.31E-06
52,78,7.30E-06
17,15,7.30E-06
28,57,7.30E-06
9,13,7.26E-06
25,47,7.26E-06
78,36,7.24E-06
47,62,7.22E-06
43,62,7.21E-06
25,25,7.21E-06
48,13,7.20E-06
59,61,7.19E-06
59,78,7.18E-06
40,47,7.18E-06
26,46,7.17E-06
31,71,7.16E-06
15,69,7.16E-06
33,22,7.16E-06
18,77,7.15E-06
40,25,7.13E-06
29,47,7.12E-06
58,29,7.11E-06
52,64,7.10E-06
66,76,7.10E-06
26,58,7.10E-06
58,73,7.09E-06
53,63,7.09E-06
33,50,7.09E-06
65,36,7.08E-06
29,25,7.07E-06
6,10,7.06E-06
27,71,7.05E-06
63,60,7.05E-06
21,68,7.05E-06
46,33,7.02E-06
70,16,7.01E-06
59,64,6.98E-06
81,76,6.98E-06
71,55,6.98E-06
41,18,6.97E-06
28,72,6.97E-06
64,55,6.96E-06
72,63,6.95E-06
51,47,6.94E-06
36,29,6.92E-06
60,17,6.92E-06
36,73,6.90E-06
58,51,6.90E-06
11,77,6.90E-06
46,66,6.90E-06
51,25,6.89E-06
42,13,6.86E-06
54,39,6.86E-06
50,40,6.86E-06
23,13,6.82E-06
76,70,6.82E-06
8,32,6.80E-06
39,70,6.80E-06
46,23,6.80E-06
19,53,6.80E-06
62,19,6.79E-06
22,54,6.78E-06
73,76,6.78E-06
55,60,6.78E-06
68,37,6.74E-06
32,77,6.73E-06
33,46,6.73E-06
31,68,6.72E-06
44,53,6.72E-06
36,51,6.72E-06
57,49,6.69E-06
54,26,6.69E-06
61,20,6.68E-06
33,58,6.66E-06
37,19,6.66E-06
60,33,6.62E-06
27,68,6.62E-06
17,10,6.61E-06
25,77,6.60E-06
47,39,6.60E-06
35,18,6.59E-06
43,39,6.59E-06
15,47,6.58E-06
41,61,6.58E-06
61,21,6.57E-06
41,78,6.56E-06
52,57,6.56E-06
16,18,6.56E-06
18,81,6.56E-06
49,13,6.54E-06
78,70,6.53E-06
15,25,6.53E-06
40,77,6.53E-06
22,22,6.52E-06
9,76,6.50E-06
69,19,6.50E-06
60,66,6.50E-06
29,77,6.48E-06
22,50,6.46E-06
48,76,6.45E-06
59,57,6.45E-06
53,40,6.43E-06
47,26,6.43E-06
43,26,6.42E-06
8,62,6.42E-06
60,23,6.41E-06
12,14,6.40E-06
65,70,6.39E-06
41,64,6.39E-06
12,65,6.34E-06
11,81,6.32E-06
51,77,6.32E-06
72,40,6.31E-06
52,72,6.27E-06
76,43,6.23E-06
39,43,6.22E-06
35,61,6.21E-06
35,78,6.20E-06
54,29,6.18E-06
16,61,6.18E-06
61,56,6.18E-06
32,81,6.18E-06
16,78,6.17E-06
54,73,6.17E-06
59,72,6.16E-06
58,36,6.16E-06
42,76,6.15E-06
22,46,6.13E-06
66,18,6.11E-06
23,76,6.11E-06
50,32,6.10E-06
56,13,6.08E-06
22,58,6.07E-06
25,81,6.06E-06
77,13,6.05E-06
26,53,6.04E-06
46,63,6.04E-06
35,64,6.03E-06
81,18,6.01E-06
16,64,6.01E-06
54,51,6.00E-06
36,36,5.99E-06
40,81,5.99E-06
15,77,5.99E-06
68,20,5.97E-06
78,43,5.97E-06
76,69,5.96E-06
71,44,5.96E-06
39,69,5.95E-06
47,29,5.95E-06
64,44,5.94E-06
43,29,5.94E-06
29,81,5.94E-06
47,73,5.93E-06
43,73,5.92E-06
62,16,5.92E-06
70,60,5.91E-06
41,57,5.90E-06
57,30,5.89E-06
68,21,5.88E-06
8,39,5.86E-06
49,76,5.86E-06
65,43,5.84E-06
73,18,5.84E-06
38,71,5.82E-06
30,13,5.81E-06
37,16,5.80E-06
51,81,5.79E-06
47,51,5.77E-06
61,55,5.77E-06
43,51,5.76E-06
66,61,5.76E-06
50,62,5.76E-06
66,78,5.75E-06
18,54,5.75E-06
13,15,5.74E-06
53,32,5.72E-06
8,26,5.72E-06
78,69,5.71E-06
60,63,5.69E-06
14,15,5.69E-06
33,53,5.67E-06
81,61,5.67E-06
69,16,5.66E-06
81,78,5.66E-06
57,59,5.65E-06
41,72,5.63E-06
19,14,5.63E-06
72,32,5.61E-06
9,18,5.60E-06
66,64,5.60E-06
65,69,5.59E-06
19,65,5.58E-06
35,57,5.57E-06
44,14,5.57E-06
58,70,5.56E-06
48,18,5.56E-06
16,57,5.55E-06
63,13,5.55E-06
11,54,5.55E-06
68,56,5.53E-06
18,22,5.53E-06
44,65,5.52E-06
81,64,5.50E-06
73,61,5.50E-06
73,78,5.49E-06
15,81,5.49E-06
46,40,5.48E-06
18,50,5.47E-06
76,47,5.47E-06
39,47,5.46E-06
38,68,5.46E-06
56,76,5.45E-06
76,25,5.43E-06
39,25,5.42E-06
77,76,5.42E-06
32,54,5.42E-06
12,19,5.41E-06
36,70,5.41E-06
53,62,5.40E-06
54,36,5.35E-06
73,64,5.35E-06
55,13,5.34E-06
11,22,5.33E-06
3,12,5.33E-06
35,72,5.32E-06
25,54,5.31E-06
16,72,5.30E-06
72,62,5.29E-06
42,18,5.29E-06
8,29,5.29E-06
11,50,5.28E-06
9,61,5.28E-06
8,73,5.27E-06
9,78,5.27E-06
50,39,5.26E-06
23,18,5.26E-06
40,54,5.25E-06
78,47,5.25E-06
48,61,5.24E-06
48,78,5.23E-06
29,54,5.21E-06
78,25,5.21E-06
32,22,5.21E-06
30,76,5.21E-06
13,10,5.20E-06
18,46,5.20E-06
66,57,5.17E-06
22,53,5.16E-06
60,40,5.16E-06
68,55,5.16E-06
14,10,5.16E-06
32,50,5.16E-06
57,37,5.15E-06
18,58,5.15E-06
47,36,5.15E-06
43,36,5.14E-06
71,17,5.14E-06
65,47,5.13E-06
8,51,5.13E-06
64,17,5.13E-06
9,64,5.13E-06
50,26,5.12E-06
45,71,5.12E-06
25,22,5.11E-06
65,25,5.10E-06
48,64,5.09E-06
81,57,5.08E-06
51,54,5.08E-06
58,43,5.08E-06
25,50,5.06E-06
40,22,5.05E-06
49,18,5.05E-06
11,46,5.01E-06
29,22,5.01E-06
26,14,5.01E-06
40,50,5.00E-06
62,60,4.99E-06
42,61,4.99E-06
76,77,4.98E-06
42,78,4.98E-06
39,77,4.97E-06
63,76,4.97E-06
11,58,4.96E-06
26,65,4.96E-06
29,50,4.96E-06
23,61,4.95E-06
23,78,4.95E-06
36,43,4.94E-06
66,72,4.94E-06
73,57,4.94E-06
53,39,4.93E-06
61,44,4.92E-06
34,71,4.92E-06
71,33,4.92E-06
64,33,4.90E-06
32,46,4.89E-06
37,60,4.89E-06
51,22,4.88E-06
46,32,4.87E-06
58,69,4.86E-06
81,72,4.85E-06
32,58,4.85E-06
42,64,4.84E-06
51,50,4.84E-06
72,39,4.83E-06
54,70,4.83E-06
71,66,4.83E-06
15,54,4.82E-06
64,66,4.81E-06
23,64,4.81E-06
53,26,4.81E-06
45,68,4.80E-06
25,46,4.80E-06
55,76,4.78E-06
78,77,4.78E-06
69,60,4.77E-06
19,19,4.76E-06
71,23,4.76E-06
49,61,4.76E-06
25,58,4.75E-06
49,78,4.75E-06
64,23,4.75E-06
40,46,4.75E-06
50,29,4.74E-06
9,57,4.73E-06
36,69,4.73E-06
50,73,4.73E-06
12,16,4.72E-06
73,72,4.72E-06
72,26,4.71E-06
44,19,4.71E-06
29,46,4.71E-06
40,58,4.70E-06
48,57,4.70E-06
33,14,4.70E-06
56,18,4.69E-06
65,77,4.67E-06
29,58,4.66E-06
77,18,4.66E-06
33,65,4.66E-06
70,13,4.65E-06
47,70,4.65E-06
43,70,4.64E-06
15,22,4.63E-06
49,64,4.62E-06
34,68,4.62E-06
50,51,4.60E-06
46,62,4.60E-06
28,71,4.59E-06
51,46,4.59E-06
60,32,4.59E-06
15,50,4.58E-06
8,36,4.58E-06
76,81,4.57E-06
57,20,4.57E-06
39,81,4.56E-06
51,58,4.55E-06
9,72,4.52E-06
57,21,4.49E-06
48,72,4.49E-06
30,18,4.48E-06
42,57,4.47E-06
58,47,4.46E-06
53,29,4.45E-06
23,57,4.44E-06
53,73,4.43E-06
58,25,4.43E-06
56,61,4.42E-06
54,43,4.42E-06
56,78,4.41E-06
68,44,4.40E-06
77,61,4.40E-06
77,78,4.39E-06
78,81,4.38E-06
18,53,4.38E-06
72,29,4.36E-06
15,46,4.35E-06
72,73,4.35E-06
36,47,4.34E-06
60,62,4.33E-06
36,25,4.31E-06
53,51,4.31E-06
28,68,4.31E-06
15,58,4.31E-06
56,64,4.29E-06
65,81,4.28E-06
22,14,4.28E-06
63,18,4.28E-06
42,72,4.27E-06
77,64,4.27E-06
49,57,4.27E-06
61,17,4.25E-06
47,43,4.25E-06
23,72,4.24E-06
43,43,4.24E-06
22,65,4.24E-06
26,19,4.23E-06
72,51,4.23E-06
71,63,4.23E-06
57,56,4.23E-06
54,69,4.23E-06
30,61,4.23E-06
11,53,4.22E-06
30,78,4.22E-06
64,63,4.22E-06
24,15,4.20E-06
46,39,4.20E-06
7,12,4.19E-06
70,76,4.17E-06
19,16,4.15E-06
52,71,4.13E-06
8,70,4.13E-06
32,53,4.12E-06
55,18,4.11E-06
30,64,4.10E-06
44,16,4.10E-06
50,36,4.10E-06
46,26,4.09E-06
49,72,4.08E-06
47,69,4.06E-06
58,77,4.06E-06
59,71,4.06E-06
61,33,4.06E-06
43,69,4.06E-06
25,53,4.04E-06
63,61,4.03E-06
63,78,4.03E-06
76,54,4.01E-06
40,53,4.00E-06
39,54,4.00E-06
61,66,3.99E-06
12,60,3.98E-06
33,19,3.97E-06
29,53,3.97E-06
56,57,3.97E-06
60,39,3.96E-06
36,77,3.95E-06
57,55,3.94E-06
77,57,3.94E-06
61,23,3.93E-06
62,13,3.93E-06
63,64,3.92E-06
54,47,3.88E-06
55,61,3.88E-06
52,68,3.88E-06
55,78,3.87E-06
51,53,3.87E-06
60,26,3.86E-06
54,25,3.85E-06
76,22,3.85E-06
37,13,3.85E-06
53,36,3.85E-06
39,22,3.84E-06
78,54,3.84E-06
71,40,3.83E-06
64,40,3.82E-06
76,50,3.81E-06
59,68,3.81E-06
24,10,3.81E-06
39,50,3.81E-06
68,17,3.80E-06
30,57,3.79E-06
56,72,3.79E-06
46,29,3.79E-06
8,43,3.78E-06
46,73,3.77E-06
72,36,3.77E-06
20,15,3.77E-06
55,64,3.77E-06
77,72,3.77E-06
65,54,3.76E-06
69,13,3.76E-06
47,47,3.73E-06
43,47,3.73E-06
58,81,3.72E-06
41,71,3.71E-06
47,25,3.71E-06
50,70,3.70E-06
43,25,3.70E-06
78,22,3.69E-06
26,16,3.69E-06
46,51,3.67E-06
15,53,3.67E-06
78,50,3.66E-06
10,12,3.65E-06
68,33,3.63E-06
18,14,3.63E-06
36,81,3.62E-06
30,72,3.62E-06
76,46,3.62E-06
22,19,3.62E-06
63,57,3.62E-06
39,46,3.61E-06
8,69,3.61E-06
65,22,3.61E-06
18,65,3.60E-06
70,18,3.59E-06
76,58,3.59E-06
39,58,3.58E-06
65,50,3.58E-06
60,29,3.57E-06
68,66,3.57E-06
60,73,3.56E-06
54,77,3.53E-06
68,23,3.52E-06
62,76,3.52E-06
35,71,3.51E-06
11,14,3.50E-06
19,60,3.50E-06
16,71,3.49E-06
61,63,3.49E-06
41,68,3.49E-06
55,57,3.48E-06
53,70,3.47E-06
78,46,3.47E-06
11,65,3.47E-06
60,51,3.46E-06
44,60,3.46E-06
33,16,3.46E-06
63,72,3.45E-06
37,76,3.45E-06
78,58,3.44E-06
32,14,3.42E-06
20,10,3.42E-06
71,32,3.41E-06
72,70,3.40E-06
64,32,3.40E-06
47,77,3.40E-06
65,46,3.39E-06
43,77,3.39E-06
32,65,3.39E-06
50,43,3.38E-06
70,61,3.38E-06
70,78,3.38E-06
57,44,3.37E-06
69,76,3.37E-06
65,58,3.36E-06
25,14,3.35E-06
55,72,3.32E-06
25,65,3.32E-06
8,47,3.32E-06
40,14,3.31E-06
8,25,3.29E-06
35,68,3.29E-06
29,14,3.29E-06
40,65,3.28E-06
70,64,3.28E-06
16,68,3.28E-06
46,36,3.28E-06
58,54,3.27E-06
29,65,3.26E-06
66,71,3.26E-06
54,81,3.24E-06
50,69,3.24E-06
71,62,3.22E-06
64,62,3.21E-06
51,14,3.21E-06
81,71,3.20E-06
36,54,3.18E-06
51,65,3.18E-06
53,43,3.17E-06
61,40,3.17E-06
22,16,3.15E-06
58,22,3.14E-06
12,13,3.13E-06
68,63,3.12E-06
47,81,3.11E-06
72,43,3.11E-06
43,81,3.11E-06
58,50,3.11E-06
26,60,3.11E-06
73,71,3.11E-06
60,36,3.09E-06
18,19,3.07E-06
36,22,3.06E-06
66,68,3.05E-06
76,53,3.05E-06
39,53,3.05E-06
15,14,3.04E-06
53,69,3.04E-06
70,57,3.03E-06
62,18,3.03E-06
36,50,3.03E-06
8,77,3.02E-06
15,65,3.01E-06
81,68,3.00E-06
9,71,2.98E-06
72,69,2.98E-06
50,47,2.97E-06
37,18,2.97E-06
11,19,2.96E-06
48,71,2.96E-06
46,70,2.96E-06
50,25,2.95E-06
58,46,2.95E-06
71,39,2.94E-06
64,39,2.93E-06
78,53,2.92E-06
58,58,2.92E-06
33,60,2.92E-06
73,68,2.92E-06
57,17,2.90E-06
69,18,2.90E-06
70,72,2.90E-06
32,19,2.89E-06
36,46,2.87E-06
71,26,2.86E-06
65,53,2.86E-06
64,26,2.86E-06
62,61,2.85E-06
62,78,2.85E-06
36,58,2.85E-06
54,54,2.84E-06
25,19,2.83E-06
68,40,2.83E-06
42,71,2.82E-06
61,32,2.82E-06
12,76,2.80E-06
40,19,2.80E-06
23,71,2.80E-06
9,68,2.80E-06
37,61,2.80E-06
37,78,2.79E-06
53,47,2.79E-06
60,70,2.79E-06
21,15,2.78E-06
29,19,2.78E-06
57,33,2.78E-06
48,68,2.78E-06
62,64,2.77E-06
53,25,2.77E-06
8,81,2.77E-06
19,13,2.75E-06
72,47,2.73E-06
47,54,2.73E-06
69,61,2.73E-06
54,22,2.73E-06
43,54,2.73E-06
69,78,2.73E-06
57,66,2.73E-06
44,13,2.72E-06
37,64,2.72E-06
72,25,2.71E-06
51,19,2.71E-06
50,77,2.71E-06
54,50,2.70E-06
46,43,2.70E-06
57,23,2.69E-06
49,71,2.69E-06
18,16,2.67E-06
22,60,2.66E-06
61,62,2.66E-06
31,15,2.66E-06
69,64,2.65E-06
71,29,2.65E-06
42,68,2.64E-06
64,29,2.64E-06
71,73,2.64E-06
64,73,2.63E-06
23,68,2.63E-06
47,22,2.63E-06
43,22,2.62E-06
27,15,2.61E-06
47,50,2.60E-06
43,50,2.60E-06
46,69,2.59E-06
11,16,2.58E-06
71,51,2.57E-06
15,19,2.57E-06
54,46,2.57E-06
64,51,2.56E-06
62,57,2.56E-06
60,43,2.55E-06
54,58,2.54E-06
53,77,2.54E-06
76,14,2.53E-06
21,10,2.52E-06
39,14,2.52E-06
49,68,2.52E-06
68,32,2.52E-06
32,16,2.52E-06
37,57,2.51E-06
76,65,2.50E-06
39,65,2.50E-06
56,71,2.50E-06
72,77,2.49E-06
58,53,2.49E-06
77,71,2.48E-06
50,81,2.48E-06
25,16,2.47E-06
47,46,2.47E-06
19,76,2.47E-06
43,46,2.46E-06
69,57,2.45E-06
26,13,2.45E-06
62,72,2.45E-06
47,58,2.44E-06
43,58,2.44E-06
40,16,2.44E-06
44,76,2.44E-06
60,69,2.44E-06
8,54,2.43E-06
61,39,2.43E-06
78,14,2.42E-06
29,16,2.42E-06
36,53,2.42E-06
12,18,2.41E-06
31,10,2.41E-06
78,65,2.40E-06
37,72,2.40E-06
57,63,2.39E-06
30,71,2.39E-06
68,62,2.38E-06
46,47,2.37E-06
65,14,2.37E-06
27,10,2.37E-06
61,26,2.37E-06
51,16,2.36E-06
46,25,2.36E-06
65,65,2.35E-06
56,68,2.34E-06
69,72,2.34E-06
8,22,2.33E-06
77,68,2.33E-06
53,81,2.33E-06
8,50,2.31E-06
33,13,2.30E-06
71,36,2.29E-06
64,36,2.29E-06
72,81,2.28E-06
63,71,2.28E-06
12,61,2.27E-06
12,78,2.27E-06
18,60,2.25E-06
30,68,2.24E-06
60,47,2.24E-06
15,16,2.24E-06
60,25,2.22E-06
12,64,2.21E-06
8,46,2.19E-06
26,76,2.19E-06
55,71,2.19E-06
61,29,2.19E-06
61,73,2.18E-06
50,54,2.18E-06
8,58,2.17E-06
11,60,2.17E-06
68,39,2.17E-06
57,40,2.17E-06
54,53,2.16E-06
46,77,2.16E-06
38,15,2.16E-06
76,19,2.14E-06
63,68,2.14E-06
39,19,2.13E-06
61,51,2.12E-06
32,60,2.12E-06
19,18,2.12E-06
68,26,2.12E-06
44,18,2.10E-06
50,22,2.09E-06
22,13,2.09E-06
25,60,2.08E-06
47,53,2.08E-06
43,53,2.08E-06
50,50,2.07E-06
71,70,2.07E-06
64,70,2.06E-06
58,14,2.06E-06
40,60,2.06E-06
33,76,2.06E-06
55,68,2.06E-06
78,19,2.05E-06
58,65,2.04E-06
29,60,2.04E-06
53,54,2.04E-06
12,57,2.04E-06
60,77,2.04E-06
36,14,2.01E-06
65,19,2.00E-06
72,54,2.00E-06
19,61,2.00E-06
19,78,2.00E-06
51,60,1.99E-06
36,65,1.99E-06
46,81,1.98E-06
44,61,1.98E-06
44,78,1.98E-06
50,46,1.97E-06
53,22,1.96E-06
68,29,1.96E-06
38,10,1.96E-06
68,73,1.95E-06
12,72,1.95E-06
50,58,1.95E-06
53,50,1.94E-06
19,64,1.94E-06
57,32,1.93E-06
72,22,1.92E-06
44,64,1.92E-06
70,71,1.91E-06
72,50,1.90E-06
68,51,1.90E-06
45,15,1.90E-06
61,36,1.89E-06
71,43,1.89E-06
15,60,1.89E-06
64,43,1.89E-06
26,18,1.89E-06
22,76,1.87E-06
60,81,1.87E-06
76,16,1.86E-06
39,16,1.86E-06
8,53,1.85E-06
53,46,1.84E-06
6,12,1.84E-06
53,58,1.83E-06
34,15,1.82E-06
57,62,1.82E-06
71,69,1.81E-06
72,46,1.81E-06
64,69,1.81E-06
19,57,1.79E-06
70,68,1.79E-06
54,14,1.79E-06
72,58,1.79E-06
78,16,1.78E-06
26,61,1.78E-06
54,65,1.78E-06
26,78,1.78E-06
44,57,1.77E-06
18,13,1.77E-06
33,18,1.77E-06
65,16,1.75E-06
58,19,1.74E-06
46,54,1.74E-06
26,64,1.73E-06
47,14,1.72E-06
43,14,1.72E-06
17,12,1.72E-06
45,10,1.72E-06
19,72,1.71E-06
11,13,1.71E-06
61,70,1.71E-06
47,65,1.71E-06
43,65,1.71E-06
28,15,1.70E-06
36,19,1.70E-06
44,72,1.70E-06
68,36,1.69E-06
46,22,1.67E-06
32,13,1.67E-06
33,61,1.67E-06
33,78,1.67E-06
71,47,1.66E-06
57,39,1.66E-06
64,47,1.66E-06
50,53,1.66E-06
46,50,1.65E-06
34,10,1.65E-06
71,25,1.65E-06
64,25,1.65E-06
60,54,1.64E-06
25,13,1.64E-06
33,64,1.62E-06
40,13,1.62E-06
57,26,1.62E-06
22,18,1.61E-06
62,71,1.61E-06
29,13,1.61E-06
26,57,1.60E-06
18,76,1.59E-06
37,71,1.58E-06
60,22,1.57E-06
46,46,1.57E-06
76,60,1.57E-06
39,60,1.57E-06
51,13,1.57E-06
61,43,1.56E-06
60,50,1.56E-06
46,58,1.56E-06
53,53,1.55E-06
28,10,1.54E-06
69,71,1.54E-06
11,76,1.53E-06
8,14,1.53E-06
52,15,1.53E-06
68,70,1.53E-06
72,53,1.52E-06
26,72,1.52E-06
22,61,1.52E-06
8,65,1.52E-06
58,16,1.52E-06
22,78,1.52E-06
54,19,1.52E-06
62,68,1.51E-06
71,77,1.51E-06
64,77,1.51E-06
78,60,1.51E-06
59,15,1.51E-06
33,57,1.50E-06
57,29,1.50E-06
32,76,1.50E-06
61,69,1.50E-06
57,73,1.49E-06
15,13,1.48E-06
37,68,1.48E-06
60,46,1.48E-06
36,16,1.48E-06
22,64,1.48E-06
65,60,1.47E-06
25,76,1.47E-06
60,58,1.47E-06
47,19,1.46E-06
43,19,1.46E-06
57,51,1.45E-06
40,76,1.45E-06
69,68,1.45E-06
29,76,1.44E-06
33,72,1.43E-06
51,76,1.40E-06
68,43,1.40E-06
52,10,1.39E-06
71,81,1.39E-06
64,81,1.38E-06
41,15,1.38E-06
50,14,1.37E-06
61,47,1.37E-06
18,18,1.37E-06
59,10,1.36E-06
22,57,1.36E-06
61,25,1.36E-06
50,65,1.36E-06
13,12,1.35E-06
14,12,1.34E-06
68,69,1.34E-06
15,76,1.33E-06
46,53,1.32E-06
54,16,1.32E-06
11,18,1.32E-06
22,72,1.30E-06
35,15,1.30E-06
8,19,1.30E-06
57,36,1.30E-06
16,15,1.29E-06
18,61,1.29E-06
32,18,1.29E-06
53,14,1.29E-06
18,78,1.29E-06
12,71,1.28E-06
58,60,1.28E-06
53,65,1.28E-06
47,16,1.27E-06
43,16,1.27E-06
25,18,1.26E-06
72,14,1.26E-06
18,64,1.25E-06
72,65,1.25E-06
61,77,1.25E-06
40,18,1.25E-06
41,10,1.25E-06
60,53,1.25E-06
36,60,1.25E-06
11,61,1.24E-06
11,78,1.24E-06
29,18,1.24E-06
76,13,1.24E-06
39,13,1.23E-06
68,47,1.23E-06
68,25,1.22E-06
71,54,1.22E-06
32,61,1.21E-06
64,54,1.21E-06
32,78,1.21E-06
51,18,1.21E-06
11,64,1.21E-06
66,15,1.21E-06
12,68,1.21E-06
25,61,1.19E-06
25,78,1.19E-06
81,15,1.19E-06
78,13,1.18E-06
32,64,1.18E-06
35,10,1.18E-06
40,61,1.18E-06
40,78,1.18E-06
16,10,1.17E-06
71,22,1.17E-06
57,70,1.17E-06
29,61,1.17E-06
64,22,1.17E-06
29,78,1.17E-06
50,19,1.16E-06
65,13,1.16E-06
71,50,1.16E-06
25,64,1.16E-06
18,57,1.16E-06
64,50,1.16E-06
73,15,1.15E-06
61,81,1.15E-06
15,18,1.14E-06
40,64,1.14E-06
51,61,1.14E-06
51,78,1.14E-06
29,64,1.13E-06
19,71,1.13E-06
8,16,1.13E-06
68,77,1.12E-06
44,71,1.12E-06
11,57,1.12E-06
54,60,1.11E-06
76,76,1.11E-06
51,64,1.11E-06
9,15,1.10E-06
39,76,1.10E-06
18,72,1.10E-06
71,46,1.10E-06
46,14,1.10E-06
64,46,1.10E-06
48,15,1.10E-06
66,10,1.09E-06
3,11,1.09E-06
53,19,1.09E-06
32,57,1.09E-06
71,58,1.09E-06
46,65,1.09E-06
64,58,1.09E-06
15,61,1.08E-06
15,78,1.08E-06
81,10,1.08E-06
47,60,1.07E-06
43,60,1.07E-06
57,43,1.07E-06
25,57,1.07E-06
72,19,1.07E-06
11,72,1.06E-06
78,76,1.06E-06
19,68,1.06E-06
40,57,1.06E-06
44,68,1.05E-06
15,64,1.05E-06
29,57,1.05E-06
73,10,1.04E-06
42,15,1.04E-06
32,72,1.04E-06
65,76,1.04E-06
23,15,1.04E-06
60,14,1.03E-06
68,81,1.03E-06
60,65,1.02E-06
57,69,1.02E-06
51,57,1.02E-06
25,72,1.02E-06
50,16,1.01E-06
40,72,1.01E-06
58,13,1.01E-06
61,54,1.00E-06
26,71,1.00E-06
9,10,1.00E-06
29,72,1.00E-06
49,15,9.96E-07
48,10,9.94E-07
24,12,9.91E-07
36,13,9.80E-07
51,72,9.76E-07
15,57,9.68E-07
61,22,9.66E-07
61,50,9.56E-07
76,18,9.53E-07
8,60,9.52E-07
39,18,9.51E-07
53,16,9.48E-07
42,10,9.46E-07
26,68,9.43E-07
33,71,9.43E-07
23,10,9.40E-07
57,47,9.39E-07
57,25,9.32E-07
72,16,9.30E-07
46,19,9.28E-07
71,53,9.26E-07
56,15,9.25E-07
15,72,9.25E-07
64,53,9.24E-07
77,15,9.20E-07
78,18,9.13E-07
61,46,9.08E-07
49,10,9.02E-07
58,76,9.02E-07
61,58,8.99E-07
68,54,8.99E-07
76,61,8.98E-07
76,78,8.96E-07
39,61,8.96E-07
39,78,8.95E-07
65,18,8.93E-07
20,12,8.88E-07
33,68,8.85E-07
30,15,8.84E-07
36,76,8.78E-07
54,13,8.76E-07
60,19,8.74E-07
76,64,8.72E-07
39,64,8.71E-07
68,22,8.64E-07
78,61,8.61E-07
78,78,8.59E-07
7,11,8.59E-07
22,71,8.59E-07
68,50,8.56E-07
57,77,8.54E-07
50,60,8.53E-07
63,15,8.44E-07
47,13,8.42E-07
65,61,8.42E-07
43,13,8.41E-07
65,78,8.41E-07
56,10,8.39E-07
78,64,8.36E-07
77,10,8.34E-07
65,64,8.18E-07
68,46,8.12E-07
55,15,8.12E-07
46,16,8.08E-07
22,68,8.06E-07
76,57,8.05E-07
68,58,8.05E-07
39,57,8.04E-07
30,10,8.02E-07
53,60,8.00E-07
54,76,7.85E-07
72,60,7.84E-07
57,81,7.84E-07
58,18,7.77E-07
78,57,7.72E-07
76,72,7.69E-07
39,72,7.68E-07
71,14,7.67E-07
64,14,7.66E-07
61,53,7.65E-07
63,10,7.65E-07
60,16,7.61E-07
71,65,7.61E-07
64,65,7.59E-07
36,18,7.56E-07
65,57,7.55E-07
47,76,7.54E-07
43,76,7.54E-07
8,13,7.49E-07
10,11,7.48E-07
78,72,7.38E-07
55,10,7.36E-07
58,61,7.32E-07
58,78,7.31E-07
18,71,7.28E-07
65,72,7.21E-07
36,61,7.13E-07
36,78,7.11E-07
58,64,7.11E-07
70,15,7.08E-07
11,71,7.02E-07
36,64,6.92E-07
57,54,6.87E-07
32,71,6.86E-07
68,53,6.85E-07
18,68,6.83E-07
46,60,6.81E-07
54,18,6.75E-07
25,71,6.72E-07
50,13,6.71E-07
8,76,6.71E-07
40,71,6.65E-07
57,22,6.61E-07
29,71,6.60E-07
11,68,6.59E-07
58,57,6.57E-07
21,12,6.56E-07
57,50,6.54E-07
47,18,6.49E-07
71,19,6.49E-07
43,18,6.49E-07
64,19,6.48E-07
32,68,6.44E-07
51,71,6.43E-07
60,60,6.42E-07
70,10,6.42E-07
36,57,6.39E-07
54,61,6.37E-07
54,78,6.36E-07
61,14,6.34E-07
25,68,6.31E-07
53,13,6.29E-07
61,65,6.28E-07
58,72,6.27E-07
31,12,6.26E-07
40,68,6.24E-07
57,46,6.21E-07
29,68,6.19E-07
54,64,6.18E-07
72,13,6.17E-07
27,12,6.16E-07
57,58,6.15E-07
47,61,6.12E-07
43,61,6.12E-07
47,78,6.11E-07
36,72,6.10E-07
43,78,6.10E-07
15,71,6.10E-07
51,68,6.04E-07
50,76,6.01E-07
62,15,5.97E-07
47,64,5.95E-07
43,64,5.94E-07
37,15,5.86E-07
8,18,5.77E-07
15,68,5.72E-07
69,15,5.72E-07
54,57,5.71E-07
68,14,5.67E-07
71,16,5.65E-07
64,16,5.64E-07
53,76,5.64E-07
68,65,5.62E-07
72,76,5.53E-07
47,57,5.49E-07
43,57,5.49E-07
54,72,5.45E-07
8,61,5.44E-07
8,78,5.43E-07
62,10,5.41E-07
61,19,5.36E-07
46,13,5.36E-07
37,10,5.31E-07
8,64,5.29E-07
47,72,5.24E-07
43,72,5.24E-07
57,53,5.23E-07
69,10,5.18E-07
50,18,5.17E-07
38,12,5.08E-07
76,71,5.07E-07
39,71,5.06E-07
60,13,5.05E-07
8,57,4.88E-07
50,61,4.88E-07
50,78,4.87E-07
78,71,4.86E-07
53,18,4.85E-07
46,76,4.80E-07
68,19,4.80E-07
71,60,4.77E-07
12,15,4.76E-07
76,68,4.76E-07
72,18,4.76E-07
64,60,4.76E-07
65,71,4.76E-07
39,68,4.75E-07
50,64,4.74E-07
61,16,4.67E-07
8,72,4.66E-07
53,61,4.58E-07
53,78,4.57E-07
78,68,4.56E-07
60,76,4.53E-07
72,61,4.49E-07
72,78,4.48E-07
45,12,4.47E-07
65,68,4.46E-07
53,64,4.44E-07
50,57,4.38E-07
72,64,4.36E-07
57,14,4.34E-07
12,10,4.32E-07
34,12,4.30E-07
57,65,4.30E-07
19,15,4.19E-07
50,72,4.18E-07
68,16,4.18E-07
44,15,4.14E-07
58,71,4.14E-07
46,18,4.13E-07
53,57,4.10E-07
36,71,4.02E-07
72,57,4.02E-07
28,12,4.01E-07
61,60,3.94E-07
53,72,3.92E-07
46,61,3.90E-07
60,18,3.89E-07
46,78,3.89E-07
58,68,3.88E-07
72,72,3.84E-07
19,10,3.80E-07
46,64,3.78E-07
36,68,3.78E-07
6,11,3.77E-07
44,10,3.75E-07
71,13,3.75E-07
64,13,3.74E-07
26,15,3.72E-07
3,9,3.69E-07
60,61,3.67E-07
57,19,3.67E-07
60,78,3.67E-07
52,12,3.61E-07
54,71,3.60E-07
60,64,3.57E-07
59,12,3.55E-07
17,11,3.53E-07
68,60,3.52E-07
46,57,3.50E-07
33,15,3.49E-07
47,71,3.46E-07
43,71,3.45E-07
54,68,3.37E-07
26,10,3.37E-07
71,76,3.36E-07
64,76,3.35E-07
46,72,3.34E-07
60,57,3.29E-07
47,68,3.24E-07
41,12,3.24E-07
43,68,3.24E-07
57,16,3.19E-07
22,15,3.18E-07
33,10,3.17E-07
60,72,3.15E-07
61,13,3.10E-07
8,71,3.07E-07
35,12,3.06E-07
16,12,3.05E-07
7,9,2.90E-07
71,18,2.89E-07
64,18,2.89E-07
8,68,2.89E-07
22,10,2.88E-07
66,12,2.84E-07
81,12,2.80E-07
61,76,2.78E-07
68,13,2.77E-07
13,11,2.77E-07
50,71,2.76E-07
14,11,2.75E-07
71,61,2.73E-07
71,78,2.72E-07
64,61,2.72E-07
64,78,2.72E-07
73,12,2.71E-07
18,15,2.70E-07
57,60,2.69E-07
71,64,2.65E-07
64,64,2.64E-07
9,12,2.60E-07
11,15,2.60E-07
50,68,2.59E-07
53,71,2.58E-07
48,12,2.58E-07
32,15,2.54E-07
72,71,2.53E-07
10,9,2.53E-07
25,15,2.49E-07
68,76,2.48E-07
40,15,2.46E-07
42,12,2.46E-07
71,57,2.45E-07
18,10,2.45E-07
29,15,2.44E-07
23,12,2.44E-07
64,57,2.44E-07
53,68,2.43E-07
61,18,2.39E-07
51,15,2.38E-07
72,68,2.38E-07
11,10,2.36E-07
49,12,2.35E-07
71,72,2.34E-07
64,72,2.33E-07
32,10,2.30E-07
15,15,2.26E-07
25,10,2.26E-07
61,61,2.25E-07
61,78,2.25E-07
40,10,2.23E-07
29,10,2.22E-07
46,71,2.20E-07
61,64,2.19E-07
56,12,2.18E-07
77,12,2.17E-07
51,10,2.16E-07
68,18,2.14E-07
57,13,2.12E-07
30,12,2.08E-07
60,71,2.07E-07
46,68,2.07E-07
15,10,2.05E-07
24,11,2.03E-07
61,57,2.02E-07
68,61,2.02E-07
68,78,2.01E-07
63,12,1.99E-07
68,64,1.96E-07
60,68,1.95E-07
61,72,1.93E-07
55,12,1.91E-07
57,76,1.90E-07
76,15,1.88E-07
39,15,1.88E-07
20,11,1.82E-07
68,57,1.81E-07
78,15,1.80E-07
65,15,1.76E-07
68,72,1.73E-07
76,10,1.70E-07
39,10,1.70E-07
70,12,1.67E-07
57,18,1.63E-07
78,10,1.63E-07
65,10,1.60E-07
57,61,1.54E-07
71,71,1.54E-07
57,78,1.54E-07
64,71,1.54E-07
58,15,1.53E-07
57,64,1.50E-07
36,15,1.49E-07
3,7,1.47E-07
71,68,1.45E-07
64,68,1.44E-07
62,12,1.41E-07
58,10,1.39E-07
57,57,1.38E-07
37,12,1.38E-07
36,10,1.35E-07
69,12,1.35E-07
21,11,1.35E-07
54,15,1.33E-07
57,72,1.32E-07
31,11,1.28E-07
47,15,1.28E-07
43,15,1.28E-07
6,9,1.27E-07
61,71,1.27E-07
27,11,1.26E-07
54,10,1.21E-07
61,68,1.19E-07
17,9,1.19E-07
47,10,1.16E-07
43,10,1.16E-07
7,7,1.16E-07
8,15,1.14E-07
68,71,1.14E-07
12,12,1.12E-07
68,68,1.07E-07
38,11,1.04E-07
8,10,1.03E-07
50,15,1.02E-07
10,7,1.01E-07
19,12,9.87E-08
44,12,9.76E-08
53,15,9.58E-08
72,15,9.39E-08
13,9,9.37E-08
14,9,9.30E-08
50,10,9.26E-08
45,11,9.17E-08
34,11,8.81E-08
26,12,8.77E-08
57,71,8.70E-08
53,10,8.68E-08
72,10,8.51E-08
33,12,8.23E-08
28,11,8.23E-08
57,68,8.17E-08
46,15,8.16E-08
60,15,7.69E-08
22,12,7.50E-08
52,11,7.40E-08
46,10,7.39E-08
59,11,7.27E-08
60,10,6.97E-08
24,9,6.87E-08
41,11,6.65E-08
18,12,6.36E-08
35,11,6.28E-08
16,11,6.26E-08
20,9,6.16E-08
11,12,6.13E-08
32,12,5.99E-08
25,12,5.87E-08
66,11,5.83E-08
40,12,5.81E-08
29,12,5.76E-08
81,11,5.73E-08
71,15,5.71E-08
64,15,5.69E-08
51,12,5.62E-08
73,11,5.57E-08
9,11,5.34E-08
15,12,5.32E-08
48,11,5.30E-08
71,10,5.17E-08
64,10,5.16E-08
6,7,5.07E-08
42,11,5.05E-08
23,11,5.01E-08
49,11,4.81E-08
17,7,4.75E-08
61,15,4.71E-08
21,9,4.55E-08
56,11,4.47E-08
77,11,4.45E-08
76,12,4.43E-08
39,12,4.42E-08
31,9,4.34E-08
30,11,4.27E-08
61,10,4.27E-08
27,9,4.27E-08
78,12,4.25E-08
68,15,4.22E-08
65,12,4.15E-08
63,11,4.08E-08
55,11,3.92E-08
68,10,3.82E-08
13,7,3.73E-08
14,7,3.70E-08
58,12,3.61E-08
38,9,3.53E-08
36,12,3.51E-08
70,11,3.42E-08
57,15,3.22E-08
54,12,3.14E-08
45,9,3.10E-08
47,12,3.02E-08
43,12,3.02E-08
34,9,2.98E-08
57,10,2.92E-08
62,11,2.89E-08
37,11,2.83E-08
28,9,2.78E-08
69,11,2.76E-08
24,7,2.74E-08
8,12,2.68E-08
52,9,2.50E-08
59,9,2.46E-08
20,7,2.45E-08
50,12,2.41E-08
12,11,2.30E-08
53,12,2.26E-08
41,9,2.25E-08
72,12,2.21E-08
35,9,2.13E-08
16,9,2.12E-08
19,11,2.02E-08
44,11,2.00E-08
66,9,1.97E-08
81,9,1.94E-08
46,12,1.92E-08
73,9,1.88E-08
21,7,1.81E-08
60,12,1.81E-08
9,9,1.81E-08
26,11,1.80E-08
48,9,1.79E-08
31,7,1.73E-08
42,9,1.71E-08
27,7,1.70E-08
23,9,1.69E-08
33,11,1.69E-08
49,9,1.63E-08
22,11,1.54E-08
56,9,1.51E-08
77,9,1.50E-08
30,9,1.45E-08
38,7,1.40E-08
63,9,1.38E-08
71,12,1.35E-08
64,12,1.34E-08
55,9,1.33E-08
18,11,1.30E-08
11,11,1.26E-08
45,7,1.23E-08
32,11,1.23E-08
25,11,1.20E-08
40,11,1.19E-08
34,7,1.19E-08
29,11,1.18E-08
70,9,1.16E-08
51,11,1.15E-08
61,12,1.11E-08
28,7,1.11E-08
15,11,1.09E-08
52,7,9.96E-09
68,12,9.94E-09
59,7,9.79E-09
62,9,9.76E-09
37,9,9.57E-09
69,9,9.34E-09
76,11,9.08E-09
39,11,9.07E-09
41,7,8.96E-09
78,11,8.71E-09
65,11,8.52E-09
35,7,8.46E-09
16,7,8.42E-09
66,7,7.85E-09
12,9,7.78E-09
81,7,7.72E-09
57,12,7.60E-09
73,7,7.50E-09
58,11,7.41E-09
3,8,7.24E-09
36,11,7.21E-09
9,7,7.19E-09
48,7,7.13E-09
19,9,6.84E-09
42,7,6.79E-09
44,9,6.77E-09
23,7,6.75E-09
49,7,6.48E-09
54,11,6.44E-09
47,11,6.19E-09
43,11,6.19E-09
26,9,6.08E-09
56,7,6.02E-09
77,7,5.99E-09
30,7,5.76E-09
33,9,5.71E-09
7,8,5.69E-09
8,11,5.51E-09
63,7,5.49E-09
55,7,5.28E-09
22,9,5.20E-09
3,6,4.99E-09
10,8,4.96E-09
50,11,4.93E-09
53,11,4.63E-09
70,7,4.61E-09
72,11,4.54E-09
18,9,4.41E-09
11,9,4.25E-09
32,9,4.15E-09
25,9,4.07E-09
40,9,4.03E-09
29,9,4.00E-09
46,11,3.94E-09
7,6,3.92E-09
51,9,3.90E-09
62,7,3.89E-09
37,7,3.81E-09
69,7,3.72E-09
60,11,3.71E-09
15,9,3.69E-09
10,6,3.42E-09
12,7,3.10E-09
76,9,3.07E-09
39,9,3.07E-09
78,9,2.95E-09
65,9,2.88E-09
71,11,2.76E-09
64,11,2.75E-09
19,7,2.72E-09
44,7,2.70E-09
58,9,2.50E-09
6,8,2.50E-09
36,9,2.44E-09
26,7,2.42E-09
17,8,2.34E-09
61,11,2.28E-09
33,7,2.27E-09
54,9,2.18E-09
47,9,2.09E-09
43,9,2.09E-09
22,7,2.07E-09
68,11,2.04E-09
8,9,1.86E-09
13,8,1.84E-09
14,8,1.82E-09
18,7,1.76E-09
6,6,1.72E-09
11,7,1.69E-09
50,9,1.67E-09
32,7,1.65E-09
25,7,1.62E-09
17,6,1.61E-09
40,7,1.60E-09
29,7,1.59E-09
53,9,1.57E-09
57,11,1.56E-09
51,7,1.55E-09
72,9,1.53E-09
15,7,1.47E-09
24,8,1.35E-09
46,9,1.33E-09
13,6,1.26E-09
60,9,1.26E-09
14,6,1.25E-09
76,7,1.22E-09
39,7,1.22E-09
20,8,1.21E-09
78,7,1.17E-09
65,7,1.15E-09
58,7,9.97E-10
36,7,9.71E-10
71,9,9.33E-10
64,9,9.31E-10
24,6,9.27E-10
21,8,8.92E-10
54,7,8.67E-10
31,8,8.51E-10
27,8,8.38E-10
47,7,8.34E-10
43,7,8.33E-10
20,6,8.31E-10
61,9,7.70E-10
8,7,7.41E-10
38,8,6.91E-10
68,9,6.89E-10
50,7,6.64E-10
53,7,6.23E-10
21,6,6.14E-10
72,7,6.11E-10
45,8,6.08E-10
31,6,5.85E-10
34,8,5.84E-10
27,6,5.76E-10
28,8,5.46E-10
46,7,5.31E-10
57,9,5.27E-10
60,7,5.00E-10
52,8,4.91E-10
59,8,4.82E-10
38,6,4.76E-10
41,8,4.41E-10
45,6,4.18E-10
35,8,4.17E-10
16,8,4.15E-10
34,6,4.02E-10
66,8,3.87E-10
81,8,3.80E-10
28,6,3.75E-10
71,7,3.71E-10
64,7,3.70E-10
73,8,3.69E-10
9,8,3.54E-10
48,8,3.51E-10
52,6,3.38E-10
42,8,3.35E-10
23,8,3.32E-10
59,6,3.32E-10
49,8,3.19E-10
61,7,3.07E-10
41,6,3.04E-10
56,8,2.97E-10
77,8,2.95E-10
35,6,2.87E-10
16,6,2.85E-10
30,8,2.83E-10
68,7,2.75E-10
63,8,2.70E-10
66,6,2.66E-10
81,6,2.62E-10
55,8,2.60E-10
73,6,2.54E-10
9,6,2.44E-10
48,6,2.42E-10
42,6,2.30E-10
23,6,2.29E-10
70,8,2.27E-10
49,6,2.20E-10
57,7,2.10E-10
56,6,2.04E-10
77,6,2.03E-10
30,6,1.95E-10
62,8,1.91E-10
37,8,1.88E-10
63,6,1.86E-10
69,8,1.83E-10
55,6,1.79E-10
70,6,1.56E-10
12,8,1.53E-10
19,8,1.34E-10
44,8,1.33E-10
62,6,1.32E-10
37,6,1.29E-10
69,6,1.26E-10
26,8,1.19E-10
33,8,1.12E-10
12,6,1.05E-10
22,8,1.02E-10
19,6,9.23E-11
44,6,9.13E-11
18,8,8.65E-11
11,8,8.34E-11
26,6,8.21E-11
32,8,8.14E-11
25,8,7.98E-11
40,8,7.90E-11
29,8,7.83E-11
33,6,7.70E-11
51,8,7.64E-11
15,8,7.24E-11
22,6,7.02E-11
76,8,6.02E-11
39,8,6.01E-11
18,6,5.95E-11
78,8,5.77E-11
11,6,5.74E-11
65,8,5.65E-11
32,6,5.60E-11
25,6,5.50E-11
40,6,5.43E-11
29,6,5.39E-11
51,6,5.26E-11
15,6,4.98E-11
58,8,4.91E-11
36,8,4.78E-11
54,8,4.27E-11
76,6,4.15E-11
39,6,4.14E-11
47,8,4.11E-11
43,8,4.10E-11
78,6,3.97E-11
65,6,3.89E-11
8,8,3.65E-11
58,6,3.38E-11
36,6,3.29E-11
50,8,3.27E-11
53,8,3.07E-11
72,8,3.01E-11
54,6,2.94E-11
47,6,2.83E-11
43,6,2.82E-11
46,8,2.61E-11
8,6,2.51E-11
60,8,2.46E-11
50,6,2.25E-11
53,6,2.11E-11
72,6,2.07E-11
71,8,1.83E-11
64,8,1.82E-11
46,6,1.80E-11
60,6,1.69E-11
61,8,1.51E-11
68,8,1.35E-11
71,6,1.26E-11
64,6,1.26E-11
61,6,1.04E-11
57,8,1.03E-11
68,6,9.30E-12
57,6,7.11E-12
3,3,9.34E-15
7,3,7.34E-15
10,3,6.40E-15
6,3,3.22E-15
17,3,3.01E-15
13,3,2.37E-15
14,3,2.35E-15
24,3,1.74E-15
20,3,1.56E-15
21,3,1.15E-15
31,3,1.10E-15
27,3,1.08E-15
38,3,8.91E-16
45,3,7.84E-16
34,3,7.53E-16
28,3,7.03E-16
52,3,6.32E-16
59,3,6.22E-16
41,3,5.69E-16
35,3,5.37E-16
16,3,5.35E-16
66,3,4.98E-16
81,3,4.90E-16
73,3,4.76E-16
9,3,4.56E-16
48,3,4.53E-16
42,3,4.31E-16
23,3,4.28E-16
49,3,4.11E-16
56,3,3.82E-16
77,3,3.80E-16
30,3,3.65E-16
63,3,3.49E-16
55,3,3.35E-16
70,3,2.92E-16
62,3,2.47E-16
37,3,2.42E-16
69,3,2.36E-16
12,3,1.97E-16
19,3,1.73E-16
44,3,1.71E-16
26,3,1.54E-16
33,3,1.44E-16
22,3,1.31E-16
18,3,1.11E-16
11,3,1.07E-16
32,3,1.05E-16
25,3,1.03E-16
40,3,1.02E-16
29,3,1.01E-16
51,3,9.85E-17
15,3,9.33E-17
76,3,7.76E-17
39,3,7.75E-17
78,3,7.44E-17
65,3,7.28E-17
58,3,6.33E-17
36,3,6.16E-17
54,3,5.50E-17
47,3,5.29E-17
43,3,5.29E-17
8,3,4.71E-17
50,3,4.22E-17
53,3,3.96E-17
72,3,3.88E-17
46,3,3.37E-17
60,3,3.17E-17
71,3,2.36E-17
64,3,2.35E-17
61,3,1.95E-17
68,3,1.74E-17
57,3,1.33E-17
